pair_sequence,stage,block,included_in_analysis,phase_position,cohort,repetition,pair_order,encrypt_wall_ms,encrypt_reported_ms,a28_http_wall_ms,a28_server_ms,a28_pbs,a28_output_gallery_size,a28_decrypt_wall_ms,a28_decrypt_reported_ms,a29_http_wall_ms,a29_server_ms,a29_pbs,a29_output_gallery_size,a29_decrypt_wall_ms,a29_decrypt_reported_ms,same_exact_result,both_match_clear_oracle,semantic_discrepancy,server_ratio_a29_over_a28,server_reduction_fraction,http_ratio_a29_over_a28
0,initial,0,False,0,tuning_impostor,0,A28_A29,5.319,0.36,7579.414,7579.0,5600,127,5.197,,6989.733,6989.3,4965,127,3.999,,True,True,False,0.9221929014381844,0.07780709856181556,0.9221996581793791
1,initial,0,True,0,extended_holdout_non_tuning_impostor,0,A28_A29,4.494,0.36,7470.922,7470.5,5600,127,4.039,,6940.379,6939.9,4965,127,3.603,,True,True,False,0.9289739642594204,0.07102603574057964,0.9289856057926987
2,initial,0,True,1,tuning_impostor,1,A28_A29,4.785,0.39,7801.0,7800.5,5600,127,3.767,,6731.439,6730.9,4965,127,3.654,,True,True,False,0.8628805845779116,0.1371194154220884,0.862894372516344
3,initial,0,True,2,primary_test_impostor,0,A29_A28,4.689,0.34,7454.592,7454.1,5600,127,3.707,,6826.901,6826.4,4965,127,3.472,,True,True,False,0.9157913094806884,0.08420869051931157,0.9157980745290957
4,initial,0,True,3,tuning_impostor,0,A29_A28,4.28,0.34,7337.061,7336.1,5600,127,3.816,,6727.73,6726.2,4965,127,3.557,,True,True,False,0.9168631834353402,0.08313681656465977,0.9169516240903545
5,initial,0,True,4,tuning_impostor,1,A28_A29,4.22,0.33,7424.476,7423.9,5600,127,3.942,,6815.086,6813.3,4965,127,3.715,,True,True,False,0.9177521248939238,0.08224787510607623,0.9179214802499194
6,initial,0,True,5,tuning_impostor,0,A28_A29,4.131,0.33,8005.7,8004.2,5600,127,3.716,,8328.433,8327.9,4965,127,3.677,,True,True,False,1.0404412683341246,-0.04044126833412465,1.0403129020572843
7,initial,0,True,6,tuning_impostor,0,A29_A28,4.033,0.35,7760.468,7759.9,5600,127,3.957,,7911.322,7910.6,4965,127,5.15,,True,True,False,1.0194203533550692,-0.019420353355069198,1.0194387761150487
8,initial,0,True,7,tuning_impostor,1,A29_A28,4.196,0.35,7400.162,7399.6,5600,127,3.73,,6890.19,6888.5,4965,127,3.64,,True,True,False,0.9309286988485863,0.06907130115141369,0.9310863735145257
9,initial,0,True,8,primary_test_impostor,1,A28_A29,4.072,0.33,7631.311,7630.8,5600,127,3.542,,6856.648,6856.1,4965,127,3.476,,True,True,False,0.8984772238821618,0.10152277611783822,0.8984888703919943
10,initial,0,True,9,extended_holdout_non_tuning_impostor,1,A29_A28,4.107,0.33,7416.382,7415.9,5600,127,3.689,,6929.902,6929.4,4965,127,3.718,,True,True,False,0.9343977130220202,0.06560228697797976,0.9344046733299337
