job,block,n,category,arm,tfhe_key,sequence,phase,expected_id,query_seconds,decoded_id,input_index,absolute_error,max_other_slots,decryption_seconds,encryption_seconds,stage_score_seconds,stage_layout_seconds,stage_comparison_seconds,stage_product_seconds,stage_output_seconds
01-block1-n64-tfhe-before,1,64,aligned,tfhe-before,1,0,warmup,64,1.424317917,64,9,,,,,,,,,
01-block1-n64-tfhe-before,1,64,general,tfhe-before,1,1,warmup,64,1.510425792,64,15,,,,,,,,,
01-block1-n64-tfhe-before,1,64,mixed,tfhe-before,1,2,warmup,64,1.560227375,64,21,,,,,,,,,
01-block1-n64-tfhe-before,1,64,aligned,tfhe-before,1,3,measured,64,1.495348875,64,11,,,,,,,,,
01-block1-n64-tfhe-before,1,64,general,tfhe-before,1,4,measured,64,1.520751417,64,17,,,,,,,,,
01-block1-n64-tfhe-before,1,64,mixed,tfhe-before,1,5,measured,64,1.5965785,64,23,,,,,,,,,
01-block1-n64-tfhe-before,1,64,aligned,tfhe-before,1,6,measured,64,1.4270345,64,12,,,,,,,,,
01-block1-n64-tfhe-before,1,64,general,tfhe-before,1,7,measured,64,1.45024725,64,18,,,,,,,,,
01-block1-n64-tfhe-before,1,64,mixed,tfhe-before,1,8,measured,64,1.57972325,64,24,,,,,,,,,
01-block1-n64-tfhe-before,1,64,aligned,tfhe-before,1,9,measured,64,1.525129375,64,13,,,,,,,,,
01-block1-n64-tfhe-before,1,64,general,tfhe-before,1,10,measured,64,1.466086083,64,19,,,,,,,,,
01-block1-n64-tfhe-before,1,64,mixed,tfhe-before,1,11,measured,64,1.733946833,64,25,,,,,,,,,
02-block1-n64-ckks,1,64,aligned,ckks,1,0,warmup,64,3.250344042,64,,0.0013098064779200058,8.382158041918818e-06,0.008517291,0.086783125,0.71551275,0.876774084,1.468552833,0.11175125,0.077750208
02-block1-n64-ckks,1,64,general,ckks,1,1,warmup,64,3.226275167,64,,0.0005422686676155308,2.3194743108526518e-05,0.007916875,0.078761375,0.714620792,0.844453792,1.47273825,0.1117135,0.082748375
02-block1-n64-ckks,1,64,mixed,ckks,1,2,warmup,64,3.155178125,64,,4.7927770765454625e-06,5.666975362362246e-06,0.0078755,0.079002209,0.668861625,0.844242875,1.454321084,0.110753083,0.076999167
02-block1-n64-ckks,1,64,aligned,ckks,1,3,measured,64,3.199587625,64,,0.0002295702993748705,1.4539995556709383e-05,0.008417125,0.078958833,0.731910291,0.842629042,1.437878916,0.110479334,0.076689833
02-block1-n64-ckks,1,64,general,ckks,1,4,measured,64,3.190542416,64,,0.0009598670307866541,2.4580087986500977e-05,0.007332125,0.07758725,0.68555175,0.84381,1.473437875,0.111207583,0.076534834
02-block1-n64-ckks,1,64,mixed,ckks,1,5,measured,64,3.167308125,64,,0.0005191015403767096,1.1631117907226464e-05,0.00787825,0.078406083,0.666715708,0.844179333,1.470874292,0.110123166,0.075415458
02-block1-n64-ckks,1,64,aligned,ckks,1,6,measured,64,3.124235708,64,,0.00017721246271662494,4.42333549701348e-06,0.00762325,0.078794375,0.663535583,0.840460666,1.433735334,0.110242917,0.076260959
02-block1-n64-ckks,1,64,general,ckks,1,7,measured,64,3.224070917,64,,0.0002846621372327718,4.042330671277066e-05,0.0065965,0.07914275,0.663820917,0.850653334,1.515899459,0.1148105,0.078886542
02-block1-n64-ckks,1,64,mixed,ckks,1,8,measured,64,3.166506666,64,,0.0010047446623673295,9.101591229987975e-06,0.008120583,0.078749625,0.672741041,0.843227875,1.461156375,0.112416875,0.076963917
02-block1-n64-ckks,1,64,aligned,ckks,1,9,measured,64,3.144882416,64,,0.00018989527140433893,1.5429461060713833e-05,0.007876167,0.077648,0.665181291,0.840767959,1.451225875,0.111388,0.076318834
02-block1-n64-ckks,1,64,general,ckks,1,10,measured,64,3.224650416,64,,0.0013692197793915284,1.6543711739252267e-06,0.006616708,0.078110792,0.665257208,0.859807708,1.508681042,0.112315667,0.078588666
02-block1-n64-ckks,1,64,mixed,ckks,1,11,measured,64,3.155223625,64,,0.0010397549624485691,5.820715200446116e-06,0.007214083,0.077026958,0.659713709,0.840215167,1.462426125,0.11406475,0.078803583
03-block1-n64-tfhe-after,1,64,aligned,tfhe-after,1,0,warmup,64,1.424770375,64,9,,,,,,,,,
03-block1-n64-tfhe-after,1,64,general,tfhe-after,1,1,warmup,64,1.413494208,64,15,,,,,,,,,
03-block1-n64-tfhe-after,1,64,mixed,tfhe-after,1,2,warmup,64,1.517009292,64,21,,,,,,,,,
03-block1-n64-tfhe-after,1,64,aligned,tfhe-after,1,3,measured,64,1.419744791,64,11,,,,,,,,,
03-block1-n64-tfhe-after,1,64,general,tfhe-after,1,4,measured,64,1.410948167,64,17,,,,,,,,,
03-block1-n64-tfhe-after,1,64,mixed,tfhe-after,1,5,measured,64,1.532310292,64,23,,,,,,,,,
03-block1-n64-tfhe-after,1,64,aligned,tfhe-after,1,6,measured,64,1.528629917,64,12,,,,,,,,,
03-block1-n64-tfhe-after,1,64,general,tfhe-after,1,7,measured,64,1.516816042,64,18,,,,,,,,,
03-block1-n64-tfhe-after,1,64,mixed,tfhe-after,1,8,measured,64,1.600383,64,24,,,,,,,,,
03-block1-n64-tfhe-after,1,64,aligned,tfhe-after,1,9,measured,64,1.458532042,64,13,,,,,,,,,
03-block1-n64-tfhe-after,1,64,general,tfhe-after,1,10,measured,64,1.605112208,64,19,,,,,,,,,
03-block1-n64-tfhe-after,1,64,mixed,tfhe-after,1,11,measured,64,1.706128375,64,25,,,,,,,,,
04-block1-n128-tfhe-before,1,128,mixed,tfhe-before,1,0,warmup,128,2.814046541,128,39,,,,,,,,,
04-block1-n128-tfhe-before,1,128,general,tfhe-before,1,1,warmup,128,2.652244209,128,33,,,,,,,,,
04-block1-n128-tfhe-before,1,128,aligned,tfhe-before,1,2,warmup,128,2.66272625,128,27,,,,,,,,,
04-block1-n128-tfhe-before,1,128,mixed,tfhe-before,1,3,measured,128,2.789311375,128,41,,,,,,,,,
04-block1-n128-tfhe-before,1,128,general,tfhe-before,1,4,measured,128,2.648641292,128,35,,,,,,,,,
04-block1-n128-tfhe-before,1,128,aligned,tfhe-before,1,5,measured,128,2.538346209,128,29,,,,,,,,,
04-block1-n128-tfhe-before,1,128,mixed,tfhe-before,1,6,measured,128,2.717125834,128,42,,,,,,,,,
04-block1-n128-tfhe-before,1,128,general,tfhe-before,1,7,measured,128,2.528561584,128,36,,,,,,,,,
04-block1-n128-tfhe-before,1,128,aligned,tfhe-before,1,8,measured,128,2.587374166,128,30,,,,,,,,,
04-block1-n128-tfhe-before,1,128,mixed,tfhe-before,1,9,measured,128,2.763005625,128,43,,,,,,,,,
04-block1-n128-tfhe-before,1,128,general,tfhe-before,1,10,measured,128,2.639153667,128,37,,,,,,,,,
04-block1-n128-tfhe-before,1,128,aligned,tfhe-before,1,11,measured,128,2.611328542,128,31,,,,,,,,,
05-block1-n128-ckks,1,128,mixed,ckks,1,0,warmup,128,3.348907917,128,,0.003472496509289158,2.4799068853329604e-05,0.009379084,0.089974125,0.548078792,1.037474292,1.537238709,0.136724125,0.089391709
05-block1-n128-ckks,1,128,general,ckks,1,1,warmup,128,3.306537375,128,,0.001055909562367674,1.4974627400332482e-05,0.009958583,0.081720916,0.53194475,1.025422875,1.523065917,0.136161208,0.08994225
05-block1-n128-ckks,1,128,aligned,ckks,1,2,warmup,128,3.297670542,128,,0.0025463854104827988,6.358245157972038e-05,0.009681959,0.080129417,0.525638625,1.017512291,1.526986583,0.138525625,0.089006917
05-block1-n128-ckks,1,128,mixed,ckks,1,3,measured,128,3.354128208,128,,0.003227545979456181,5.611936111889135e-05,0.00971575,0.080159875,0.529459708,1.038165917,1.555823792,0.137095708,0.093582833
05-block1-n128-ckks,1,128,general,ckks,1,4,measured,128,3.41090025,128,,0.0012672666410935562,6.203674629968745e-05,0.011958875,0.080610709,0.538233333,1.033449416,1.6145735,0.136951,0.087692625
05-block1-n128-ckks,1,128,aligned,ckks,1,5,measured,128,3.397948792,128,,0.0026170395427129733,1.507022825194829e-05,0.009401458,0.084469208,0.548883333,1.069491125,1.550508833,0.135475708,0.09358925
05-block1-n128-ckks,1,128,mixed,ckks,1,6,measured,128,3.381492834,128,,0.0021136238124199735,1.9952939664299585e-05,0.008246792,0.0828125,0.528753834,1.085422583,1.541597625,0.136574166,0.089144042
05-block1-n128-ckks,1,128,general,ckks,1,7,measured,128,3.355439166,128,,0.0010879877443699115,1.688364644582182e-05,0.009652125,0.081944542,0.523604583,1.067480208,1.536610167,0.138260542,0.089483375
05-block1-n128-ckks,1,128,aligned,ckks,1,8,measured,128,3.284354583,128,,0.004328109032087468,1.4615629538534316e-05,0.0099675,0.079563583,0.525084083,1.010225584,1.518176084,0.139868625,0.090999875
05-block1-n128-ckks,1,128,mixed,ckks,1,9,measured,128,3.507565334,128,,0.00294691374216427,4.719808762621084e-05,0.008765458,0.083447459,0.55613125,1.08568575,1.630119166,0.143271792,0.092357
05-block1-n128-ckks,1,128,general,ckks,1,10,measured,128,3.593853792,128,,0.004688499021824555,1.6320733204290596e-05,0.011742042,0.079788959,0.60720075,1.154601291,1.59346775,0.145275041,0.093299875
05-block1-n128-ckks,1,128,aligned,ckks,1,11,measured,128,3.53110825,128,,0.000399883803765988,3.871702867819209e-05,0.013183292,0.084756458,0.671947333,1.081309333,1.55252275,0.134969167,0.090359333
06-block1-n128-tfhe-after,1,128,mixed,tfhe-after,1,0,warmup,128,2.797005458,128,39,,,,,,,,,
06-block1-n128-tfhe-after,1,128,general,tfhe-after,1,1,warmup,128,2.529759167,128,33,,,,,,,,,
06-block1-n128-tfhe-after,1,128,aligned,tfhe-after,1,2,warmup,128,2.529499583,128,27,,,,,,,,,
06-block1-n128-tfhe-after,1,128,mixed,tfhe-after,1,3,measured,128,2.719260292,128,41,,,,,,,,,
06-block1-n128-tfhe-after,1,128,general,tfhe-after,1,4,measured,128,2.529926625,128,35,,,,,,,,,
06-block1-n128-tfhe-after,1,128,aligned,tfhe-after,1,5,measured,128,2.7085255,128,29,,,,,,,,,
06-block1-n128-tfhe-after,1,128,mixed,tfhe-after,1,6,measured,128,3.019594167,128,42,,,,,,,,,
06-block1-n128-tfhe-after,1,128,general,tfhe-after,1,7,measured,128,2.568610084,128,36,,,,,,,,,
06-block1-n128-tfhe-after,1,128,aligned,tfhe-after,1,8,measured,128,2.651705708,128,30,,,,,,,,,
06-block1-n128-tfhe-after,1,128,mixed,tfhe-after,1,9,measured,128,2.781395875,128,43,,,,,,,,,
06-block1-n128-tfhe-after,1,128,general,tfhe-after,1,10,measured,128,2.869519792,128,37,,,,,,,,,
06-block1-n128-tfhe-after,1,128,aligned,tfhe-after,1,11,measured,128,2.612390708,128,31,,,,,,,,,
07-block2-n128-tfhe-before,2,128,aligned,tfhe-before,2,0,warmup,128,2.602402167,128,27,,,,,,,,,
07-block2-n128-tfhe-before,2,128,general,tfhe-before,2,1,warmup,128,2.530884959,128,33,,,,,,,,,
07-block2-n128-tfhe-before,2,128,mixed,tfhe-before,2,2,warmup,128,2.906668,128,39,,,,,,,,,
07-block2-n128-tfhe-before,2,128,aligned,tfhe-before,2,3,measured,128,2.624087667,128,29,,,,,,,,,
07-block2-n128-tfhe-before,2,128,general,tfhe-before,2,4,measured,128,2.653214208,128,35,,,,,,,,,
07-block2-n128-tfhe-before,2,128,mixed,tfhe-before,2,5,measured,128,2.8366155,128,41,,,,,,,,,
07-block2-n128-tfhe-before,2,128,aligned,tfhe-before,2,6,measured,128,2.609564375,128,30,,,,,,,,,
07-block2-n128-tfhe-before,2,128,general,tfhe-before,2,7,measured,128,2.729414625,128,36,,,,,,,,,
07-block2-n128-tfhe-before,2,128,mixed,tfhe-before,2,8,measured,128,2.764790917,128,42,,,,,,,,,
07-block2-n128-tfhe-before,2,128,aligned,tfhe-before,2,9,measured,128,2.655558625,128,31,,,,,,,,,
07-block2-n128-tfhe-before,2,128,general,tfhe-before,2,10,measured,128,2.634734959,128,37,,,,,,,,,
07-block2-n128-tfhe-before,2,128,mixed,tfhe-before,2,11,measured,128,2.848974083,128,43,,,,,,,,,
08-block2-n128-ckks,2,128,aligned,ckks,2,0,warmup,128,3.3188245,128,,0.0007521062657076527,2.2129717597033933e-05,0.010371875,0.081858416,0.544785,1.02727825,1.515700417,0.139698333,0.091362
08-block2-n128-ckks,2,128,general,ckks,2,1,warmup,128,3.316444334,128,,0.0038900711226688145,0.00010460336543746515,0.0103,0.0772665,0.524795834,1.008088417,1.553086667,0.139861709,0.0906115
08-block2-n128-ckks,2,128,mixed,ckks,2,2,warmup,128,3.300213125,128,,0.0021174300081270303,5.527036284565211e-05,0.00841725,0.075970541,0.531817834,1.010367792,1.52944,0.139607792,0.088979209
08-block2-n128-ckks,2,128,aligned,ckks,2,3,measured,128,3.337283667,128,,0.004648910603918921,1.4188144781003679e-05,0.010608625,0.076853459,0.5227315,1.025222667,1.555773417,0.143135584,0.09042
08-block2-n128-ckks,2,128,general,ckks,2,4,measured,128,3.4715725,128,,0.002165084443475962,1.5522587061980468e-05,0.010000625,0.0760135,0.533750083,1.117119875,1.551750667,0.172978791,0.095972708
08-block2-n128-ckks,2,128,mixed,ckks,2,5,measured,128,3.348498792,128,,0.001201217611736638,2.4945630460541936e-05,0.009171,0.081291583,0.554961709,1.039411459,1.524577875,0.139602292,0.089945
08-block2-n128-ckks,2,128,aligned,ckks,2,6,measured,128,3.390905917,128,,0.001924568097251722,1.6402251733252776e-05,0.009587833,0.076389167,0.54771375,1.032497041,1.56357175,0.150025917,0.097097167
08-block2-n128-ckks,2,128,general,ckks,2,7,measured,128,3.418063083,128,,0.005258025276873468,4.356538226868467e-05,0.009742542,0.084890625,0.548513333,1.093679625,1.5440335,0.141680542,0.090155792
08-block2-n128-ckks,2,128,mixed,ckks,2,8,measured,128,3.288090916,128,,0.002165287154411999,5.1307111605968664e-05,0.009130459,0.076209125,0.530614208,1.012543833,1.505968083,0.144645958,0.094318541
08-block2-n128-ckks,2,128,aligned,ckks,2,9,measured,128,3.32749175,128,,0.0024883151704813145,2.0599155195464997e-05,0.008856833,0.078555459,0.526291833,1.019354666,1.550153833,0.142420542,0.089270458
08-block2-n128-ckks,2,128,general,ckks,2,10,measured,128,3.306176875,128,,0.0018719130854947252,4.2157408603337996e-05,0.008701083,0.075920042,0.526121542,1.021257458,1.526424083,0.139317833,0.093055583
08-block2-n128-ckks,2,128,mixed,ckks,2,11,measured,128,3.270814667,128,,0.002218484223590167,2.6642422362301363e-05,0.009233375,0.081468833,0.529252958,1.015343625,1.494103,0.138763083,0.093351583
09-block2-n128-tfhe-after,2,128,aligned,tfhe-after,2,0,warmup,128,2.844319708,128,27,,,,,,,,,
09-block2-n128-tfhe-after,2,128,general,tfhe-after,2,1,warmup,128,2.560172584,128,33,,,,,,,,,
09-block2-n128-tfhe-after,2,128,mixed,tfhe-after,2,2,warmup,128,3.1548615,128,39,,,,,,,,,
09-block2-n128-tfhe-after,2,128,aligned,tfhe-after,2,3,measured,128,2.693139291,128,29,,,,,,,,,
09-block2-n128-tfhe-after,2,128,general,tfhe-after,2,4,measured,128,2.585630625,128,35,,,,,,,,,
09-block2-n128-tfhe-after,2,128,mixed,tfhe-after,2,5,measured,128,2.680815042,128,41,,,,,,,,,
09-block2-n128-tfhe-after,2,128,aligned,tfhe-after,2,6,measured,128,2.787037792,128,30,,,,,,,,,
09-block2-n128-tfhe-after,2,128,general,tfhe-after,2,7,measured,128,2.645364583,128,36,,,,,,,,,
09-block2-n128-tfhe-after,2,128,mixed,tfhe-after,2,8,measured,128,3.039397667,128,42,,,,,,,,,
09-block2-n128-tfhe-after,2,128,aligned,tfhe-after,2,9,measured,128,2.870331,128,31,,,,,,,,,
09-block2-n128-tfhe-after,2,128,general,tfhe-after,2,10,measured,128,2.709496583,128,37,,,,,,,,,
09-block2-n128-tfhe-after,2,128,mixed,tfhe-after,2,11,measured,128,3.09964175,128,43,,,,,,,,,
10-block2-n64-tfhe-before,2,64,mixed,tfhe-before,2,0,warmup,64,1.62444775,64,21,,,,,,,,,
10-block2-n64-tfhe-before,2,64,general,tfhe-before,2,1,warmup,64,1.510468375,64,15,,,,,,,,,
10-block2-n64-tfhe-before,2,64,aligned,tfhe-before,2,2,warmup,64,1.462743333,64,9,,,,,,,,,
10-block2-n64-tfhe-before,2,64,mixed,tfhe-before,2,3,measured,64,1.622028375,64,23,,,,,,,,,
10-block2-n64-tfhe-before,2,64,general,tfhe-before,2,4,measured,64,1.43519125,64,17,,,,,,,,,
10-block2-n64-tfhe-before,2,64,aligned,tfhe-before,2,5,measured,64,1.528072084,64,11,,,,,,,,,
10-block2-n64-tfhe-before,2,64,mixed,tfhe-before,2,6,measured,64,1.631987584,64,24,,,,,,,,,
10-block2-n64-tfhe-before,2,64,general,tfhe-before,2,7,measured,64,1.547062291,64,18,,,,,,,,,
10-block2-n64-tfhe-before,2,64,aligned,tfhe-before,2,8,measured,64,1.422202,64,12,,,,,,,,,
10-block2-n64-tfhe-before,2,64,mixed,tfhe-before,2,9,measured,64,1.589191042,64,25,,,,,,,,,
10-block2-n64-tfhe-before,2,64,general,tfhe-before,2,10,measured,64,1.529534458,64,19,,,,,,,,,
10-block2-n64-tfhe-before,2,64,aligned,tfhe-before,2,11,measured,64,1.463360958,64,13,,,,,,,,,
11-block2-n64-ckks,2,64,mixed,ckks,2,0,warmup,64,3.147509667,64,,0.0002465990369131532,1.3571442650652297e-05,0.011128375,0.085601084,0.729676292,0.839860666,1.390804958,0.110204875,0.076962542
11-block2-n64-ckks,2,64,general,ckks,2,1,warmup,64,3.033254334,64,,9.170230765676024e-05,1.1728264096121293e-05,0.010781125,0.07362475,0.649850334,0.811765333,1.38703375,0.110085,0.074519542
11-block2-n64-ckks,2,64,aligned,ckks,2,2,warmup,64,3.061341708,64,,0.0006430666149981334,1.4530162464810991e-05,0.008809209,0.076072667,0.640808083,0.801441042,1.427065291,0.114339625,0.077687458
11-block2-n64-ckks,2,64,mixed,ckks,2,3,measured,64,3.094090541,64,,0.0003436124478639613,3.3319677219626755e-06,0.007051625,0.076141125,0.656527083,0.804863583,1.430602,0.120409125,0.081688375
11-block2-n64-ckks,2,64,general,ckks,2,4,measured,64,3.085726833,64,,0.0004526259724286774,1.9480174963815944e-06,0.008916209,0.078578209,0.67713925,0.834280416,1.386878792,0.1096595,0.077768625
11-block2-n64-ckks,2,64,aligned,ckks,2,5,measured,64,3.050888667,64,,0.0003268942837735267,4.020431202522374e-06,0.010612,0.07521425,0.646639042,0.807696125,1.407735584,0.110286375,0.078531375
11-block2-n64-ckks,2,64,mixed,ckks,2,6,measured,64,3.15935025,64,,0.0001732471123148116,1.8013819746986887e-06,0.011949209,0.075379542,0.669857708,0.842062708,1.462762875,0.109966041,0.074700625
11-block2-n64-ckks,2,64,general,ckks,2,7,measured,64,3.152474792,64,,0.0013333235229566753,1.0636119453655346e-05,0.010264042,0.077805208,0.673377375,0.858650125,1.435772792,0.109040459,0.075633708
11-block2-n64-ckks,2,64,aligned,ckks,2,8,measured,64,3.030505833,64,,8.763883587903365e-05,1.5283592356070455e-06,0.008942042,0.074975667,0.641516833,0.814774209,1.388661709,0.109410458,0.076142416
11-block2-n64-ckks,2,64,mixed,ckks,2,9,measured,64,3.07569725,64,,0.0002520681417479409,6.4656108237349726e-06,0.007880375,0.076649916,0.640576083,0.810557958,1.433726791,0.113789333,0.077046583
11-block2-n64-ckks,2,64,general,ckks,2,10,measured,64,3.05819525,64,,0.0007875117736233506,1.5791670145876754e-05,0.010009041,0.079007833,0.664639416,0.82431275,1.385298167,0.108477792,0.075466791
11-block2-n64-ckks,2,64,aligned,ckks,2,11,measured,64,3.103053084,64,,0.00015328278351489644,9.520121151932025e-06,0.006604792,0.075491291,0.63517375,0.836449084,1.445907,0.11091925,0.074603542
12-block2-n64-tfhe-after,2,64,mixed,tfhe-after,2,0,warmup,64,1.523803875,64,21,,,,,,,,,
12-block2-n64-tfhe-after,2,64,general,tfhe-after,2,1,warmup,64,1.364560291,64,15,,,,,,,,,
12-block2-n64-tfhe-after,2,64,aligned,tfhe-after,2,2,warmup,64,1.352076625,64,9,,,,,,,,,
12-block2-n64-tfhe-after,2,64,mixed,tfhe-after,2,3,measured,64,1.469670083,64,23,,,,,,,,,
12-block2-n64-tfhe-after,2,64,general,tfhe-after,2,4,measured,64,1.315601041,64,17,,,,,,,,,
12-block2-n64-tfhe-after,2,64,aligned,tfhe-after,2,5,measured,64,1.354148209,64,11,,,,,,,,,
12-block2-n64-tfhe-after,2,64,mixed,tfhe-after,2,6,measured,64,1.544088958,64,24,,,,,,,,,
12-block2-n64-tfhe-after,2,64,general,tfhe-after,2,7,measured,64,1.354633334,64,18,,,,,,,,,
12-block2-n64-tfhe-after,2,64,aligned,tfhe-after,2,8,measured,64,1.362695958,64,12,,,,,,,,,
12-block2-n64-tfhe-after,2,64,mixed,tfhe-after,2,9,measured,64,1.469888208,64,25,,,,,,,,,
12-block2-n64-tfhe-after,2,64,general,tfhe-after,2,10,measured,64,1.351117416,64,19,,,,,,,,,
12-block2-n64-tfhe-after,2,64,aligned,tfhe-after,2,11,measured,64,1.376378084,64,13,,,,,,,,,
13-block3-n64-tfhe-before,3,64,aligned,tfhe-before,1,0,warmup,64,1.40408425,64,9,,,,,,,,,
13-block3-n64-tfhe-before,3,64,general,tfhe-before,1,1,warmup,64,1.3615515,64,15,,,,,,,,,
13-block3-n64-tfhe-before,3,64,mixed,tfhe-before,1,2,warmup,64,1.5319385,64,21,,,,,,,,,
13-block3-n64-tfhe-before,3,64,aligned,tfhe-before,1,3,measured,64,1.375098708,64,11,,,,,,,,,
13-block3-n64-tfhe-before,3,64,general,tfhe-before,1,4,measured,64,1.403483875,64,17,,,,,,,,,
13-block3-n64-tfhe-before,3,64,mixed,tfhe-before,1,5,measured,64,1.53583575,64,23,,,,,,,,,
13-block3-n64-tfhe-before,3,64,aligned,tfhe-before,1,6,measured,64,1.358757,64,12,,,,,,,,,
13-block3-n64-tfhe-before,3,64,general,tfhe-before,1,7,measured,64,1.390733875,64,18,,,,,,,,,
13-block3-n64-tfhe-before,3,64,mixed,tfhe-before,1,8,measured,64,1.516603208,64,24,,,,,,,,,
13-block3-n64-tfhe-before,3,64,aligned,tfhe-before,1,9,measured,64,1.391654583,64,13,,,,,,,,,
13-block3-n64-tfhe-before,3,64,general,tfhe-before,1,10,measured,64,1.419029333,64,19,,,,,,,,,
13-block3-n64-tfhe-before,3,64,mixed,tfhe-before,1,11,measured,64,1.461691125,64,25,,,,,,,,,
14-block3-n64-ckks,3,64,aligned,ckks,1,0,warmup,64,3.115719292,64,,0.00027282833534059137,2.871820039343058e-06,0.010114292,0.081705333,0.677128792,0.846549916,1.407336834,0.110163334,0.074540125
14-block3-n64-ckks,3,64,general,ckks,1,1,warmup,64,3.040374084,64,,0.0005648689947861385,8.644033135618885e-06,0.01188825,0.07532025,0.640274292,0.8242575,1.391321125,0.108408167,0.076112667
14-block3-n64-ckks,3,64,mixed,ckks,1,2,warmup,64,3.023050125,64,,0.0008312266517833677,1.6843468665209681e-06,0.0074855,0.075539584,0.636172625,0.810109292,1.388910166,0.109423791,0.078433958
14-block3-n64-ckks,3,64,aligned,ckks,1,3,measured,64,3.063164125,64,,0.00039280914614892026,1.6462827292939062e-06,0.009194583,0.074314708,0.637747,0.816102334,1.421714,0.110208125,0.077392416
14-block3-n64-ckks,3,64,general,ckks,1,4,measured,64,3.009940917,64,,0.00038534030559844723,5.169439931989745e-06,0.009721458,0.074517833,0.639082792,0.808939833,1.378898625,0.108155125,0.074864125
14-block3-n64-ckks,3,64,mixed,ckks,1,5,measured,64,3.04599275,64,,0.0005957171558392815,7.136312871566405e-06,0.010598583,0.077246708,0.643282833,0.813952042,1.403304917,0.108725459,0.076727
14-block3-n64-ckks,3,64,aligned,ckks,1,6,measured,64,3.021380625,64,,6.661192422541262e-05,1.8347666982675893e-05,0.008276167,0.074755167,0.633974167,0.81822625,1.384533375,0.109333167,0.075313125
14-block3-n64-ckks,3,64,general,ckks,1,7,measured,64,3.03002275,64,,0.0009083926353383731,1.0839722500238386e-05,0.008623625,0.0741895,0.639917208,0.812059833,1.3926695,0.10930725,0.076068583
14-block3-n64-ckks,3,64,mixed,ckks,1,8,measured,64,3.012430042,64,,0.0005021521391199713,2.1677243828393344e-05,0.00937425,0.07504825,0.636957708,0.810553,1.376720292,0.110399834,0.077799083
14-block3-n64-ckks,3,64,aligned,ckks,1,9,measured,64,3.005889834,64,,0.0005837539667794545,1.8791887795869741e-06,0.009910458,0.076565583,0.637864167,0.808431542,1.376278667,0.108688708,0.0746265
14-block3-n64-ckks,3,64,general,ckks,1,10,measured,64,3.013617083,64,,0.001212412000512586,1.8846053473485453e-06,0.009093334,0.075025541,0.638799375,0.811062958,1.37764725,0.109118291,0.076988875
14-block3-n64-ckks,3,64,mixed,ckks,1,11,measured,64,3.019103584,64,,0.00017394784546809205,1.5044573886715107e-05,0.009372583,0.0743205,0.635882375,0.80607575,1.391197417,0.11121625,0.074731125
15-block3-n64-tfhe-after,3,64,aligned,tfhe-after,1,0,warmup,64,1.3423405,64,9,,,,,,,,,
15-block3-n64-tfhe-after,3,64,general,tfhe-after,1,1,warmup,64,1.326595625,64,15,,,,,,,,,
15-block3-n64-tfhe-after,3,64,mixed,tfhe-after,1,2,warmup,64,1.459529375,64,21,,,,,,,,,
15-block3-n64-tfhe-after,3,64,aligned,tfhe-after,1,3,measured,64,1.409460625,64,11,,,,,,,,,
15-block3-n64-tfhe-after,3,64,general,tfhe-after,1,4,measured,64,1.374431,64,17,,,,,,,,,
15-block3-n64-tfhe-after,3,64,mixed,tfhe-after,1,5,measured,64,1.5296675,64,23,,,,,,,,,
15-block3-n64-tfhe-after,3,64,aligned,tfhe-after,1,6,measured,64,1.445988083,64,12,,,,,,,,,
15-block3-n64-tfhe-after,3,64,general,tfhe-after,1,7,measured,64,1.382007541,64,18,,,,,,,,,
15-block3-n64-tfhe-after,3,64,mixed,tfhe-after,1,8,measured,64,1.549544333,64,24,,,,,,,,,
15-block3-n64-tfhe-after,3,64,aligned,tfhe-after,1,9,measured,64,1.417144625,64,13,,,,,,,,,
15-block3-n64-tfhe-after,3,64,general,tfhe-after,1,10,measured,64,1.407008125,64,19,,,,,,,,,
15-block3-n64-tfhe-after,3,64,mixed,tfhe-after,1,11,measured,64,1.534004958,64,25,,,,,,,,,
16-block3-n128-tfhe-before,3,128,mixed,tfhe-before,1,0,warmup,128,2.534145584,128,39,,,,,,,,,
16-block3-n128-tfhe-before,3,128,general,tfhe-before,1,1,warmup,128,2.317985667,128,33,,,,,,,,,
16-block3-n128-tfhe-before,3,128,aligned,tfhe-before,1,2,warmup,128,2.346968291,128,27,,,,,,,,,
16-block3-n128-tfhe-before,3,128,mixed,tfhe-before,1,3,measured,128,2.524397167,128,41,,,,,,,,,
16-block3-n128-tfhe-before,3,128,general,tfhe-before,1,4,measured,128,2.305029333,128,35,,,,,,,,,
16-block3-n128-tfhe-before,3,128,aligned,tfhe-before,1,5,measured,128,2.431595125,128,29,,,,,,,,,
16-block3-n128-tfhe-before,3,128,mixed,tfhe-before,1,6,measured,128,2.524256083,128,42,,,,,,,,,
16-block3-n128-tfhe-before,3,128,general,tfhe-before,1,7,measured,128,2.332512708,128,36,,,,,,,,,
16-block3-n128-tfhe-before,3,128,aligned,tfhe-before,1,8,measured,128,2.320121083,128,30,,,,,,,,,
16-block3-n128-tfhe-before,3,128,mixed,tfhe-before,1,9,measured,128,2.563258917,128,43,,,,,,,,,
16-block3-n128-tfhe-before,3,128,general,tfhe-before,1,10,measured,128,2.540791667,128,37,,,,,,,,,
16-block3-n128-tfhe-before,3,128,aligned,tfhe-before,1,11,measured,128,2.348341792,128,31,,,,,,,,,
17-block3-n128-ckks,3,128,mixed,ckks,1,0,warmup,128,3.306897125,128,,0.00154786579301458,1.3843279491067808e-05,0.011076833,0.08413725,0.5425385,1.024141208,1.514414042,0.136302958,0.089500125
17-block3-n128-ckks,3,128,general,ckks,1,1,warmup,128,3.2612855,128,,1.2051832385395755e-06,3.775011716895242e-05,0.009738625,0.077872042,0.515000209,1.038327666,1.486530083,0.13454025,0.086886916
17-block3-n128-ckks,3,128,aligned,ckks,1,2,warmup,128,3.23826075,128,,0.000420741909579192,7.557017255171682e-05,0.009739375,0.079898084,0.509715583,1.000291958,1.497981792,0.137608375,0.09266275
17-block3-n128-ckks,3,128,mixed,ckks,1,3,measured,128,3.2687765,128,,0.0022242573623998396,9.698931342186054e-05,0.010666042,0.081163959,0.510305125,1.011114,1.518867958,0.137213709,0.091275209
17-block3-n128-ckks,3,128,general,ckks,1,4,measured,128,3.284218084,128,,0.002900053714512296,4.4282621660637295e-05,0.010608208,0.079299458,0.549323709,0.993019417,1.512891,0.138792792,0.090190875
17-block3-n128-ckks,3,128,aligned,ckks,1,5,measured,128,3.256754875,128,,0.001876619450911221,3.0951347700303644e-05,0.009759958,0.078576917,0.514922291,0.995300292,1.518551291,0.13516825,0.0928125
17-block3-n128-ckks,3,128,mixed,ckks,1,6,measured,128,3.289738,128,,0.0010157359349705075,2.884330811843513e-05,0.008983334,0.084317709,0.542300667,1.008752,1.510849833,0.139157833,0.088677417
17-block3-n128-ckks,3,128,general,ckks,1,7,measured,128,3.29890425,128,,0.0022341257447919816,3.730639289602131e-05,0.010012583,0.078818375,0.532946875,1.018041209,1.521122,0.136469417,0.090324416
17-block3-n128-ckks,3,128,aligned,ckks,1,8,measured,128,3.247126958,128,,0.001488831031593918,2.2799094662194394e-05,0.008994792,0.080208417,0.526041375,0.992838083,1.502602292,0.136915958,0.088728792
17-block3-n128-ckks,3,128,mixed,ckks,1,9,measured,128,3.264401792,128,,0.0002915017750666493,3.29212702729862e-05,0.011969,0.081763,0.533543667,0.994985375,1.509961,0.135938917,0.089972541
17-block3-n128-ckks,3,128,general,ckks,1,10,measured,128,3.278695417,128,,0.0029877199701786594,2.385763097834146e-05,0.008519542,0.079990292,0.514213667,1.0153605,1.52410675,0.135526125,0.089487958
17-block3-n128-ckks,3,128,aligned,ckks,1,11,measured,128,3.277487,128,,0.004113498362485757,4.2632434783784775e-05,0.013496958,0.080733,0.539643708,1.0207005,1.491606958,0.136320208,0.089215333
18-block3-n128-tfhe-after,3,128,mixed,tfhe-after,1,0,warmup,128,2.605715792,128,39,,,,,,,,,
18-block3-n128-tfhe-after,3,128,general,tfhe-after,1,1,warmup,128,2.350837875,128,33,,,,,,,,,
18-block3-n128-tfhe-after,3,128,aligned,tfhe-after,1,2,warmup,128,2.392275166,128,27,,,,,,,,,
18-block3-n128-tfhe-after,3,128,mixed,tfhe-after,1,3,measured,128,2.6223575,128,41,,,,,,,,,
18-block3-n128-tfhe-after,3,128,general,tfhe-after,1,4,measured,128,2.415941959,128,35,,,,,,,,,
18-block3-n128-tfhe-after,3,128,aligned,tfhe-after,1,5,measured,128,2.524381583,128,29,,,,,,,,,
18-block3-n128-tfhe-after,3,128,mixed,tfhe-after,1,6,measured,128,2.579642292,128,42,,,,,,,,,
18-block3-n128-tfhe-after,3,128,general,tfhe-after,1,7,measured,128,2.381222291,128,36,,,,,,,,,
18-block3-n128-tfhe-after,3,128,aligned,tfhe-after,1,8,measured,128,2.327221208,128,30,,,,,,,,,
18-block3-n128-tfhe-after,3,128,mixed,tfhe-after,1,9,measured,128,2.549891125,128,43,,,,,,,,,
18-block3-n128-tfhe-after,3,128,general,tfhe-after,1,10,measured,128,2.350346209,128,37,,,,,,,,,
18-block3-n128-tfhe-after,3,128,aligned,tfhe-after,1,11,measured,128,2.34842825,128,31,,,,,,,,,
