N,seed,bit_tenuti,bit_totali,bit_signed,shift,dir,fpir_eff,dir_float
64,0,13,13,14,0,0.9125,0.01,0.9125
64,0,12,13,14,1,0.9125,0.01,0.9125
64,0,11,13,14,2,0.9125,0.01,0.9125
64,0,10,13,14,3,0.9125,0.01,0.9125
64,0,9,13,14,4,0.9125,0.01,0.9125
64,0,8,13,14,5,0.9125,0.0105,0.9125
64,0,7,13,14,6,0.9125,0.0105,0.9125
64,0,6,13,14,7,0.9125,0.0105,0.9125
64,0,5,13,14,8,0.915625,0.0275,0.9125
64,0,4,13,14,9,0.921875,0.0985,0.9125
64,1,13,13,14,0,0.940625,0.01,0.940625
64,1,12,13,14,1,0.940625,0.01,0.940625
64,1,11,13,14,2,0.940625,0.01,0.940625
64,1,10,13,14,3,0.940625,0.01,0.940625
64,1,9,13,14,4,0.940625,0.01,0.940625
64,1,8,13,14,5,0.940625,0.01,0.940625
64,1,7,13,14,6,0.940625,0.0125,0.940625
64,1,6,13,14,7,0.940625,0.0125,0.940625
64,1,5,13,14,8,0.940625,0.0125,0.940625
64,1,4,13,14,9,0.94375,0.0675,0.940625
64,2,13,13,14,0,0.9125,0.01,0.9125
64,2,12,13,14,1,0.9125,0.01,0.9125
64,2,11,13,14,2,0.9125,0.01,0.9125
64,2,10,13,14,3,0.9125,0.0105,0.9125
64,2,9,13,14,4,0.9125,0.0105,0.9125
64,2,8,13,14,5,0.9125,0.013,0.9125
64,2,7,13,14,6,0.9125,0.013,0.9125
64,2,6,13,14,7,0.9125,0.013,0.9125
64,2,5,13,14,8,0.9125,0.03,0.9125
64,2,4,13,14,9,0.91875,0.133,0.9125
64,3,13,13,14,0,0.9625,0.01,0.9625
64,3,12,13,14,1,0.9625,0.01,0.9625
64,3,11,13,14,2,0.9625,0.01,0.9625
64,3,10,13,14,3,0.9625,0.01,0.9625
64,3,9,13,14,4,0.9625,0.011,0.9625
64,3,8,13,14,5,0.9625,0.013,0.9625
64,3,7,13,14,6,0.9625,0.013,0.9625
64,3,6,13,14,7,0.9625,0.0165,0.9625
64,3,5,13,14,8,0.9625,0.03,0.9625
64,3,4,13,14,9,0.9625,0.03,0.9625
64,4,13,13,14,0,0.903125,0.01,0.90625
64,4,12,13,14,1,0.903125,0.01,0.90625
64,4,11,13,14,2,0.903125,0.01,0.90625
64,4,10,13,14,3,0.903125,0.01,0.90625
64,4,9,13,14,4,0.903125,0.011,0.90625
64,4,8,13,14,5,0.903125,0.0115,0.90625
64,4,7,13,14,6,0.90625,0.015,0.90625
64,4,6,13,14,7,0.90625,0.015,0.90625
64,4,5,13,14,8,0.90625,0.015,0.90625
64,4,4,13,14,9,0.90625,0.015,0.90625
64,5,13,13,14,0,0.959375,0.01,0.959375
64,5,12,13,14,1,0.959375,0.01,0.959375
64,5,11,13,14,2,0.959375,0.01,0.959375
64,5,10,13,14,3,0.959375,0.0105,0.959375
64,5,9,13,14,4,0.959375,0.0105,0.959375
64,5,8,13,14,5,0.959375,0.0105,0.959375
64,5,7,13,14,6,0.959375,0.012,0.959375
64,5,6,13,14,7,0.9625,0.018,0.959375
64,5,5,13,14,8,0.965625,0.0395,0.959375
64,5,4,13,14,9,0.965625,0.0395,0.959375
64,6,13,13,14,0,0.94375,0.01,0.94375
64,6,12,13,14,1,0.94375,0.01,0.94375
64,6,11,13,14,2,0.94375,0.01,0.94375
64,6,10,13,14,3,0.94375,0.0105,0.94375
64,6,9,13,14,4,0.94375,0.0105,0.94375
64,6,8,13,14,5,0.94375,0.0105,0.94375
64,6,7,13,14,6,0.946875,0.012,0.94375
64,6,6,13,14,7,0.946875,0.012,0.94375
64,6,5,13,14,8,0.95,0.0345,0.94375
64,6,4,13,14,9,0.95625,0.172,0.94375
64,7,13,13,14,0,0.94375,0.0105,0.94375
64,7,12,13,14,1,0.94375,0.0105,0.94375
64,7,11,13,14,2,0.94375,0.0105,0.94375
64,7,10,13,14,3,0.94375,0.0105,0.94375
64,7,9,13,14,4,0.94375,0.0105,0.94375
64,7,8,13,14,5,0.946875,0.0125,0.94375
64,7,7,13,14,6,0.946875,0.0125,0.94375
64,7,6,13,14,7,0.946875,0.0125,0.94375
64,7,5,13,14,8,0.946875,0.024,0.94375
64,7,4,13,14,9,0.953125,0.105,0.94375
64,8,13,13,14,0,0.94375,0.0105,0.940625
64,8,12,13,14,1,0.94375,0.0105,0.940625
64,8,11,13,14,2,0.94375,0.0105,0.940625
64,8,10,13,14,3,0.94375,0.0105,0.940625
64,8,9,13,14,4,0.94375,0.0105,0.940625
64,8,8,13,14,5,0.94375,0.0105,0.940625
64,8,7,13,14,6,0.94375,0.0105,0.940625
64,8,6,13,14,7,0.94375,0.0185,0.940625
64,8,5,13,14,8,0.94375,0.0185,0.940625
64,8,4,13,14,9,0.94375,0.089,0.940625
64,9,13,13,14,0,0.928125,0.01,0.928125
64,9,12,13,14,1,0.928125,0.01,0.928125
64,9,11,13,14,2,0.928125,0.01,0.928125
64,9,10,13,14,3,0.928125,0.01,0.928125
64,9,9,13,14,4,0.928125,0.0105,0.928125
64,9,8,13,14,5,0.928125,0.011,0.928125
64,9,7,13,14,6,0.928125,0.011,0.928125
64,9,6,13,14,7,0.928125,0.011,0.928125
64,9,5,13,14,8,0.928125,0.023,0.928125
64,9,4,13,14,9,0.928125,0.023,0.928125
64,10,14,14,14,0,0.946875,0.01,0.946875
64,10,12,14,14,2,0.946875,0.01,0.946875
64,10,11,14,14,3,0.946875,0.01,0.946875
64,10,10,14,14,4,0.946875,0.01,0.946875
64,10,9,14,14,5,0.946875,0.01,0.946875
64,10,8,14,14,6,0.946875,0.01,0.946875
64,10,7,14,14,7,0.946875,0.014,0.946875
64,10,6,14,14,8,0.946875,0.014,0.946875
64,10,5,14,14,9,0.946875,0.014,0.946875
64,10,4,14,14,10,0.953125,0.2605,0.946875
64,11,14,14,14,0,0.95,0.01,0.95
64,11,12,14,14,2,0.95,0.01,0.95
64,11,11,14,14,3,0.95,0.01,0.95
64,11,10,14,14,4,0.95,0.01,0.95
64,11,9,14,14,5,0.95,0.0105,0.95
64,11,8,14,14,6,0.95,0.0105,0.95
64,11,7,14,14,7,0.95,0.013,0.95
64,11,6,14,14,8,0.95625,0.029,0.95
64,11,5,14,14,9,0.95625,0.029,0.95
64,11,4,14,14,10,0.959375,0.451,0.95
64,12,13,13,14,0,0.91875,0.01,0.921875
64,12,12,13,14,1,0.91875,0.01,0.921875
64,12,11,13,14,2,0.91875,0.01,0.921875
64,12,10,13,14,3,0.921875,0.01,0.921875
64,12,9,13,14,4,0.921875,0.01,0.921875
64,12,8,13,14,5,0.921875,0.0115,0.921875
64,12,7,13,14,6,0.921875,0.0115,0.921875
64,12,6,13,14,7,0.921875,0.0115,0.921875
64,12,5,13,14,8,0.921875,0.0115,0.921875
64,12,4,13,14,9,0.928125,0.0455,0.921875
64,13,13,13,14,0,0.9625,0.01,0.9625
64,13,12,13,14,1,0.9625,0.01,0.9625
64,13,11,13,14,2,0.9625,0.01,0.9625
64,13,10,13,14,3,0.9625,0.011,0.9625
64,13,9,13,14,4,0.9625,0.0115,0.9625
64,13,8,13,14,5,0.9625,0.0115,0.9625
64,13,7,13,14,6,0.9625,0.0115,0.9625
64,13,6,13,14,7,0.9625,0.0155,0.9625
64,13,5,13,14,8,0.9625,0.0155,0.9625
64,13,4,13,14,9,0.9625,0.062,0.9625
64,14,13,13,14,0,0.95,0.01,0.95
64,14,12,13,14,1,0.95,0.01,0.95
64,14,11,13,14,2,0.95,0.01,0.95
64,14,10,13,14,3,0.95,0.01,0.95
64,14,9,13,14,4,0.95,0.0105,0.95
64,14,8,13,14,5,0.95,0.011,0.95
64,14,7,13,14,6,0.95,0.011,0.95
64,14,6,13,14,7,0.95,0.011,0.95
64,14,5,13,14,8,0.95,0.024,0.95
64,14,4,13,14,9,0.95,0.1095,0.95
64,15,13,13,14,0,0.95625,0.01,0.95625
64,15,12,13,14,1,0.95625,0.01,0.95625
64,15,11,13,14,2,0.95625,0.01,0.95625
64,15,10,13,14,3,0.95625,0.011,0.95625
64,15,9,13,14,4,0.95625,0.011,0.95625
64,15,8,13,14,5,0.95625,0.012,0.95625
64,15,7,13,14,6,0.95625,0.013,0.95625
64,15,6,13,14,7,0.95625,0.0185,0.95625
64,15,5,13,14,8,0.95625,0.046,0.95625
64,15,4,13,14,9,0.95625,0.046,0.95625
64,16,13,13,14,0,0.928125,0.01,0.928125
64,16,12,13,14,1,0.928125,0.0105,0.928125
64,16,11,13,14,2,0.928125,0.0105,0.928125
64,16,10,13,14,3,0.928125,0.0105,0.928125
64,16,9,13,14,4,0.928125,0.011,0.928125
64,16,8,13,14,5,0.928125,0.011,0.928125
64,16,7,13,14,6,0.928125,0.011,0.928125
64,16,6,13,14,7,0.928125,0.011,0.928125
64,16,5,13,14,8,0.928125,0.011,0.928125
64,16,4,13,14,9,0.93125,0.044,0.928125
64,17,13,13,14,0,0.925,0.01,0.925
64,17,12,13,14,1,0.925,0.01,0.925
64,17,11,13,14,2,0.925,0.01,0.925
64,17,10,13,14,3,0.925,0.01,0.925
64,17,9,13,14,4,0.925,0.0105,0.925
64,17,8,13,14,5,0.925,0.0105,0.925
64,17,7,13,14,6,0.925,0.0105,0.925
64,17,6,13,14,7,0.925,0.0155,0.925
64,17,5,13,14,8,0.925,0.0155,0.925
64,17,4,13,14,9,0.925,0.0155,0.925
64,18,13,13,14,0,0.959375,0.011,0.959375
64,18,12,13,14,1,0.959375,0.011,0.959375
64,18,11,13,14,2,0.959375,0.011,0.959375
64,18,10,13,14,3,0.959375,0.011,0.959375
64,18,9,13,14,4,0.959375,0.011,0.959375
64,18,8,13,14,5,0.959375,0.011,0.959375
64,18,7,13,14,6,0.959375,0.0135,0.959375
64,18,6,13,14,7,0.959375,0.0175,0.959375
64,18,5,13,14,8,0.959375,0.038,0.959375
64,18,4,13,14,9,0.959375,0.038,0.959375
64,19,13,13,14,0,0.946875,0.01,0.946875
64,19,12,13,14,1,0.946875,0.01,0.946875
64,19,11,13,14,2,0.946875,0.01,0.946875
64,19,10,13,14,3,0.946875,0.011,0.946875
64,19,9,13,14,4,0.946875,0.0115,0.946875
64,19,8,13,14,5,0.946875,0.0115,0.946875
64,19,7,13,14,6,0.946875,0.0135,0.946875
64,19,6,13,14,7,0.95,0.0205,0.946875
64,19,5,13,14,8,0.95,0.035,0.946875
64,19,4,13,14,9,0.953125,0.124,0.946875
128,0,13,13,14,0,0.940625,0.01,0.940625
128,0,12,13,14,1,0.940625,0.01,0.940625
128,0,11,13,14,2,0.940625,0.01,0.940625
128,0,10,13,14,3,0.940625,0.01,0.940625
128,0,9,13,14,4,0.940625,0.01,0.940625
128,0,8,13,14,5,0.940625,0.011,0.940625
128,0,7,13,14,6,0.940625,0.012,0.940625
128,0,6,13,14,7,0.940625,0.012,0.940625
128,0,5,13,14,8,0.9421875,0.023,0.940625
128,0,4,13,14,9,0.946875,0.0935,0.940625
128,1,13,13,14,0,0.9125,0.01,0.9109375
128,1,12,13,14,1,0.9125,0.01,0.9109375
128,1,11,13,14,2,0.9125,0.01,0.9109375
128,1,10,13,14,3,0.9125,0.01,0.9109375
128,1,9,13,14,4,0.9125,0.01,0.9109375
128,1,8,13,14,5,0.9125,0.01,0.9109375
128,1,7,13,14,6,0.9125,0.01,0.9109375
128,1,6,13,14,7,0.9125,0.01,0.9109375
128,1,5,13,14,8,0.9125,0.01,0.9109375
128,1,4,13,14,9,0.91875,0.0445,0.9109375
128,2,13,13,14,0,0.925,0.01,0.925
128,2,12,13,14,1,0.925,0.0105,0.925
128,2,11,13,14,2,0.925,0.011,0.925
128,2,10,13,14,3,0.925,0.011,0.925
128,2,9,13,14,4,0.925,0.011,0.925
128,2,8,13,14,5,0.925,0.0115,0.925
128,2,7,13,14,6,0.925,0.014,0.925
128,2,6,13,14,7,0.928125,0.0205,0.925
128,2,5,13,14,8,0.9296875,0.046,0.925
128,2,4,13,14,9,0.934375,0.193,0.925
128,3,13,13,14,0,0.940625,0.01,0.940625
128,3,12,13,14,1,0.940625,0.01,0.940625
128,3,11,13,14,2,0.940625,0.01,0.940625
128,3,10,13,14,3,0.940625,0.01,0.940625
128,3,9,13,14,4,0.9421875,0.0105,0.940625
128,3,8,13,14,5,0.9421875,0.0105,0.940625
128,3,7,13,14,6,0.94375,0.0145,0.940625
128,3,6,13,14,7,0.94375,0.0145,0.940625
128,3,5,13,14,8,0.94375,0.0145,0.940625
128,3,4,13,14,9,0.946875,0.0635,0.940625
128,4,13,13,14,0,0.925,0.01,0.925
128,4,12,13,14,1,0.925,0.01,0.925
128,4,11,13,14,2,0.925,0.01,0.925
128,4,10,13,14,3,0.925,0.01,0.925
128,4,9,13,14,4,0.925,0.01,0.925
128,4,8,13,14,5,0.925,0.012,0.925
128,4,7,13,14,6,0.925,0.0125,0.925
128,4,6,13,14,7,0.925,0.0125,0.925
128,4,5,13,14,8,0.9265625,0.0285,0.925
128,4,4,13,14,9,0.9265625,0.0285,0.925
128,5,13,13,14,0,0.94375,0.01,0.94375
128,5,12,13,14,1,0.94375,0.01,0.94375
128,5,11,13,14,2,0.94375,0.01,0.94375
128,5,10,13,14,3,0.94375,0.01,0.94375
128,5,9,13,14,4,0.94375,0.01,0.94375
128,5,8,13,14,5,0.94375,0.012,0.94375
128,5,7,13,14,6,0.94375,0.014,0.94375
128,5,6,13,14,7,0.94375,0.014,0.94375
128,5,5,13,14,8,0.94375,0.014,0.94375
128,5,4,13,14,9,0.95,0.062,0.94375
128,6,13,13,14,0,0.915625,0.01,0.9140625
128,6,12,13,14,1,0.915625,0.01,0.9140625
128,6,11,13,14,2,0.915625,0.01,0.9140625
128,6,10,13,14,3,0.915625,0.01,0.9140625
128,6,9,13,14,4,0.915625,0.011,0.9140625
128,6,8,13,14,5,0.915625,0.0115,0.9140625
128,6,7,13,14,6,0.915625,0.0115,0.9140625
128,6,6,13,14,7,0.9171875,0.012,0.9140625
128,6,5,13,14,8,0.9171875,0.012,0.9140625
128,6,4,13,14,9,0.9171875,0.012,0.9140625
128,7,13,13,14,0,0.9546875,0.01,0.9546875
128,7,12,13,14,1,0.9546875,0.01,0.9546875
128,7,11,13,14,2,0.9546875,0.01,0.9546875
128,7,10,13,14,3,0.9546875,0.011,0.9546875
128,7,9,13,14,4,0.9546875,0.011,0.9546875
128,7,8,13,14,5,0.9546875,0.011,0.9546875
128,7,7,13,14,6,0.9546875,0.0145,0.9546875
128,7,6,13,14,7,0.9546875,0.0145,0.9546875
128,7,5,13,14,8,0.959375,0.03,0.9546875
128,7,4,13,14,9,0.959375,0.03,0.9546875
128,8,13,13,14,0,0.94375,0.01,0.94375
128,8,12,13,14,1,0.94375,0.0105,0.94375
128,8,11,13,14,2,0.94375,0.011,0.94375
128,8,10,13,14,3,0.94375,0.011,0.94375
128,8,9,13,14,4,0.94375,0.011,0.94375
128,8,8,13,14,5,0.94375,0.011,0.94375
128,8,7,13,14,6,0.94375,0.011,0.94375
128,8,6,13,14,7,0.94375,0.011,0.94375
128,8,5,13,14,8,0.94375,0.02,0.94375
128,8,4,13,14,9,0.94375,0.02,0.94375
128,9,13,13,14,0,0.9296875,0.01,0.9328125
128,9,12,13,14,1,0.9296875,0.01,0.9328125
128,9,11,13,14,2,0.9296875,0.01,0.9328125
128,9,10,13,14,3,0.9296875,0.01,0.9328125
128,9,9,13,14,4,0.9296875,0.01,0.9328125
128,9,8,13,14,5,0.9296875,0.01,0.9328125
128,9,7,13,14,6,0.9296875,0.01,0.9328125
128,9,6,13,14,7,0.9296875,0.01,0.9328125
128,9,5,13,14,8,0.9296875,0.01,0.9328125
128,9,4,13,14,9,0.9328125,0.033,0.9328125
128,10,13,13,14,0,0.9453125,0.01,0.946875
128,10,12,13,14,1,0.9453125,0.01,0.946875
128,10,11,13,14,2,0.9453125,0.01,0.946875
128,10,10,13,14,3,0.9453125,0.01,0.946875
128,10,9,13,14,4,0.9453125,0.01,0.946875
128,10,8,13,14,5,0.9453125,0.011,0.946875
128,10,7,13,14,6,0.946875,0.0125,0.946875
128,10,6,13,14,7,0.946875,0.0125,0.946875
128,10,5,13,14,8,0.946875,0.033,0.946875
128,10,4,13,14,9,0.946875,0.033,0.946875
128,11,14,14,14,0,0.9453125,0.01,0.9453125
128,11,12,14,14,2,0.9453125,0.01,0.9453125
128,11,11,14,14,3,0.9453125,0.01,0.9453125
128,11,10,14,14,4,0.9453125,0.01,0.9453125
128,11,9,14,14,5,0.9453125,0.01,0.9453125
128,11,8,14,14,6,0.9453125,0.011,0.9453125
128,11,7,14,14,7,0.9453125,0.011,0.9453125
128,11,6,14,14,8,0.9453125,0.011,0.9453125
128,11,5,14,14,9,0.946875,0.0525,0.9453125
128,11,4,14,14,10,0.9546875,0.6775,0.9453125
128,12,13,13,14,0,0.9375,0.01,0.9375
128,12,12,13,14,1,0.9375,0.01,0.9375
128,12,11,13,14,2,0.9375,0.01,0.9375
128,12,10,13,14,3,0.9375,0.01,0.9375
128,12,9,13,14,4,0.9375,0.011,0.9375
128,12,8,13,14,5,0.9375,0.012,0.9375
128,12,7,13,14,6,0.9375,0.0155,0.9375
128,12,6,13,14,7,0.9390625,0.0205,0.9375
128,12,5,13,14,8,0.9390625,0.0205,0.9375
128,12,4,13,14,9,0.946875,0.089,0.9375
128,13,13,13,14,0,0.9578125,0.01,0.9578125
128,13,12,13,14,1,0.9578125,0.0105,0.9578125
128,13,11,13,14,2,0.9578125,0.0105,0.9578125
128,13,10,13,14,3,0.9578125,0.0105,0.9578125
128,13,9,13,14,4,0.9578125,0.011,0.9578125
128,13,8,13,14,5,0.9578125,0.013,0.9578125
128,13,7,13,14,6,0.9578125,0.013,0.9578125
128,13,6,13,14,7,0.9578125,0.0205,0.9578125
128,13,5,13,14,8,0.9578125,0.045,0.9578125
128,13,4,13,14,9,0.9578125,0.045,0.9578125
128,14,13,13,14,0,0.95,0.01,0.9484375
128,14,12,13,14,1,0.95,0.01,0.9484375
128,14,11,13,14,2,0.95,0.01,0.9484375
128,14,10,13,14,3,0.95,0.0105,0.9484375
128,14,9,13,14,4,0.95,0.0105,0.9484375
128,14,8,13,14,5,0.95,0.0115,0.9484375
128,14,7,13,14,6,0.95,0.0115,0.9484375
128,14,6,13,14,7,0.95,0.0115,0.9484375
128,14,5,13,14,8,0.95,0.0115,0.9484375
128,14,4,13,14,9,0.95,0.0115,0.9484375
128,15,13,13,14,0,0.946875,0.011,0.946875
128,15,12,13,14,1,0.946875,0.011,0.946875
128,15,11,13,14,2,0.946875,0.011,0.946875
128,15,10,13,14,3,0.946875,0.011,0.946875
128,15,9,13,14,4,0.946875,0.011,0.946875
128,15,8,13,14,5,0.946875,0.011,0.946875
128,15,7,13,14,6,0.946875,0.011,0.946875
128,15,6,13,14,7,0.946875,0.016,0.946875
128,15,5,13,14,8,0.946875,0.016,0.946875
128,15,4,13,14,9,0.946875,0.016,0.946875
128,16,13,13,14,0,0.9296875,0.01,0.9296875
128,16,12,13,14,1,0.9296875,0.01,0.9296875
128,16,11,13,14,2,0.9296875,0.01,0.9296875
128,16,10,13,14,3,0.9296875,0.0105,0.9296875
128,16,9,13,14,4,0.9296875,0.0105,0.9296875
128,16,8,13,14,5,0.9296875,0.0105,0.9296875
128,16,7,13,14,6,0.9296875,0.0115,0.9296875
128,16,6,13,14,7,0.9296875,0.0115,0.9296875
128,16,5,13,14,8,0.9296875,0.0115,0.9296875
128,16,4,13,14,9,0.9328125,0.062,0.9296875
128,17,13,13,14,0,0.940625,0.01,0.940625
128,17,12,13,14,1,0.940625,0.01,0.940625
128,17,11,13,14,2,0.940625,0.01,0.940625
128,17,10,13,14,3,0.940625,0.01,0.940625
128,17,9,13,14,4,0.940625,0.01,0.940625
128,17,8,13,14,5,0.940625,0.012,0.940625
128,17,7,13,14,6,0.940625,0.012,0.940625
128,17,6,13,14,7,0.940625,0.012,0.940625
128,17,5,13,14,8,0.940625,0.012,0.940625
128,17,4,13,14,9,0.940625,0.012,0.940625
128,18,13,13,14,0,0.95625,0.01,0.95625
128,18,12,13,14,1,0.95625,0.01,0.95625
128,18,11,13,14,2,0.95625,0.01,0.95625
128,18,10,13,14,3,0.95625,0.0105,0.95625
128,18,9,13,14,4,0.95625,0.0105,0.95625
128,18,8,13,14,5,0.9578125,0.0115,0.95625
128,18,7,13,14,6,0.959375,0.013,0.95625
128,18,6,13,14,7,0.959375,0.0195,0.95625
128,18,5,13,14,8,0.959375,0.048,0.95625
128,18,4,13,14,9,0.959375,0.048,0.95625
128,19,13,13,14,0,0.9265625,0.01,0.9265625
128,19,12,13,14,1,0.9265625,0.01,0.9265625
128,19,11,13,14,2,0.9265625,0.01,0.9265625
128,19,10,13,14,3,0.9265625,0.01,0.9265625
128,19,9,13,14,4,0.9265625,0.01,0.9265625
128,19,8,13,14,5,0.9265625,0.011,0.9265625
128,19,7,13,14,6,0.9265625,0.011,0.9265625
128,19,6,13,14,7,0.9265625,0.011,0.9265625
128,19,5,13,14,8,0.9265625,0.011,0.9265625
128,19,4,13,14,9,0.9265625,0.011,0.9265625
1000,0,14,14,14,0,0.9314,0.01,0.9322
1000,0,12,14,14,2,0.9314,0.01,0.9322
1000,0,11,14,14,3,0.9314,0.01,0.9322
1000,0,10,14,14,4,0.9314,0.01,0.9322
1000,0,9,14,14,5,0.9324,0.0115,0.9322
1000,0,8,14,14,6,0.9332,0.0135,0.9322
1000,0,7,14,14,7,0.9346,0.02,0.9322
1000,0,6,14,14,8,0.9344,0.02,0.9322
1000,0,5,14,14,9,0.9368,0.101,0.9322
1000,0,4,14,14,10,0.9346,0.912,0.9322
1000,1,13,13,14,0,0.93,0.01,0.9306
1000,1,12,13,14,1,0.93,0.01,0.9306
1000,1,11,13,14,2,0.93,0.01,0.9306
1000,1,10,13,14,3,0.93,0.01,0.9306
1000,1,9,13,14,4,0.9304,0.011,0.9306
1000,1,8,13,14,5,0.9304,0.011,0.9306
1000,1,7,13,14,6,0.9302,0.011,0.9306
1000,1,6,13,14,7,0.9322,0.016,0.9306
1000,1,5,13,14,8,0.9322,0.016,0.9306
1000,1,4,13,14,9,0.9366,0.0845,0.9306
1000,2,14,14,14,0,0.9354,0.01,0.9362
1000,2,12,14,14,2,0.9354,0.01,0.9362
1000,2,11,14,14,3,0.9356,0.0105,0.9362
1000,2,10,14,14,4,0.9356,0.0105,0.9362
1000,2,9,14,14,5,0.936,0.0125,0.9362
1000,2,8,14,14,6,0.9366,0.014,0.9362
1000,2,7,14,14,7,0.9376,0.024,0.9362
1000,2,6,14,14,8,0.9376,0.024,0.9362
1000,2,5,14,14,9,0.9412,0.101,0.9362
1000,2,4,14,14,10,0.9376,0.8995,0.9362
1000,3,14,14,14,0,0.9296,0.01,0.9294
1000,3,12,14,14,2,0.9296,0.01,0.9294
1000,3,11,14,14,3,0.9296,0.01,0.9294
1000,3,10,14,14,4,0.9296,0.01,0.9294
1000,3,9,14,14,5,0.9296,0.01,0.9294
1000,3,8,14,14,6,0.9296,0.01,0.9294
1000,3,7,14,14,7,0.9302,0.0125,0.9294
1000,3,6,14,14,8,0.9322,0.025,0.9294
1000,3,5,14,14,9,0.9372,0.117,0.9294
1000,3,4,14,14,10,0.9364,0.927,0.9294
1000,4,14,14,14,0,0.935,0.01,0.9342
1000,4,12,14,14,2,0.935,0.01,0.9342
1000,4,11,14,14,3,0.935,0.0105,0.9342
1000,4,10,14,14,4,0.935,0.0115,0.9342
1000,4,9,14,14,5,0.935,0.0115,0.9342
1000,4,8,14,14,6,0.9354,0.0155,0.9342
1000,4,7,14,14,7,0.9372,0.021,0.9342
1000,4,6,14,14,8,0.9398,0.0435,0.9342
1000,4,5,14,14,9,0.9414,0.1795,0.9342
1000,4,4,14,14,10,0.9388,0.9685,0.9342
1000,5,13,13,14,0,0.9194,0.01,0.9208
1000,5,12,13,14,1,0.9194,0.01,0.9208
1000,5,11,13,14,2,0.9194,0.01,0.9208
1000,5,10,13,14,3,0.9194,0.01,0.9208
1000,5,9,13,14,4,0.9194,0.01,0.9208
1000,5,8,13,14,5,0.9198,0.01,0.9208
1000,5,7,13,14,6,0.9198,0.01,0.9208
1000,5,6,13,14,7,0.9212,0.0115,0.9208
1000,5,5,13,14,8,0.9236,0.0275,0.9208
1000,5,4,13,14,9,0.9236,0.0275,0.9208
1000,6,14,14,14,0,0.9292,0.01,0.93
1000,6,12,14,14,2,0.9292,0.01,0.93
1000,6,11,14,14,3,0.9292,0.01,0.93
1000,6,10,14,14,4,0.9292,0.01,0.93
1000,6,9,14,14,5,0.93,0.011,0.93
1000,6,8,14,14,6,0.93,0.011,0.93
1000,6,7,14,14,7,0.93,0.011,0.93
1000,6,6,14,14,8,0.933,0.0275,0.93
1000,6,5,14,14,9,0.9354,0.1245,0.93
1000,6,4,14,14,10,0.9334,0.935,0.93
1000,7,14,14,14,0,0.937,0.01,0.9378
1000,7,12,14,14,2,0.937,0.01,0.9378
1000,7,11,14,14,3,0.937,0.01,0.9378
1000,7,10,14,14,4,0.937,0.01,0.9378
1000,7,9,14,14,5,0.937,0.01,0.9378
1000,7,8,14,14,6,0.937,0.01,0.9378
1000,7,7,14,14,7,0.937,0.01,0.9378
1000,7,6,14,14,8,0.9398,0.031,0.9378
1000,7,5,14,14,9,0.942,0.1625,0.9378
1000,7,4,14,14,10,0.939,0.9685,0.9378
1000,8,13,13,14,0,0.938,0.01,0.9386
1000,8,12,13,14,1,0.938,0.01,0.9386
1000,8,11,13,14,2,0.938,0.01,0.9386
1000,8,10,13,14,3,0.938,0.0105,0.9386
1000,8,9,13,14,4,0.938,0.0105,0.9386
1000,8,8,13,14,5,0.9384,0.011,0.9386
1000,8,7,13,14,6,0.9384,0.011,0.9386
1000,8,6,13,14,7,0.94,0.0155,0.9386
1000,8,5,13,14,8,0.9418,0.0375,0.9386
1000,8,4,13,14,9,0.9444,0.1755,0.9386
1000,9,14,14,14,0,0.9296,0.01,0.9294
1000,9,12,14,14,2,0.9296,0.01,0.9294
1000,9,11,14,14,3,0.9296,0.01,0.9294
1000,9,10,14,14,4,0.9296,0.01,0.9294
1000,9,9,14,14,5,0.9296,0.01,0.9294
1000,9,8,14,14,6,0.9296,0.01,0.9294
1000,9,7,14,14,7,0.9296,0.01,0.9294
1000,9,6,14,14,8,0.9314,0.0215,0.9294
1000,9,5,14,14,9,0.9314,0.0215,0.9294
1000,9,4,14,14,10,0.931,0.0215,0.9294
1000,10,14,14,14,0,0.9364,0.01,0.9368
1000,10,12,14,14,2,0.9364,0.01,0.9368
1000,10,11,14,14,3,0.9366,0.0105,0.9368
1000,10,10,14,14,4,0.9366,0.0105,0.9368
1000,10,9,14,14,5,0.9368,0.0105,0.9368
1000,10,8,14,14,6,0.9368,0.0105,0.9368
1000,10,7,14,14,7,0.9368,0.0105,0.9368
1000,10,6,14,14,8,0.9384,0.023,0.9368
1000,10,5,14,14,9,0.94,0.1235,0.9368
1000,10,4,14,14,10,0.9396,0.9225,0.9368
1000,11,14,14,14,0,0.935,0.01,0.9356
1000,11,12,14,14,2,0.935,0.01,0.9356
1000,11,11,14,14,3,0.935,0.01,0.9356
1000,11,10,14,14,4,0.935,0.01,0.9356
1000,11,9,14,14,5,0.935,0.01,0.9356
1000,11,8,14,14,6,0.9356,0.0105,0.9356
1000,11,7,14,14,7,0.9362,0.015,0.9356
1000,11,6,14,14,8,0.938,0.0335,0.9356
1000,11,5,14,14,9,0.941,0.1465,0.9356
1000,11,4,14,14,10,0.9394,0.9485,0.9356
1000,12,13,13,14,0,0.9318,0.01,0.9316
1000,12,12,13,14,1,0.9318,0.01,0.9316
1000,12,11,13,14,2,0.9318,0.01,0.9316
1000,12,10,13,14,3,0.9318,0.01,0.9316
1000,12,9,13,14,4,0.9318,0.01,0.9316
1000,12,8,13,14,5,0.9318,0.01,0.9316
1000,12,7,13,14,6,0.9318,0.01,0.9316
1000,12,6,13,14,7,0.9318,0.01,0.9316
1000,12,5,13,14,8,0.9334,0.0225,0.9316
1000,12,4,13,14,9,0.9332,0.0225,0.9316
1000,13,14,14,14,0,0.9332,0.01,0.9338
1000,13,12,14,14,2,0.9332,0.01,0.9338
1000,13,11,14,14,3,0.9332,0.01,0.9338
1000,13,10,14,14,4,0.9332,0.01,0.9338
1000,13,9,14,14,5,0.9336,0.011,0.9338
1000,13,8,14,14,6,0.9352,0.014,0.9338
1000,13,7,14,14,7,0.9354,0.014,0.9338
1000,13,6,14,14,8,0.9376,0.036,0.9338
1000,13,5,14,14,9,0.9398,0.165,0.9338
1000,13,4,14,14,10,0.9368,0.959,0.9338
1000,14,14,14,14,0,0.9348,0.01,0.9354
1000,14,12,14,14,2,0.9348,0.01,0.9354
1000,14,11,14,14,3,0.9348,0.01,0.9354
1000,14,10,14,14,4,0.9348,0.01,0.9354
1000,14,9,14,14,5,0.9348,0.01,0.9354
1000,14,8,14,14,6,0.936,0.012,0.9354
1000,14,7,14,14,7,0.936,0.012,0.9354
1000,14,6,14,14,8,0.94,0.0265,0.9354
1000,14,5,14,14,9,0.9432,0.1485,0.9354
1000,14,4,14,14,10,0.9372,0.9515,0.9354
1000,15,14,14,14,0,0.9226,0.01,0.9222
1000,15,12,14,14,2,0.9226,0.01,0.9222
1000,15,11,14,14,3,0.9226,0.01,0.9222
1000,15,10,14,14,4,0.9226,0.01,0.9222
1000,15,9,14,14,5,0.923,0.0105,0.9222
1000,15,8,14,14,6,0.923,0.0105,0.9222
1000,15,7,14,14,7,0.923,0.0105,0.9222
1000,15,6,14,14,8,0.923,0.0105,0.9222
1000,15,5,14,14,9,0.923,0.0105,0.9222
1000,15,4,14,14,10,0.9226,0.0105,0.9222
1000,16,14,14,14,0,0.9328,0.01,0.9322
1000,16,12,14,14,2,0.9328,0.01,0.9322
1000,16,11,14,14,3,0.9328,0.01,0.9322
1000,16,10,14,14,4,0.9328,0.01,0.9322
1000,16,9,14,14,5,0.933,0.011,0.9322
1000,16,8,14,14,6,0.933,0.011,0.9322
1000,16,7,14,14,7,0.9342,0.015,0.9322
1000,16,6,14,14,8,0.936,0.0395,0.9322
1000,16,5,14,14,9,0.9392,0.151,0.9322
1000,16,4,14,14,10,0.9382,0.9575,0.9322
1000,17,14,14,14,0,0.941,0.01,0.9402
1000,17,12,14,14,2,0.941,0.01,0.9402
1000,17,11,14,14,3,0.941,0.01,0.9402
1000,17,10,14,14,4,0.941,0.01,0.9402
1000,17,9,14,14,5,0.941,0.01,0.9402
1000,17,8,14,14,6,0.9414,0.014,0.9402
1000,17,7,14,14,7,0.9426,0.021,0.9402
1000,17,6,14,14,8,0.9424,0.021,0.9402
1000,17,5,14,14,9,0.9424,0.021,0.9402
1000,17,4,14,14,10,0.9418,0.021,0.9402
1000,18,14,14,14,0,0.9344,0.01,0.935
1000,18,12,14,14,2,0.9344,0.01,0.935
1000,18,11,14,14,3,0.9346,0.0105,0.935
1000,18,10,14,14,4,0.9346,0.0105,0.935
1000,18,9,14,14,5,0.9346,0.0105,0.935
1000,18,8,14,14,6,0.9346,0.0105,0.935
1000,18,7,14,14,7,0.9346,0.0105,0.935
1000,18,6,14,14,8,0.9346,0.0105,0.935
1000,18,5,14,14,9,0.9344,0.0105,0.935
1000,18,4,14,14,10,0.9336,0.0105,0.935
1000,19,14,14,14,0,0.9268,0.01,0.9278
1000,19,12,14,14,2,0.927,0.01,0.9278
1000,19,11,14,14,3,0.927,0.01,0.9278
1000,19,10,14,14,4,0.927,0.01,0.9278
1000,19,9,14,14,5,0.927,0.01,0.9278
1000,19,8,14,14,6,0.927,0.01,0.9278
1000,19,7,14,14,7,0.927,0.01,0.9278
1000,19,6,14,14,8,0.9298,0.0275,0.9278
1000,19,5,14,14,9,0.9298,0.0275,0.9278
1000,19,4,14,14,10,0.9286,0.0275,0.9278
