N,seed,q_bits,domain_min,domain_max,bucket_width,rounds,nominal_dir,nominal_fpir,cap_dir,cap_fpir,cap_threshold_bucket
64,0,3,-2038,3338,1,13,0.9125,0.01,0.9125,0.01,2345
64,0,3,-2038,3338,2,12,0.9125,0.01,0.9125,0.01,1172
64,0,3,-2038,3338,4,11,0.9125,0.0105,0.9125,0.0095,585
64,0,3,-2038,3338,6,10,0.9125,0.01,0.9125,0.01,390
64,0,3,-2038,3338,8,10,0.9125,0.013,0.9125,0.0095,292
64,0,3,-2038,3338,11,9,0.9125,0.0135,0.9125,0.0095,212
64,0,3,-2038,3338,16,9,0.9125,0.013,0.9125,0.0075,145
64,0,3,-2038,3338,22,8,0.9125,0.0135,0.9125,0.007,105
64,0,3,-2038,3338,32,8,0.9125,0.0205,0.9125,0.0075,72
64,1,3,-2024,3352,1,13,0.940625,0.01,0.940625,0.01,2346
64,1,3,-2024,3352,2,12,0.940625,0.011,0.940625,0.0095,1172
64,1,3,-2024,3352,4,11,0.940625,0.011,0.940625,0.0085,585
64,1,3,-2024,3352,6,10,0.940625,0.0125,0.940625,0.0095,390
64,1,3,-2024,3352,8,10,0.940625,0.0125,0.940625,0.0085,292
64,1,3,-2024,3352,11,9,0.940625,0.013,0.940625,0.008,212
64,1,3,-2024,3352,16,9,0.940625,0.0125,0.9375,0.0045,145
64,1,3,-2024,3352,22,8,0.940625,0.013,0.9375,0.0035,105
64,1,3,-2024,3352,32,8,0.940625,0.025,0.9375,0.0045,72
64,2,3,-2016,3336,1,13,0.909375,0.01,0.909375,0.01,2335
64,2,3,-2016,3336,2,12,0.909375,0.01,0.909375,0.01,1167
64,2,3,-2016,3336,4,11,0.909375,0.01,0.909375,0.01,583
64,2,3,-2016,3336,6,10,0.909375,0.013,0.909375,0.0085,388
64,2,3,-2016,3336,8,10,0.909375,0.01,0.909375,0.01,291
64,2,3,-2016,3336,11,9,0.909375,0.016,0.909375,0.0075,211
64,2,3,-2016,3336,16,9,0.909375,0.01,0.909375,0.01,145
64,2,3,-2016,3336,22,8,0.909375,0.0205,0.909375,0.0075,105
64,2,3,-2016,3336,32,8,0.909375,0.01,0.909375,0.01,72
64,3,3,-2039,3352,1,13,0.9625,0.011,0.9625,0.0095,2341
64,3,3,-2039,3352,2,12,0.9625,0.011,0.9625,0.0095,1170
64,3,3,-2039,3352,4,11,0.9625,0.011,0.9625,0.0085,584
64,3,3,-2039,3352,6,10,0.9625,0.011,0.9625,0.0085,389
64,3,3,-2039,3352,8,10,0.9625,0.011,0.9625,0.0075,291
64,3,3,-2039,3352,11,9,0.9625,0.0135,0.9625,0.0095,212
64,3,3,-2039,3352,16,9,0.9625,0.0135,0.9625,0.0075,145
64,3,3,-2039,3352,22,8,0.9625,0.0135,0.959375,0.0075,105
64,3,3,-2039,3352,32,8,0.9625,0.021,0.9625,0.0075,72
64,4,3,-2047,3341,1,13,0.909375,0.01,0.909375,0.01,2364
64,4,3,-2047,3341,2,12,0.909375,0.01,0.909375,0.01,1182
64,4,3,-2047,3341,4,11,0.909375,0.01,0.909375,0.01,591
64,4,3,-2047,3341,6,10,0.909375,0.0115,0.90625,0.0095,393
64,4,3,-2047,3341,8,10,0.909375,0.01,0.909375,0.01,295
64,4,3,-2047,3341,11,9,0.909375,0.01,0.909375,0.01,214
64,4,3,-2047,3341,16,9,0.909375,0.01,0.909375,0.01,147
64,4,3,-2047,3341,22,8,0.909375,0.0145,0.90625,0.0065,106
64,4,3,-2047,3341,32,8,0.909375,0.01,0.909375,0.01,73
64,5,3,-2009,3296,1,13,0.9625,0.01,0.9625,0.01,2313
64,5,3,-2009,3296,2,12,0.9625,0.01,0.9625,0.01,1156
64,5,3,-2009,3296,4,11,0.9625,0.0105,0.9625,0.009,577
64,5,3,-2009,3296,6,10,0.9625,0.0105,0.9625,0.008,384
64,5,3,-2009,3296,8,10,0.9625,0.0105,0.9625,0.009,288
64,5,3,-2009,3296,11,9,0.9625,0.0105,0.9625,0.008,209
64,5,3,-2009,3296,16,9,0.9625,0.0105,0.959375,0.0075,143
64,5,3,-2009,3296,22,8,0.9625,0.015,0.9625,0.008,104
64,5,3,-2009,3296,32,8,0.9625,0.018,0.959375,0.0075,71
64,6,3,-2041,3332,1,13,0.94375,0.01,0.94375,0.01,2358
64,6,3,-2041,3332,2,12,0.94375,0.0105,0.94375,0.0095,1178
64,6,3,-2041,3332,4,11,0.94375,0.0105,0.94375,0.008,588
64,6,3,-2041,3332,6,10,0.94375,0.0115,0.94375,0.0095,392
64,6,3,-2041,3332,8,10,0.94375,0.0105,0.94375,0.007,293
64,6,3,-2041,3332,11,9,0.94375,0.0115,0.94375,0.007,213
64,6,3,-2041,3332,16,9,0.94375,0.014,0.94375,0.007,146
64,6,3,-2041,3332,22,8,0.946875,0.0195,0.94375,0.007,106
64,6,3,-2041,3332,32,8,0.94375,0.014,0.94375,0.0045,72
64,7,3,-2005,3302,1,13,0.94375,0.01,0.94375,0.01,2319
64,7,3,-2005,3302,2,12,0.94375,0.01,0.94375,0.01,1159
64,7,3,-2005,3302,4,11,0.94375,0.01,0.94375,0.01,579
64,7,3,-2005,3302,6,10,0.94375,0.0105,0.94375,0.0085,385
64,7,3,-2005,3302,8,10,0.94375,0.01,0.94375,0.01,289
64,7,3,-2005,3302,11,9,0.94375,0.0105,0.94375,0.008,209
64,7,3,-2005,3302,16,9,0.94375,0.01,0.94375,0.01,144
64,7,3,-2005,3302,22,8,0.94375,0.014,0.94375,0.008,104
64,7,3,-2005,3302,32,8,0.94375,0.016,0.94375,0.0065,71
64,8,3,-1996,3305,1,13,0.940625,0.01,0.940625,0.01,2305
64,8,3,-1996,3305,2,12,0.940625,0.01,0.940625,0.01,1152
64,8,3,-1996,3305,4,11,0.940625,0.01,0.940625,0.01,576
64,8,3,-1996,3305,6,10,0.940625,0.011,0.940625,0.0085,383
64,8,3,-1996,3305,8,10,0.940625,0.012,0.940625,0.0085,287
64,8,3,-1996,3305,11,9,0.940625,0.011,0.940625,0.0065,208
64,8,3,-1996,3305,16,9,0.940625,0.0175,0.940625,0.0085,143
64,8,3,-1996,3305,22,8,0.940625,0.011,0.940625,0.0055,103
64,8,3,-1996,3305,32,8,0.940625,0.0275,0.940625,0.0085,71
64,9,3,-2001,3308,1,13,0.93125,0.0105,0.93125,0.0095,2310
64,9,3,-2001,3308,2,12,0.93125,0.0105,0.93125,0.0085,1153
64,9,3,-2001,3308,4,11,0.93125,0.0105,0.93125,0.0085,576
64,9,3,-2001,3308,6,10,0.93125,0.0115,0.93125,0.0085,384
64,9,3,-2001,3308,8,10,0.93125,0.0105,0.93125,0.008,287
64,9,3,-2001,3308,11,9,0.93125,0.012,0.93125,0.0085,209
64,9,3,-2001,3308,16,9,0.93125,0.012,0.93125,0.008,143
64,9,3,-2001,3308,22,8,0.93125,0.0175,0.93125,0.0085,104
64,9,3,-2001,3308,32,8,0.93125,0.0185,0.93125,0.008,71
64,10,3,-2025,3315,1,13,0.946875,0.01,0.946875,0.01,2340
64,10,3,-2025,3315,2,12,0.946875,0.0105,0.946875,0.009,1169
64,10,3,-2025,3315,4,11,0.946875,0.011,0.946875,0.009,584
64,10,3,-2025,3315,6,10,0.946875,0.0115,0.946875,0.009,389
64,10,3,-2025,3315,8,10,0.946875,0.011,0.946875,0.0085,291
64,10,3,-2025,3315,11,9,0.946875,0.011,0.946875,0.007,211
64,10,3,-2025,3315,16,9,0.946875,0.0145,0.946875,0.0085,145
64,10,3,-2025,3315,22,8,0.946875,0.0165,0.946875,0.007,105
64,10,3,-2025,3315,32,8,0.946875,0.026,0.946875,0.0085,72
64,11,3,-2048,3328,1,13,0.95,0.0105,0.95,0.0095,2349
64,11,3,-2048,3328,2,12,0.95,0.0105,0.95,0.0095,1174
64,11,3,-2048,3328,4,11,0.95,0.0105,0.95,0.0095,587
64,11,3,-2048,3328,6,10,0.95,0.0105,0.95,0.0095,391
64,11,3,-2048,3328,8,10,0.95,0.0105,0.95,0.0095,293
64,11,3,-2048,3328,11,9,0.95,0.0125,0.95,0.0095,213
64,11,3,-2048,3328,16,9,0.95,0.0155,0.95,0.0095,146
64,11,3,-2048,3328,22,8,0.95,0.017,0.95,0.0095,106
64,11,3,-2048,3328,32,8,0.95,0.0155,0.95,0.0055,72
64,12,3,-1999,3297,1,13,0.91875,0.01,0.91875,0.01,2309
64,12,3,-1999,3297,2,12,0.91875,0.01,0.91875,0.01,1154
64,12,3,-1999,3297,4,11,0.91875,0.011,0.91875,0.0085,576
64,12,3,-1999,3297,6,10,0.91875,0.01,0.91875,0.01,384
64,12,3,-1999,3297,8,10,0.91875,0.011,0.91875,0.007,287
64,12,3,-1999,3297,11,9,0.91875,0.01,0.91875,0.01,209
64,12,3,-1999,3297,16,9,0.91875,0.0135,0.91875,0.007,143
64,12,3,-1999,3297,22,8,0.91875,0.01,0.91875,0.01,104
64,12,3,-1999,3297,32,8,0.925,0.0205,0.91875,0.007,71
64,13,3,-2059,3353,1,13,0.9625,0.01,0.9625,0.01,2362
64,13,3,-2059,3353,2,12,0.9625,0.0105,0.9625,0.0095,1180
64,13,3,-2059,3353,4,11,0.9625,0.0105,0.9625,0.0085,589
64,13,3,-2059,3353,6,10,0.9625,0.0105,0.9625,0.0085,392
64,13,3,-2059,3353,8,10,0.9625,0.0115,0.9625,0.0085,294
64,13,3,-2059,3353,11,9,0.9625,0.0105,0.9625,0.0075,213
64,13,3,-2059,3353,16,9,0.9625,0.0115,0.9625,0.0075,146
64,13,3,-2059,3353,22,8,0.9625,0.017,0.9625,0.0075,106
64,13,3,-2059,3353,32,8,0.9625,0.0115,0.9625,0.0055,72
64,14,3,-2021,3343,1,13,0.95,0.01,0.95,0.01,2332
64,14,3,-2021,3343,2,12,0.95,0.0115,0.95,0.0095,1165
64,14,3,-2021,3343,4,11,0.95,0.012,0.95,0.0095,582
64,14,3,-2021,3343,6,10,0.95,0.0115,0.95,0.007,387
64,14,3,-2021,3343,8,10,0.95,0.012,0.95,0.007,290
64,14,3,-2021,3343,11,9,0.95,0.0145,0.95,0.0095,211
64,14,3,-2021,3343,16,9,0.95,0.012,0.946875,0.0055,144
64,14,3,-2021,3343,22,8,0.95,0.018,0.95,0.0095,105
64,14,3,-2021,3343,32,8,0.95,0.012,0.946875,0.005,71
64,15,3,-1991,3300,1,13,0.95625,0.01,0.95625,0.01,2317
64,15,3,-1991,3300,2,12,0.95625,0.01,0.95625,0.01,1158
64,15,3,-1991,3300,4,11,0.95625,0.0105,0.95625,0.009,578
64,15,3,-1991,3300,6,10,0.95625,0.011,0.95625,0.009,385
64,15,3,-1991,3300,8,10,0.95625,0.0105,0.95625,0.0075,288
64,15,3,-1991,3300,11,9,0.95625,0.0105,0.95625,0.007,209
64,15,3,-1991,3300,16,9,0.95625,0.0105,0.95625,0.0065,143
64,15,3,-1991,3300,22,8,0.95625,0.0175,0.95625,0.007,104
64,15,3,-1991,3300,32,8,0.95625,0.022,0.95625,0.0065,71
64,16,3,-2004,3300,1,13,0.925,0.01,0.925,0.01,2306
64,16,3,-2004,3300,2,12,0.925,0.01,0.925,0.01,1153
64,16,3,-2004,3300,4,11,0.925,0.01,0.925,0.01,576
64,16,3,-2004,3300,6,10,0.925,0.01,0.925,0.01,384
64,16,3,-2004,3300,8,10,0.925,0.0105,0.925,0.009,287
64,16,3,-2004,3300,11,9,0.925,0.01,0.925,0.01,209
64,16,3,-2004,3300,16,9,0.925,0.0125,0.925,0.009,143
64,16,3,-2004,3300,22,8,0.925,0.01,0.925,0.01,104
64,16,3,-2004,3300,32,8,0.93125,0.018,0.925,0.009,71
64,17,3,-2059,3353,1,13,0.925,0.01,0.925,0.01,2383
64,17,3,-2059,3353,2,12,0.925,0.01,0.925,0.01,1191
64,17,3,-2059,3353,4,11,0.925,0.01,0.925,0.01,595
64,17,3,-2059,3353,6,10,0.925,0.012,0.925,0.0095,396
64,17,3,-2059,3353,8,10,0.925,0.01,0.925,0.01,297
64,17,3,-2059,3353,11,9,0.925,0.0115,0.925,0.0085,215
64,17,3,-2059,3353,16,9,0.925,0.01,0.925,0.01,148
64,17,3,-2059,3353,22,8,0.925,0.0185,0.925,0.0085,107
64,17,3,-2059,3353,32,8,0.925,0.02,0.925,0.0065,73
64,18,3,-2007,3333,1,13,0.959375,0.0105,0.959375,0.0095,2315
64,18,3,-2007,3333,2,12,0.959375,0.0105,0.959375,0.0095,1157
64,18,3,-2007,3333,4,11,0.959375,0.0105,0.959375,0.0095,578
64,18,3,-2007,3333,6,10,0.959375,0.011,0.959375,0.0095,385
64,18,3,-2007,3333,8,10,0.959375,0.0105,0.959375,0.0075,288
64,18,3,-2007,3333,11,9,0.959375,0.011,0.959375,0.0065,209
64,18,3,-2007,3333,16,9,0.959375,0.0105,0.959375,0.0055,143
64,18,3,-2007,3333,22,8,0.959375,0.016,0.959375,0.0065,104
64,18,3,-2007,3333,32,8,0.959375,0.0175,0.959375,0.0055,71
64,19,3,-1999,3317,1,13,0.946875,0.01,0.946875,0.01,2302
64,19,3,-1999,3317,2,12,0.946875,0.01,0.946875,0.01,1151
64,19,3,-1999,3317,4,11,0.946875,0.01,0.946875,0.01,575
64,19,3,-1999,3317,6,10,0.946875,0.01,0.946875,0.01,383
64,19,3,-1999,3317,8,10,0.946875,0.01,0.946875,0.01,287
64,19,3,-1999,3317,11,9,0.946875,0.0115,0.946875,0.0085,208
64,19,3,-1999,3317,16,9,0.946875,0.01,0.946875,0.01,143
64,19,3,-1999,3317,22,8,0.946875,0.0115,0.946875,0.0045,103
64,19,3,-1999,3317,32,8,0.946875,0.01,0.946875,0.01,71
128,0,3,-2038,3357,1,13,0.9421875,0.0105,0.9421875,0.0095,2322
128,0,3,-2038,3357,2,12,0.9421875,0.011,0.9421875,0.0095,1161
128,0,3,-2038,3357,4,11,0.9421875,0.011,0.9421875,0.0095,580
128,0,3,-2038,3357,6,10,0.9421875,0.011,0.9421875,0.009,386
128,0,3,-2038,3357,8,10,0.9421875,0.011,0.9421875,0.0085,289
128,0,3,-2038,3357,11,9,0.9421875,0.012,0.9421875,0.0085,210
128,0,3,-2038,3357,16,9,0.9421875,0.013,0.9421875,0.0085,144
128,0,3,-2038,3357,22,8,0.9421875,0.012,0.9421875,0.006,104
128,0,3,-2038,3357,32,8,0.9421875,0.013,0.940625,0.0055,71
128,1,3,-2024,3352,1,13,0.909375,0.01,0.909375,0.01,2311
128,1,3,-2024,3352,2,12,0.909375,0.01,0.909375,0.01,1155
128,1,3,-2024,3352,4,11,0.909375,0.01,0.909375,0.01,577
128,1,3,-2024,3352,6,10,0.9109375,0.0105,0.909375,0.009,384
128,1,3,-2024,3352,8,10,0.909375,0.01,0.909375,0.01,288
128,1,3,-2024,3352,11,9,0.9109375,0.012,0.909375,0.009,209
128,1,3,-2024,3352,16,9,0.9109375,0.012,0.909375,0.0085,143
128,1,3,-2024,3352,22,8,0.9125,0.016,0.909375,0.009,104
128,1,3,-2024,3352,32,8,0.9140625,0.018,0.909375,0.0085,71
128,2,3,-2007,3309,1,13,0.925,0.01,0.925,0.01,2303
128,2,3,-2007,3309,2,12,0.925,0.01,0.925,0.01,1151
128,2,3,-2007,3309,4,11,0.925,0.01,0.925,0.01,575
128,2,3,-2007,3309,6,10,0.925,0.01,0.925,0.01,383
128,2,3,-2007,3309,8,10,0.925,0.01,0.925,0.01,287
128,2,3,-2007,3309,11,9,0.9265625,0.0125,0.925,0.008,208
128,2,3,-2007,3309,16,9,0.925,0.01,0.925,0.01,143
128,2,3,-2007,3309,22,8,0.9265625,0.0125,0.925,0.0065,103
128,2,3,-2007,3309,32,8,0.925,0.01,0.925,0.01,71
128,3,3,-2036,3352,1,13,0.940625,0.0105,0.9390625,0.0095,2319
128,3,3,-2036,3352,2,12,0.940625,0.011,0.9390625,0.0095,1159
128,3,3,-2036,3352,4,11,0.940625,0.0115,0.9390625,0.0095,579
128,3,3,-2036,3352,6,10,0.940625,0.011,0.9390625,0.009,385
128,3,3,-2036,3352,8,10,0.940625,0.0125,0.9390625,0.0095,289
128,3,3,-2036,3352,11,9,0.940625,0.0105,0.9390625,0.007,209
128,3,3,-2036,3352,16,9,0.940625,0.0135,0.9390625,0.0095,144
128,3,3,-2036,3352,22,8,0.940625,0.0125,0.9390625,0.007,104
128,3,3,-2036,3352,32,8,0.940625,0.0135,0.9359375,0.0065,71
128,4,3,-2050,3350,1,13,0.9265625,0.011,0.9265625,0.009,2346
128,4,3,-2050,3350,2,12,0.9265625,0.011,0.9265625,0.0075,1171
128,4,3,-2050,3350,4,11,0.9265625,0.011,0.9265625,0.0075,585
128,4,3,-2050,3350,6,10,0.9265625,0.0135,0.9265625,0.0075,390
128,4,3,-2050,3350,8,10,0.9265625,0.0135,0.9265625,0.0075,292
128,4,3,-2050,3350,11,9,0.9265625,0.016,0.9265625,0.007,212
128,4,3,-2050,3350,16,9,0.9265625,0.0135,0.925,0.006,145
128,4,3,-2050,3350,22,8,0.9265625,0.016,0.925,0.006,105
128,4,3,-2050,3350,32,8,0.928125,0.024,0.925,0.006,72
128,5,3,-2030,3322,1,13,0.94375,0.01,0.94375,0.01,2326
128,5,3,-2030,3322,2,12,0.9453125,0.0105,0.94375,0.0095,1161
128,5,3,-2030,3322,4,11,0.9453125,0.0105,0.94375,0.0095,580
128,5,3,-2030,3322,6,10,0.9453125,0.0105,0.94375,0.0075,386
128,5,3,-2030,3322,8,10,0.9453125,0.0105,0.94375,0.007,289
128,5,3,-2030,3322,11,9,0.9453125,0.0125,0.94375,0.007,210
128,5,3,-2030,3322,16,9,0.9453125,0.014,0.94375,0.007,144
128,5,3,-2030,3322,22,8,0.9453125,0.0125,0.94375,0.005,104
128,5,3,-2030,3322,32,8,0.9453125,0.014,0.94375,0.004,71
128,6,3,-2046,3348,1,13,0.9140625,0.01,0.9140625,0.01,2341
128,6,3,-2046,3348,2,12,0.9140625,0.01,0.9140625,0.01,1170
128,6,3,-2046,3348,4,11,0.9140625,0.011,0.9140625,0.0085,582
128,6,3,-2046,3348,6,10,0.9140625,0.013,0.9140625,0.0085,388
128,6,3,-2046,3348,8,10,0.9140625,0.011,0.9140625,0.0085,291
128,6,3,-2046,3348,11,9,0.9140625,0.011,0.9140625,0.0085,211
128,6,3,-2046,3348,16,9,0.9140625,0.018,0.9140625,0.0085,145
128,6,3,-2046,3348,22,8,0.9140625,0.0185,0.9140625,0.0085,105
128,6,3,-2046,3348,32,8,0.915625,0.0305,0.9140625,0.0085,72
128,7,3,-2004,3302,1,13,0.953125,0.0105,0.953125,0.0095,2283
128,7,3,-2004,3302,2,12,0.953125,0.0105,0.953125,0.0095,1141
128,7,3,-2004,3302,4,11,0.953125,0.013,0.953125,0.0095,570
128,7,3,-2004,3302,6,10,0.953125,0.0105,0.953125,0.008,379
128,7,3,-2004,3302,8,10,0.953125,0.013,0.953125,0.008,284
128,7,3,-2004,3302,11,9,0.953125,0.013,0.953125,0.007,206
128,7,3,-2004,3302,16,9,0.953125,0.013,0.953125,0.0065,141
128,7,3,-2004,3302,22,8,0.953125,0.013,0.9515625,0.005,102
128,7,3,-2004,3302,32,8,0.953125,0.016,0.953125,0.0065,70
128,8,3,-2007,3312,1,13,0.94375,0.0105,0.94375,0.0095,2292
128,8,3,-2007,3312,2,12,0.94375,0.0115,0.94375,0.0095,1146
128,8,3,-2007,3312,4,11,0.94375,0.012,0.94375,0.0095,573
128,8,3,-2007,3312,6,10,0.94375,0.0115,0.94375,0.009,381
128,8,3,-2007,3312,8,10,0.94375,0.013,0.94375,0.0095,286
128,8,3,-2007,3312,11,9,0.94375,0.012,0.94375,0.0075,207
128,8,3,-2007,3312,16,9,0.94375,0.013,0.94375,0.0075,142
128,8,3,-2007,3312,22,8,0.94375,0.017,0.94375,0.0075,103
128,8,3,-2007,3312,32,8,0.94375,0.013,0.9421875,0.0025,70
128,9,3,-2078,3418,1,13,0.934375,0.01,0.934375,0.01,2369
128,9,3,-2078,3418,2,12,0.934375,0.01,0.934375,0.01,1184
128,9,3,-2078,3418,4,11,0.934375,0.01,0.934375,0.01,592
128,9,3,-2078,3418,6,10,0.934375,0.01,0.934375,0.01,394
128,9,3,-2078,3418,8,10,0.934375,0.0125,0.9328125,0.009,295
128,9,3,-2078,3418,11,9,0.934375,0.0125,0.9296875,0.008,214
128,9,3,-2078,3418,16,9,0.934375,0.015,0.9328125,0.009,147
128,9,3,-2078,3418,22,8,0.934375,0.0125,0.9296875,0.0065,106
128,9,3,-2078,3418,32,8,0.934375,0.026,0.9328125,0.009,73
128,10,3,-2024,3304,1,13,0.9453125,0.0105,0.9453125,0.0095,2315
128,10,3,-2024,3304,2,12,0.9453125,0.011,0.9453125,0.0095,1157
128,10,3,-2024,3304,4,11,0.9453125,0.011,0.9453125,0.0095,578
128,10,3,-2024,3304,6,10,0.9453125,0.012,0.9453125,0.0095,385
128,10,3,-2024,3304,8,10,0.9453125,0.011,0.9453125,0.0075,288
128,10,3,-2024,3304,11,9,0.9453125,0.0115,0.9453125,0.007,209
128,10,3,-2024,3304,16,9,0.9453125,0.011,0.9453125,0.006,143
128,10,3,-2024,3304,22,8,0.9453125,0.018,0.9453125,0.007,104
128,10,3,-2024,3304,32,8,0.9453125,0.02,0.9453125,0.006,71
128,11,3,-2048,3335,1,13,0.9453125,0.01,0.9453125,0.01,2341
128,11,3,-2048,3335,2,12,0.9453125,0.01,0.9453125,0.01,1170
128,11,3,-2048,3335,4,11,0.9453125,0.0105,0.9453125,0.009,584
128,11,3,-2048,3335,6,10,0.9453125,0.011,0.9453125,0.009,389
128,11,3,-2048,3335,8,10,0.9453125,0.0105,0.9453125,0.0085,291
128,11,3,-2048,3335,11,9,0.9453125,0.0105,0.9453125,0.0065,211
128,11,3,-2048,3335,16,9,0.9453125,0.0125,0.9453125,0.0085,145
128,11,3,-2048,3335,22,8,0.9453125,0.013,0.9453125,0.0065,105
128,11,3,-2048,3335,32,8,0.9453125,0.0205,0.9453125,0.0085,72
128,12,3,-1999,3297,1,13,0.9359375,0.01,0.9359375,0.01,2280
128,12,3,-1999,3297,2,12,0.9359375,0.01,0.9359375,0.01,1140
128,12,3,-1999,3297,4,11,0.9359375,0.0105,0.9328125,0.0095,568
128,12,3,-1999,3297,6,10,0.9359375,0.012,0.934375,0.0095,379
128,12,3,-1999,3297,8,10,0.9359375,0.012,0.934375,0.0095,284
128,12,3,-1999,3297,11,9,0.9359375,0.012,0.934375,0.0095,206
128,12,3,-1999,3297,16,9,0.9359375,0.012,0.93125,0.0085,141
128,12,3,-1999,3297,22,8,0.9359375,0.012,0.93125,0.0075,102
128,12,3,-1999,3297,32,8,0.9375,0.0175,0.93125,0.0085,70
128,13,3,-2056,3344,1,13,0.9578125,0.01,0.9578125,0.01,2351
128,13,3,-2056,3344,2,12,0.9578125,0.01,0.9578125,0.01,1175
128,13,3,-2056,3344,4,11,0.9578125,0.01,0.9578125,0.01,587
128,13,3,-2056,3344,6,10,0.9578125,0.01,0.9578125,0.01,391
128,13,3,-2056,3344,8,10,0.9578125,0.01,0.9578125,0.01,293
128,13,3,-2056,3344,11,9,0.9578125,0.0105,0.95625,0.006,212
128,13,3,-2056,3344,16,9,0.9578125,0.01,0.9578125,0.01,146
128,13,3,-2056,3344,22,8,0.9578125,0.0105,0.95625,0.004,105
128,13,3,-2056,3344,32,8,0.9578125,0.016,0.95625,0.004,72
128,14,3,-2018,3334,1,13,0.9515625,0.011,0.95,0.0095,2314
128,14,3,-2018,3334,2,12,0.9515625,0.011,0.95,0.009,1154
128,14,3,-2018,3334,4,11,0.9515625,0.011,0.95,0.009,577
128,14,3,-2018,3334,6,10,0.9515625,0.011,0.95,0.009,384
128,14,3,-2018,3334,8,10,0.9515625,0.013,0.95,0.009,288
128,14,3,-2018,3334,11,9,0.9515625,0.0135,0.95,0.009,209
128,14,3,-2018,3334,16,9,0.9515625,0.013,0.9484375,0.0065,143
128,14,3,-2018,3334,22,8,0.9546875,0.0215,0.95,0.009,104
128,14,3,-2018,3334,32,8,0.9546875,0.025,0.9484375,0.0065,71
128,15,3,-2024,3310,1,13,0.946875,0.0105,0.9453125,0.0095,2327
128,15,3,-2024,3310,2,12,0.946875,0.0105,0.9453125,0.0095,1163
128,15,3,-2024,3310,4,11,0.946875,0.0115,0.9453125,0.0095,581
128,15,3,-2024,3310,6,10,0.946875,0.0125,0.9453125,0.0095,387
128,15,3,-2024,3310,8,10,0.946875,0.0145,0.9453125,0.0095,290
128,15,3,-2024,3310,11,9,0.946875,0.0115,0.9453125,0.0065,210
128,15,3,-2024,3310,16,9,0.946875,0.0145,0.9453125,0.006,144
128,15,3,-2024,3310,22,8,0.946875,0.0115,0.94375,0.0055,104
128,15,3,-2024,3310,32,8,0.946875,0.0145,0.94375,0.005,71
128,16,3,-2043,3346,1,13,0.928125,0.0105,0.928125,0.008,2341
128,16,3,-2043,3346,2,12,0.928125,0.0105,0.928125,0.008,1170
128,16,3,-2043,3346,4,11,0.928125,0.0105,0.928125,0.008,585
128,16,3,-2043,3346,6,10,0.928125,0.0105,0.928125,0.007,389
128,16,3,-2043,3346,8,10,0.928125,0.012,0.928125,0.008,292
128,16,3,-2043,3346,11,9,0.928125,0.013,0.928125,0.008,212
128,16,3,-2043,3346,16,9,0.928125,0.012,0.928125,0.0065,145
128,16,3,-2043,3346,22,8,0.928125,0.013,0.928125,0.006,105
128,16,3,-2043,3346,32,8,0.9328125,0.0235,0.928125,0.0065,72
128,17,3,-2076,3420,1,13,0.940625,0.0105,0.940625,0.0095,2359
128,17,3,-2076,3420,2,12,0.940625,0.0105,0.940625,0.0095,1179
128,17,3,-2076,3420,4,11,0.940625,0.0105,0.940625,0.0095,589
128,17,3,-2076,3420,6,10,0.940625,0.0105,0.940625,0.0085,392
128,17,3,-2076,3420,8,10,0.940625,0.011,0.940625,0.0095,294
128,17,3,-2076,3420,11,9,0.940625,0.011,0.940625,0.008,213
128,17,3,-2076,3420,16,9,0.940625,0.011,0.940625,0.0065,146
128,17,3,-2076,3420,22,8,0.940625,0.0155,0.940625,0.008,106
128,17,3,-2076,3420,32,8,0.940625,0.011,0.9390625,0.004,72
128,18,3,-2047,3341,1,13,0.9578125,0.0115,0.9546875,0.0095,2336
128,18,3,-2047,3341,2,12,0.9578125,0.0115,0.95625,0.0095,1168
128,18,3,-2047,3341,4,11,0.9578125,0.0115,0.9546875,0.009,583
128,18,3,-2047,3341,6,10,0.9578125,0.0115,0.9546875,0.0075,388
128,18,3,-2047,3341,8,10,0.9578125,0.0135,0.9546875,0.009,291
128,18,3,-2047,3341,11,9,0.9578125,0.013,0.9546875,0.0075,211
128,18,3,-2047,3341,16,9,0.9578125,0.0165,0.9546875,0.009,145
128,18,3,-2047,3341,22,8,0.9578125,0.019,0.9546875,0.0075,105
128,18,3,-2047,3341,32,8,0.9609375,0.031,0.9546875,0.009,72
128,19,3,-2028,3348,1,13,0.925,0.0105,0.925,0.009,2317
128,19,3,-2028,3348,2,12,0.925,0.0105,0.925,0.009,1158
128,19,3,-2028,3348,4,11,0.925,0.0105,0.925,0.0075,578
128,19,3,-2028,3348,6,10,0.925,0.0115,0.925,0.0075,385
128,19,3,-2028,3348,8,10,0.925,0.0105,0.925,0.006,288
128,19,3,-2028,3348,11,9,0.925,0.011,0.925,0.005,209
128,19,3,-2028,3348,16,9,0.925,0.0105,0.925,0.004,143
128,19,3,-2028,3348,22,8,0.9265625,0.014,0.925,0.005,104
128,19,3,-2028,3348,32,8,0.9265625,0.0165,0.925,0.004,71
