scene,name,repetition,new_token,reference_token,new_ns,reference_ns,campaign,comparison,new_high_load,new_unknown_load,reference_high_load,reference_unknown_load
12,aligned_last_128_-1,2,measured/2/12/2/dag_ready,measured/2/12/0/qualified_parent,1818828542,1738111084,initial,dag_ready/qualified_parent,,,,
12,aligned_last_128_-1,3,measured/3/12/1/dag_ready,measured/3/12/0/qualified_parent,1927165083,1867638625,initial,dag_ready/qualified_parent,,,,
12,aligned_last_128_-1,4,measured/4/12/2/dag_ready,measured/4/12/1/qualified_parent,1905767417,1850627292,initial,dag_ready/qualified_parent,,,,
12,aligned_last_128_-1,5,measured/5/12/1/dag_ready,measured/5/12/2/qualified_parent,1827152167,1754735083,initial,dag_ready/qualified_parent,,,,
12,aligned_last_128_-1,6,measured/6/12/0/dag_ready,measured/6/12/1/qualified_parent,1801638416,1735501000,initial,dag_ready/qualified_parent,,,,
12,aligned_last_128_-1,7,measured/7/12/0/dag_ready,measured/7/12/2/qualified_parent,1805137542,1787993042,initial,dag_ready/qualified_parent,,,,
13,general_last_128_273,2,measured/2/13/2/dag_ready,measured/2/13/0/qualified_parent,1821249166,1760855958,initial,dag_ready/qualified_parent,,,,
13,general_last_128_273,3,measured/3/13/1/dag_ready,measured/3/13/0/qualified_parent,1936343708,1809169125,initial,dag_ready/qualified_parent,,,,
13,general_last_128_273,4,measured/4/13/2/dag_ready,measured/4/13/1/qualified_parent,1902244541,1858572958,initial,dag_ready/qualified_parent,,,,
13,general_last_128_273,5,measured/5/13/1/dag_ready,measured/5/13/2/qualified_parent,1814590584,1746908916,initial,dag_ready/qualified_parent,,,,
13,general_last_128_273,6,measured/6/13/0/dag_ready,measured/6/13/1/qualified_parent,1790513292,1745428959,initial,dag_ready/qualified_parent,,,,
13,general_last_128_273,7,measured/7/13/0/dag_ready,measured/7/13/2/qualified_parent,1926181459,1831319334,initial,dag_ready/qualified_parent,,,,
14,mixed_last_128_273,2,measured/2/14/2/dag_ready,measured/2/14/0/qualified_parent,1832204250,1719954500,initial,dag_ready/qualified_parent,,,,
14,mixed_last_128_273,3,measured/3/14/1/dag_ready,measured/3/14/0/qualified_parent,1841864417,1772912959,initial,dag_ready/qualified_parent,,,,
14,mixed_last_128_273,4,measured/4/14/2/dag_ready,measured/4/14/1/qualified_parent,1888959000,1848972833,initial,dag_ready/qualified_parent,,,,
14,mixed_last_128_273,5,measured/5/14/1/dag_ready,measured/5/14/2/qualified_parent,1804775625,1740514916,initial,dag_ready/qualified_parent,,,,
14,mixed_last_128_273,6,measured/6/14/0/dag_ready,measured/6/14/1/qualified_parent,1821832084,1752737166,initial,dag_ready/qualified_parent,,,,
14,mixed_last_128_273,7,measured/7/14/0/dag_ready,measured/7/14/2/qualified_parent,1979487291,1923420834,initial,dag_ready/qualified_parent,,,,
23,general_last_129_273,2,measured/2/23/2/dag_ready,measured/2/23/0/qualified_parent,1871570958,1790396083,initial,dag_ready/qualified_parent,,,,
23,general_last_129_273,3,measured/3/23/1/dag_ready,measured/3/23/0/qualified_parent,1869894500,1830778459,initial,dag_ready/qualified_parent,,,,
23,general_last_129_273,4,measured/4/23/2/dag_ready,measured/4/23/1/qualified_parent,1840316375,1780533792,initial,dag_ready/qualified_parent,,,,
23,general_last_129_273,5,measured/5/23/1/dag_ready,measured/5/23/2/qualified_parent,1826270750,1784278584,initial,dag_ready/qualified_parent,,,,
23,general_last_129_273,6,measured/6/23/0/dag_ready,measured/6/23/1/qualified_parent,1858025333,1790210917,initial,dag_ready/qualified_parent,,,,
23,general_last_129_273,7,measured/7/23/0/dag_ready,measured/7/23/2/qualified_parent,1922377292,1900954709,initial,dag_ready/qualified_parent,,,,
24,mixed_last_129_273,2,measured/2/24/2/dag_ready,measured/2/24/0/qualified_parent,1873274417,1781269708,initial,dag_ready/qualified_parent,,,,
24,mixed_last_129_273,3,measured/3/24/1/dag_ready,measured/3/24/0/qualified_parent,1880616291,1875506042,initial,dag_ready/qualified_parent,,,,
24,mixed_last_129_273,4,measured/4/24/2/dag_ready,measured/4/24/1/qualified_parent,1817572709,1775008584,initial,dag_ready/qualified_parent,,,,
24,mixed_last_129_273,5,measured/5/24/1/dag_ready,measured/5/24/2/qualified_parent,1839198750,1808610458,initial,dag_ready/qualified_parent,,,,
24,mixed_last_129_273,6,measured/6/24/0/dag_ready,measured/6/24/1/qualified_parent,1891868000,1801599000,initial,dag_ready/qualified_parent,,,,
24,mixed_last_129_273,7,measured/7/24/0/dag_ready,measured/7/24/2/qualified_parent,1898198042,1855504708,initial,dag_ready/qualified_parent,,,,
35,alternating_thresholds_n128,2,measured/2/35/2/dag_ready,measured/2/35/0/qualified_parent,1824871750,1745693750,initial,dag_ready/qualified_parent,,,,
35,alternating_thresholds_n128,3,measured/3/35/1/dag_ready,measured/3/35/0/qualified_parent,1811892834,1770330291,initial,dag_ready/qualified_parent,,,,
35,alternating_thresholds_n128,4,measured/4/35/2/dag_ready,measured/4/35/1/qualified_parent,1827729375,1800393042,initial,dag_ready/qualified_parent,,,,
35,alternating_thresholds_n128,5,measured/5/35/1/dag_ready,measured/5/35/2/qualified_parent,1839045583,1805266458,initial,dag_ready/qualified_parent,,,,
35,alternating_thresholds_n128,6,measured/6/35/0/dag_ready,measured/6/35/1/qualified_parent,1809804875,1763921042,initial,dag_ready/qualified_parent,,,,
35,alternating_thresholds_n128,7,measured/7/35/0/dag_ready,measured/7/35/2/qualified_parent,2054260542,2244902875,initial,dag_ready/qualified_parent,,,,
38,threshold_blocks_n128,2,measured/2/38/2/dag_ready,measured/2/38/0/qualified_parent,1846538792,1749511625,initial,dag_ready/qualified_parent,,,,
38,threshold_blocks_n128,3,measured/3/38/1/dag_ready,measured/3/38/0/qualified_parent,1826351458,1759889875,initial,dag_ready/qualified_parent,,,,
38,threshold_blocks_n128,4,measured/4/38/2/dag_ready,measured/4/38/1/qualified_parent,1807520209,1836350375,initial,dag_ready/qualified_parent,,,,
38,threshold_blocks_n128,5,measured/5/38/1/dag_ready,measured/5/38/2/qualified_parent,1783624000,1749307667,initial,dag_ready/qualified_parent,,,,
38,threshold_blocks_n128,6,measured/6/38/0/dag_ready,measured/6/38/1/qualified_parent,1805160667,1747293875,initial,dag_ready/qualified_parent,,,,
38,threshold_blocks_n128,7,measured/7/38/0/dag_ready,measured/7/38/2/qualified_parent,2086479959,1987570542,initial,dag_ready/qualified_parent,,,,
39,heterogeneous_thresholds_n128,2,measured/2/39/2/dag_ready,measured/2/39/0/qualified_parent,1925493750,1914903250,initial,dag_ready/qualified_parent,,,,
39,heterogeneous_thresholds_n128,3,measured/3/39/1/dag_ready,measured/3/39/0/qualified_parent,1969156833,1799702083,initial,dag_ready/qualified_parent,,,,
39,heterogeneous_thresholds_n128,4,measured/4/39/2/dag_ready,measured/4/39/1/qualified_parent,1852166333,1828419208,initial,dag_ready/qualified_parent,,,,
39,heterogeneous_thresholds_n128,5,measured/5/39/1/dag_ready,measured/5/39/2/qualified_parent,1842403791,1786542208,initial,dag_ready/qualified_parent,,,,
39,heterogeneous_thresholds_n128,6,measured/6/39/0/dag_ready,measured/6/39/1/qualified_parent,2006220875,1868910083,initial,dag_ready/qualified_parent,,,,
39,heterogeneous_thresholds_n128,7,measured/7/39/0/dag_ready,measured/7/39/2/qualified_parent,1849865041,1797458917,initial,dag_ready/qualified_parent,,,,
12,aligned_last_128_-1,2,measured/2/12/2/dag_ready,measured/2/12/1/barrier_reference,1818828542,1723228333,initial,dag_ready/barrier_reference,,,,
12,aligned_last_128_-1,3,measured/3/12/1/dag_ready,measured/3/12/2/barrier_reference,1927165083,1738129500,initial,dag_ready/barrier_reference,,,,
12,aligned_last_128_-1,4,measured/4/12/2/dag_ready,measured/4/12/0/barrier_reference,1905767417,1860846417,initial,dag_ready/barrier_reference,,,,
12,aligned_last_128_-1,5,measured/5/12/1/dag_ready,measured/5/12/0/barrier_reference,1827152167,1733468292,initial,dag_ready/barrier_reference,,,,
12,aligned_last_128_-1,6,measured/6/12/0/dag_ready,measured/6/12/2/barrier_reference,1801638416,1703189541,initial,dag_ready/barrier_reference,,,,
12,aligned_last_128_-1,7,measured/7/12/0/dag_ready,measured/7/12/1/barrier_reference,1805137542,1719318416,initial,dag_ready/barrier_reference,,,,
13,general_last_128_273,2,measured/2/13/2/dag_ready,measured/2/13/1/barrier_reference,1821249166,1760314750,initial,dag_ready/barrier_reference,,,,
13,general_last_128_273,3,measured/3/13/1/dag_ready,measured/3/13/2/barrier_reference,1936343708,1771714125,initial,dag_ready/barrier_reference,,,,
13,general_last_128_273,4,measured/4/13/2/dag_ready,measured/4/13/0/barrier_reference,1902244541,1825681208,initial,dag_ready/barrier_reference,,,,
13,general_last_128_273,5,measured/5/13/1/dag_ready,measured/5/13/0/barrier_reference,1814590584,1751191041,initial,dag_ready/barrier_reference,,,,
13,general_last_128_273,6,measured/6/13/0/dag_ready,measured/6/13/2/barrier_reference,1790513292,1737544334,initial,dag_ready/barrier_reference,,,,
13,general_last_128_273,7,measured/7/13/0/dag_ready,measured/7/13/1/barrier_reference,1926181459,1817099417,initial,dag_ready/barrier_reference,,,,
14,mixed_last_128_273,2,measured/2/14/2/dag_ready,measured/2/14/1/barrier_reference,1832204250,1742162625,initial,dag_ready/barrier_reference,,,,
14,mixed_last_128_273,3,measured/3/14/1/dag_ready,measured/3/14/2/barrier_reference,1841864417,1709365916,initial,dag_ready/barrier_reference,,,,
14,mixed_last_128_273,4,measured/4/14/2/dag_ready,measured/4/14/0/barrier_reference,1888959000,1899508084,initial,dag_ready/barrier_reference,,,,
14,mixed_last_128_273,5,measured/5/14/1/dag_ready,measured/5/14/0/barrier_reference,1804775625,1745600250,initial,dag_ready/barrier_reference,,,,
14,mixed_last_128_273,6,measured/6/14/0/dag_ready,measured/6/14/2/barrier_reference,1821832084,1717470958,initial,dag_ready/barrier_reference,,,,
14,mixed_last_128_273,7,measured/7/14/0/dag_ready,measured/7/14/1/barrier_reference,1979487291,1926780000,initial,dag_ready/barrier_reference,,,,
23,general_last_129_273,2,measured/2/23/2/dag_ready,measured/2/23/1/barrier_reference,1871570958,1810756334,initial,dag_ready/barrier_reference,,,,
23,general_last_129_273,3,measured/3/23/1/dag_ready,measured/3/23/2/barrier_reference,1869894500,1773841500,initial,dag_ready/barrier_reference,,,,
23,general_last_129_273,4,measured/4/23/2/dag_ready,measured/4/23/0/barrier_reference,1840316375,1829474709,initial,dag_ready/barrier_reference,,,,
23,general_last_129_273,5,measured/5/23/1/dag_ready,measured/5/23/0/barrier_reference,1826270750,1780306459,initial,dag_ready/barrier_reference,,,,
23,general_last_129_273,6,measured/6/23/0/dag_ready,measured/6/23/2/barrier_reference,1858025333,1752222083,initial,dag_ready/barrier_reference,,,,
23,general_last_129_273,7,measured/7/23/0/dag_ready,measured/7/23/1/barrier_reference,1922377292,1933152042,initial,dag_ready/barrier_reference,,,,
24,mixed_last_129_273,2,measured/2/24/2/dag_ready,measured/2/24/1/barrier_reference,1873274417,1786617750,initial,dag_ready/barrier_reference,,,,
24,mixed_last_129_273,3,measured/3/24/1/dag_ready,measured/3/24/2/barrier_reference,1880616291,1766557375,initial,dag_ready/barrier_reference,,,,
24,mixed_last_129_273,4,measured/4/24/2/dag_ready,measured/4/24/0/barrier_reference,1817572709,1787589291,initial,dag_ready/barrier_reference,,,,
24,mixed_last_129_273,5,measured/5/24/1/dag_ready,measured/5/24/0/barrier_reference,1839198750,1750463125,initial,dag_ready/barrier_reference,,,,
24,mixed_last_129_273,6,measured/6/24/0/dag_ready,measured/6/24/2/barrier_reference,1891868000,1788478042,initial,dag_ready/barrier_reference,,,,
24,mixed_last_129_273,7,measured/7/24/0/dag_ready,measured/7/24/1/barrier_reference,1898198042,1916786084,initial,dag_ready/barrier_reference,,,,
35,alternating_thresholds_n128,2,measured/2/35/2/dag_ready,measured/2/35/1/barrier_reference,1824871750,1761351042,initial,dag_ready/barrier_reference,,,,
35,alternating_thresholds_n128,3,measured/3/35/1/dag_ready,measured/3/35/2/barrier_reference,1811892834,1738991167,initial,dag_ready/barrier_reference,,,,
35,alternating_thresholds_n128,4,measured/4/35/2/dag_ready,measured/4/35/0/barrier_reference,1827729375,1712388417,initial,dag_ready/barrier_reference,,,,
35,alternating_thresholds_n128,5,measured/5/35/1/dag_ready,measured/5/35/0/barrier_reference,1839045583,1757719625,initial,dag_ready/barrier_reference,,,,
35,alternating_thresholds_n128,6,measured/6/35/0/dag_ready,measured/6/35/2/barrier_reference,1809804875,1724171083,initial,dag_ready/barrier_reference,,,,
35,alternating_thresholds_n128,7,measured/7/35/0/dag_ready,measured/7/35/1/barrier_reference,2054260542,2112212875,initial,dag_ready/barrier_reference,,,,
38,threshold_blocks_n128,2,measured/2/38/2/dag_ready,measured/2/38/1/barrier_reference,1846538792,1763112458,initial,dag_ready/barrier_reference,,,,
38,threshold_blocks_n128,3,measured/3/38/1/dag_ready,measured/3/38/2/barrier_reference,1826351458,1718280542,initial,dag_ready/barrier_reference,,,,
38,threshold_blocks_n128,4,measured/4/38/2/dag_ready,measured/4/38/0/barrier_reference,1807520209,1742215500,initial,dag_ready/barrier_reference,,,,
38,threshold_blocks_n128,5,measured/5/38/1/dag_ready,measured/5/38/0/barrier_reference,1783624000,1696096750,initial,dag_ready/barrier_reference,,,,
38,threshold_blocks_n128,6,measured/6/38/0/dag_ready,measured/6/38/2/barrier_reference,1805160667,1747971042,initial,dag_ready/barrier_reference,,,,
38,threshold_blocks_n128,7,measured/7/38/0/dag_ready,measured/7/38/1/barrier_reference,2086479959,1962710333,initial,dag_ready/barrier_reference,,,,
39,heterogeneous_thresholds_n128,2,measured/2/39/2/dag_ready,measured/2/39/1/barrier_reference,1925493750,1877979083,initial,dag_ready/barrier_reference,,,,
39,heterogeneous_thresholds_n128,3,measured/3/39/1/dag_ready,measured/3/39/2/barrier_reference,1969156833,1864166167,initial,dag_ready/barrier_reference,,,,
39,heterogeneous_thresholds_n128,4,measured/4/39/2/dag_ready,measured/4/39/0/barrier_reference,1852166333,1803237333,initial,dag_ready/barrier_reference,,,,
39,heterogeneous_thresholds_n128,5,measured/5/39/1/dag_ready,measured/5/39/0/barrier_reference,1842403791,1770852750,initial,dag_ready/barrier_reference,,,,
39,heterogeneous_thresholds_n128,6,measured/6/39/0/dag_ready,measured/6/39/2/barrier_reference,2006220875,1852610500,initial,dag_ready/barrier_reference,,,,
39,heterogeneous_thresholds_n128,7,measured/7/39/0/dag_ready,measured/7/39/1/barrier_reference,1849865041,1805683542,initial,dag_ready/barrier_reference,,,,
12,aligned_last_128_-1,2,measured/2/12/1/barrier_reference,measured/2/12/0/qualified_parent,1723228333,1738111084,initial,barrier_reference/qualified_parent,,,,
12,aligned_last_128_-1,3,measured/3/12/2/barrier_reference,measured/3/12/0/qualified_parent,1738129500,1867638625,initial,barrier_reference/qualified_parent,,,,
12,aligned_last_128_-1,4,measured/4/12/0/barrier_reference,measured/4/12/1/qualified_parent,1860846417,1850627292,initial,barrier_reference/qualified_parent,,,,
12,aligned_last_128_-1,5,measured/5/12/0/barrier_reference,measured/5/12/2/qualified_parent,1733468292,1754735083,initial,barrier_reference/qualified_parent,,,,
12,aligned_last_128_-1,6,measured/6/12/2/barrier_reference,measured/6/12/1/qualified_parent,1703189541,1735501000,initial,barrier_reference/qualified_parent,,,,
12,aligned_last_128_-1,7,measured/7/12/1/barrier_reference,measured/7/12/2/qualified_parent,1719318416,1787993042,initial,barrier_reference/qualified_parent,,,,
13,general_last_128_273,2,measured/2/13/1/barrier_reference,measured/2/13/0/qualified_parent,1760314750,1760855958,initial,barrier_reference/qualified_parent,,,,
13,general_last_128_273,3,measured/3/13/2/barrier_reference,measured/3/13/0/qualified_parent,1771714125,1809169125,initial,barrier_reference/qualified_parent,,,,
13,general_last_128_273,4,measured/4/13/0/barrier_reference,measured/4/13/1/qualified_parent,1825681208,1858572958,initial,barrier_reference/qualified_parent,,,,
13,general_last_128_273,5,measured/5/13/0/barrier_reference,measured/5/13/2/qualified_parent,1751191041,1746908916,initial,barrier_reference/qualified_parent,,,,
13,general_last_128_273,6,measured/6/13/2/barrier_reference,measured/6/13/1/qualified_parent,1737544334,1745428959,initial,barrier_reference/qualified_parent,,,,
13,general_last_128_273,7,measured/7/13/1/barrier_reference,measured/7/13/2/qualified_parent,1817099417,1831319334,initial,barrier_reference/qualified_parent,,,,
14,mixed_last_128_273,2,measured/2/14/1/barrier_reference,measured/2/14/0/qualified_parent,1742162625,1719954500,initial,barrier_reference/qualified_parent,,,,
14,mixed_last_128_273,3,measured/3/14/2/barrier_reference,measured/3/14/0/qualified_parent,1709365916,1772912959,initial,barrier_reference/qualified_parent,,,,
14,mixed_last_128_273,4,measured/4/14/0/barrier_reference,measured/4/14/1/qualified_parent,1899508084,1848972833,initial,barrier_reference/qualified_parent,,,,
14,mixed_last_128_273,5,measured/5/14/0/barrier_reference,measured/5/14/2/qualified_parent,1745600250,1740514916,initial,barrier_reference/qualified_parent,,,,
14,mixed_last_128_273,6,measured/6/14/2/barrier_reference,measured/6/14/1/qualified_parent,1717470958,1752737166,initial,barrier_reference/qualified_parent,,,,
14,mixed_last_128_273,7,measured/7/14/1/barrier_reference,measured/7/14/2/qualified_parent,1926780000,1923420834,initial,barrier_reference/qualified_parent,,,,
23,general_last_129_273,2,measured/2/23/1/barrier_reference,measured/2/23/0/qualified_parent,1810756334,1790396083,initial,barrier_reference/qualified_parent,,,,
23,general_last_129_273,3,measured/3/23/2/barrier_reference,measured/3/23/0/qualified_parent,1773841500,1830778459,initial,barrier_reference/qualified_parent,,,,
23,general_last_129_273,4,measured/4/23/0/barrier_reference,measured/4/23/1/qualified_parent,1829474709,1780533792,initial,barrier_reference/qualified_parent,,,,
23,general_last_129_273,5,measured/5/23/0/barrier_reference,measured/5/23/2/qualified_parent,1780306459,1784278584,initial,barrier_reference/qualified_parent,,,,
23,general_last_129_273,6,measured/6/23/2/barrier_reference,measured/6/23/1/qualified_parent,1752222083,1790210917,initial,barrier_reference/qualified_parent,,,,
23,general_last_129_273,7,measured/7/23/1/barrier_reference,measured/7/23/2/qualified_parent,1933152042,1900954709,initial,barrier_reference/qualified_parent,,,,
24,mixed_last_129_273,2,measured/2/24/1/barrier_reference,measured/2/24/0/qualified_parent,1786617750,1781269708,initial,barrier_reference/qualified_parent,,,,
24,mixed_last_129_273,3,measured/3/24/2/barrier_reference,measured/3/24/0/qualified_parent,1766557375,1875506042,initial,barrier_reference/qualified_parent,,,,
24,mixed_last_129_273,4,measured/4/24/0/barrier_reference,measured/4/24/1/qualified_parent,1787589291,1775008584,initial,barrier_reference/qualified_parent,,,,
24,mixed_last_129_273,5,measured/5/24/0/barrier_reference,measured/5/24/2/qualified_parent,1750463125,1808610458,initial,barrier_reference/qualified_parent,,,,
24,mixed_last_129_273,6,measured/6/24/2/barrier_reference,measured/6/24/1/qualified_parent,1788478042,1801599000,initial,barrier_reference/qualified_parent,,,,
24,mixed_last_129_273,7,measured/7/24/1/barrier_reference,measured/7/24/2/qualified_parent,1916786084,1855504708,initial,barrier_reference/qualified_parent,,,,
35,alternating_thresholds_n128,2,measured/2/35/1/barrier_reference,measured/2/35/0/qualified_parent,1761351042,1745693750,initial,barrier_reference/qualified_parent,,,,
35,alternating_thresholds_n128,3,measured/3/35/2/barrier_reference,measured/3/35/0/qualified_parent,1738991167,1770330291,initial,barrier_reference/qualified_parent,,,,
35,alternating_thresholds_n128,4,measured/4/35/0/barrier_reference,measured/4/35/1/qualified_parent,1712388417,1800393042,initial,barrier_reference/qualified_parent,,,,
35,alternating_thresholds_n128,5,measured/5/35/0/barrier_reference,measured/5/35/2/qualified_parent,1757719625,1805266458,initial,barrier_reference/qualified_parent,,,,
35,alternating_thresholds_n128,6,measured/6/35/2/barrier_reference,measured/6/35/1/qualified_parent,1724171083,1763921042,initial,barrier_reference/qualified_parent,,,,
35,alternating_thresholds_n128,7,measured/7/35/1/barrier_reference,measured/7/35/2/qualified_parent,2112212875,2244902875,initial,barrier_reference/qualified_parent,,,,
38,threshold_blocks_n128,2,measured/2/38/1/barrier_reference,measured/2/38/0/qualified_parent,1763112458,1749511625,initial,barrier_reference/qualified_parent,,,,
38,threshold_blocks_n128,3,measured/3/38/2/barrier_reference,measured/3/38/0/qualified_parent,1718280542,1759889875,initial,barrier_reference/qualified_parent,,,,
38,threshold_blocks_n128,4,measured/4/38/0/barrier_reference,measured/4/38/1/qualified_parent,1742215500,1836350375,initial,barrier_reference/qualified_parent,,,,
38,threshold_blocks_n128,5,measured/5/38/0/barrier_reference,measured/5/38/2/qualified_parent,1696096750,1749307667,initial,barrier_reference/qualified_parent,,,,
38,threshold_blocks_n128,6,measured/6/38/2/barrier_reference,measured/6/38/1/qualified_parent,1747971042,1747293875,initial,barrier_reference/qualified_parent,,,,
38,threshold_blocks_n128,7,measured/7/38/1/barrier_reference,measured/7/38/2/qualified_parent,1962710333,1987570542,initial,barrier_reference/qualified_parent,,,,
39,heterogeneous_thresholds_n128,2,measured/2/39/1/barrier_reference,measured/2/39/0/qualified_parent,1877979083,1914903250,initial,barrier_reference/qualified_parent,,,,
39,heterogeneous_thresholds_n128,3,measured/3/39/2/barrier_reference,measured/3/39/0/qualified_parent,1864166167,1799702083,initial,barrier_reference/qualified_parent,,,,
39,heterogeneous_thresholds_n128,4,measured/4/39/0/barrier_reference,measured/4/39/1/qualified_parent,1803237333,1828419208,initial,barrier_reference/qualified_parent,,,,
39,heterogeneous_thresholds_n128,5,measured/5/39/0/barrier_reference,measured/5/39/2/qualified_parent,1770852750,1786542208,initial,barrier_reference/qualified_parent,,,,
39,heterogeneous_thresholds_n128,6,measured/6/39/2/barrier_reference,measured/6/39/1/qualified_parent,1852610500,1868910083,initial,barrier_reference/qualified_parent,,,,
39,heterogeneous_thresholds_n128,7,measured/7/39/1/barrier_reference,measured/7/39/2/qualified_parent,1805683542,1797458917,initial,barrier_reference/qualified_parent,,,,
13,general_last_128_273,2,measured/2/13/3/dag_ready,measured/2/13/0/qualified_parent,1999283250,2148883083,diagnosis,dag_ready/qualified_parent,True,True,True,True
13,general_last_128_273,3,measured/3/13/1/dag_ready,measured/3/13/2/qualified_parent,1859755500,1789067291,diagnosis,dag_ready/qualified_parent,True,True,True,True
13,general_last_128_273,4,measured/4/13/0/dag_ready,measured/4/13/4/qualified_parent,1844941833,1796746959,diagnosis,dag_ready/qualified_parent,True,False,True,False
13,general_last_128_273,5,measured/5/13/2/dag_ready,measured/5/13/3/qualified_parent,1859359042,1785196291,diagnosis,dag_ready/qualified_parent,True,False,True,False
13,general_last_128_273,6,measured/6/13/4/dag_ready,measured/6/13/1/qualified_parent,1849815667,1782530333,diagnosis,dag_ready/qualified_parent,True,True,True,False
13,general_last_128_273,7,measured/7/13/1/dag_ready,measured/7/13/4/qualified_parent,1912762792,1880392750,diagnosis,dag_ready/qualified_parent,True,False,True,True
13,general_last_128_273,8,measured/8/13/3/dag_ready,measured/8/13/2/qualified_parent,1861603125,1841928709,diagnosis,dag_ready/qualified_parent,True,False,True,True
13,general_last_128_273,9,measured/9/13/4/dag_ready,measured/9/13/0/qualified_parent,1969123416,1925295167,diagnosis,dag_ready/qualified_parent,True,False,True,True
13,general_last_128_273,10,measured/10/13/2/dag_ready,measured/10/13/1/qualified_parent,1990508041,1981110125,diagnosis,dag_ready/qualified_parent,True,True,True,True
13,general_last_128_273,11,measured/11/13/0/dag_ready,measured/11/13/3/qualified_parent,1852450625,1887034667,diagnosis,dag_ready/qualified_parent,True,True,True,True
24,mixed_last_129_273,2,measured/2/24/3/dag_ready,measured/2/24/0/qualified_parent,1929596375,1896418250,diagnosis,dag_ready/qualified_parent,True,True,True,False
24,mixed_last_129_273,3,measured/3/24/1/dag_ready,measured/3/24/2/qualified_parent,1927765333,1922496208,diagnosis,dag_ready/qualified_parent,True,False,True,True
24,mixed_last_129_273,4,measured/4/24/0/dag_ready,measured/4/24/4/qualified_parent,1884374584,1864265375,diagnosis,dag_ready/qualified_parent,True,True,True,True
24,mixed_last_129_273,5,measured/5/24/2/dag_ready,measured/5/24/3/qualified_parent,1946843375,1865780750,diagnosis,dag_ready/qualified_parent,True,True,True,True
24,mixed_last_129_273,6,measured/6/24/4/dag_ready,measured/6/24/1/qualified_parent,1888832792,1949282917,diagnosis,dag_ready/qualified_parent,True,True,True,True
24,mixed_last_129_273,7,measured/7/24/1/dag_ready,measured/7/24/4/qualified_parent,1951360167,2003942666,diagnosis,dag_ready/qualified_parent,True,True,True,False
24,mixed_last_129_273,8,measured/8/24/3/dag_ready,measured/8/24/2/qualified_parent,1927492916,1968549333,diagnosis,dag_ready/qualified_parent,True,True,True,True
24,mixed_last_129_273,9,measured/9/24/4/dag_ready,measured/9/24/0/qualified_parent,1917958667,1930386375,diagnosis,dag_ready/qualified_parent,True,True,True,False
24,mixed_last_129_273,10,measured/10/24/2/dag_ready,measured/10/24/1/qualified_parent,2006849292,1969931542,diagnosis,dag_ready/qualified_parent,True,False,True,False
24,mixed_last_129_273,11,measured/11/24/0/dag_ready,measured/11/24/3/qualified_parent,1944378666,1934265500,diagnosis,dag_ready/qualified_parent,True,True,True,True
35,alternating_thresholds_n128,2,measured/2/35/3/dag_ready,measured/2/35/0/qualified_parent,1886671125,1907756958,diagnosis,dag_ready/qualified_parent,True,True,True,True
35,alternating_thresholds_n128,3,measured/3/35/1/dag_ready,measured/3/35/2/qualified_parent,2003423833,1881355041,diagnosis,dag_ready/qualified_parent,True,True,True,True
35,alternating_thresholds_n128,4,measured/4/35/0/dag_ready,measured/4/35/4/qualified_parent,1892788125,1804309916,diagnosis,dag_ready/qualified_parent,True,True,True,True
35,alternating_thresholds_n128,5,measured/5/35/2/dag_ready,measured/5/35/3/qualified_parent,1833136083,1789720709,diagnosis,dag_ready/qualified_parent,True,False,True,False
35,alternating_thresholds_n128,6,measured/6/35/4/dag_ready,measured/6/35/1/qualified_parent,1843000000,1810272084,diagnosis,dag_ready/qualified_parent,True,True,True,False
35,alternating_thresholds_n128,7,measured/7/35/1/dag_ready,measured/7/35/4/qualified_parent,1903226042,2027486917,diagnosis,dag_ready/qualified_parent,True,True,True,True
35,alternating_thresholds_n128,8,measured/8/35/3/dag_ready,measured/8/35/2/qualified_parent,1868468958,1946704958,diagnosis,dag_ready/qualified_parent,True,True,True,True
35,alternating_thresholds_n128,9,measured/9/35/4/dag_ready,measured/9/35/0/qualified_parent,1912572375,2000200917,diagnosis,dag_ready/qualified_parent,True,True,True,True
35,alternating_thresholds_n128,10,measured/10/35/2/dag_ready,measured/10/35/1/qualified_parent,1964694667,1881574917,diagnosis,dag_ready/qualified_parent,True,True,True,True
35,alternating_thresholds_n128,11,measured/11/35/0/dag_ready,measured/11/35/3/qualified_parent,1925792708,1926019333,diagnosis,dag_ready/qualified_parent,True,True,True,True
38,threshold_blocks_n128,2,measured/2/38/3/dag_ready,measured/2/38/0/qualified_parent,1860563500,1830465875,diagnosis,dag_ready/qualified_parent,True,False,True,False
38,threshold_blocks_n128,3,measured/3/38/1/dag_ready,measured/3/38/2/qualified_parent,1883378417,1780450583,diagnosis,dag_ready/qualified_parent,True,True,True,True
38,threshold_blocks_n128,4,measured/4/38/0/dag_ready,measured/4/38/4/qualified_parent,1839557417,1899157000,diagnosis,dag_ready/qualified_parent,True,True,True,True
38,threshold_blocks_n128,5,measured/5/38/2/dag_ready,measured/5/38/3/qualified_parent,2093901333,2012898209,diagnosis,dag_ready/qualified_parent,True,True,True,True
38,threshold_blocks_n128,6,measured/6/38/4/dag_ready,measured/6/38/1/qualified_parent,1797150458,1764701958,diagnosis,dag_ready/qualified_parent,True,False,True,True
38,threshold_blocks_n128,7,measured/7/38/1/dag_ready,measured/7/38/4/qualified_parent,1972962542,1823397583,diagnosis,dag_ready/qualified_parent,True,True,True,True
38,threshold_blocks_n128,8,measured/8/38/3/dag_ready,measured/8/38/2/qualified_parent,1891596792,1909930458,diagnosis,dag_ready/qualified_parent,True,True,True,False
38,threshold_blocks_n128,9,measured/9/38/4/dag_ready,measured/9/38/0/qualified_parent,2050188000,1886743000,diagnosis,dag_ready/qualified_parent,True,True,True,True
38,threshold_blocks_n128,10,measured/10/38/2/dag_ready,measured/10/38/1/qualified_parent,1931890959,1997021292,diagnosis,dag_ready/qualified_parent,True,True,True,True
38,threshold_blocks_n128,11,measured/11/38/0/dag_ready,measured/11/38/3/qualified_parent,1926729667,1918709750,diagnosis,dag_ready/qualified_parent,True,True,True,True
39,heterogeneous_thresholds_n128,2,measured/2/39/3/dag_ready,measured/2/39/0/qualified_parent,1890934375,1842597125,diagnosis,dag_ready/qualified_parent,True,True,True,True
39,heterogeneous_thresholds_n128,3,measured/3/39/1/dag_ready,measured/3/39/2/qualified_parent,1906453834,2059572958,diagnosis,dag_ready/qualified_parent,True,False,True,True
39,heterogeneous_thresholds_n128,4,measured/4/39/0/dag_ready,measured/4/39/4/qualified_parent,1984728000,1831145958,diagnosis,dag_ready/qualified_parent,True,False,True,False
39,heterogeneous_thresholds_n128,5,measured/5/39/2/dag_ready,measured/5/39/3/qualified_parent,1897636542,1814247541,diagnosis,dag_ready/qualified_parent,True,True,True,True
39,heterogeneous_thresholds_n128,6,measured/6/39/4/dag_ready,measured/6/39/1/qualified_parent,1932997083,1877028625,diagnosis,dag_ready/qualified_parent,True,True,True,True
39,heterogeneous_thresholds_n128,7,measured/7/39/1/dag_ready,measured/7/39/4/qualified_parent,1856376416,1908410625,diagnosis,dag_ready/qualified_parent,True,True,True,True
39,heterogeneous_thresholds_n128,8,measured/8/39/3/dag_ready,measured/8/39/2/qualified_parent,1969001459,2031430500,diagnosis,dag_ready/qualified_parent,True,True,True,False
39,heterogeneous_thresholds_n128,9,measured/9/39/4/dag_ready,measured/9/39/0/qualified_parent,2046548458,2018691666,diagnosis,dag_ready/qualified_parent,True,True,True,True
39,heterogeneous_thresholds_n128,10,measured/10/39/2/dag_ready,measured/10/39/1/qualified_parent,1941484459,1930640125,diagnosis,dag_ready/qualified_parent,True,False,True,False
39,heterogeneous_thresholds_n128,11,measured/11/39/0/dag_ready,measured/11/39/3/qualified_parent,2045557542,2031408750,diagnosis,dag_ready/qualified_parent,True,False,True,True
13,general_last_128_273,2,measured/2/13/3/dag_ready,measured/2/13/1/barrier_reference,1999283250,1881694333,diagnosis,dag_ready/barrier_reference,True,True,True,True
13,general_last_128_273,3,measured/3/13/1/dag_ready,measured/3/13/0/barrier_reference,1859755500,1815443000,diagnosis,dag_ready/barrier_reference,True,True,True,False
13,general_last_128_273,4,measured/4/13/0/dag_ready,measured/4/13/2/barrier_reference,1844941833,1778248792,diagnosis,dag_ready/barrier_reference,True,False,True,False
13,general_last_128_273,5,measured/5/13/2/dag_ready,measured/5/13/4/barrier_reference,1859359042,1782023792,diagnosis,dag_ready/barrier_reference,True,False,True,False
13,general_last_128_273,6,measured/6/13/4/dag_ready,measured/6/13/3/barrier_reference,1849815667,1962685250,diagnosis,dag_ready/barrier_reference,True,True,True,True
13,general_last_128_273,7,measured/7/13/1/dag_ready,measured/7/13/3/barrier_reference,1912762792,1879161166,diagnosis,dag_ready/barrier_reference,True,False,True,False
13,general_last_128_273,8,measured/8/13/3/dag_ready,measured/8/13/4/barrier_reference,1861603125,1889060834,diagnosis,dag_ready/barrier_reference,True,False,True,False
13,general_last_128_273,9,measured/9/13/4/dag_ready,measured/9/13/2/barrier_reference,1969123416,1892745500,diagnosis,dag_ready/barrier_reference,True,False,True,True
13,general_last_128_273,10,measured/10/13/2/dag_ready,measured/10/13/0/barrier_reference,1990508041,1942360834,diagnosis,dag_ready/barrier_reference,True,True,True,True
13,general_last_128_273,11,measured/11/13/0/dag_ready,measured/11/13/1/barrier_reference,1852450625,1942409917,diagnosis,dag_ready/barrier_reference,True,True,True,False
24,mixed_last_129_273,2,measured/2/24/3/dag_ready,measured/2/24/1/barrier_reference,1929596375,1886812000,diagnosis,dag_ready/barrier_reference,True,True,True,True
24,mixed_last_129_273,3,measured/3/24/1/dag_ready,measured/3/24/0/barrier_reference,1927765333,1810437750,diagnosis,dag_ready/barrier_reference,True,False,True,False
24,mixed_last_129_273,4,measured/4/24/0/dag_ready,measured/4/24/2/barrier_reference,1884374584,1827989042,diagnosis,dag_ready/barrier_reference,True,True,True,True
24,mixed_last_129_273,5,measured/5/24/2/dag_ready,measured/5/24/4/barrier_reference,1946843375,1833309417,diagnosis,dag_ready/barrier_reference,True,True,True,True
24,mixed_last_129_273,6,measured/6/24/4/dag_ready,measured/6/24/3/barrier_reference,1888832792,1895985875,diagnosis,dag_ready/barrier_reference,True,True,True,True
24,mixed_last_129_273,7,measured/7/24/1/dag_ready,measured/7/24/3/barrier_reference,1951360167,1933251625,diagnosis,dag_ready/barrier_reference,True,True,True,False
24,mixed_last_129_273,8,measured/8/24/3/dag_ready,measured/8/24/4/barrier_reference,1927492916,1999483542,diagnosis,dag_ready/barrier_reference,True,True,True,True
24,mixed_last_129_273,9,measured/9/24/4/dag_ready,measured/9/24/2/barrier_reference,1917958667,1931885458,diagnosis,dag_ready/barrier_reference,True,True,True,True
24,mixed_last_129_273,10,measured/10/24/2/dag_ready,measured/10/24/0/barrier_reference,2006849292,1964969541,diagnosis,dag_ready/barrier_reference,True,False,True,True
24,mixed_last_129_273,11,measured/11/24/0/dag_ready,measured/11/24/1/barrier_reference,1944378666,1973724500,diagnosis,dag_ready/barrier_reference,True,True,True,True
35,alternating_thresholds_n128,2,measured/2/35/3/dag_ready,measured/2/35/1/barrier_reference,1886671125,1817341459,diagnosis,dag_ready/barrier_reference,True,True,True,True
35,alternating_thresholds_n128,3,measured/3/35/1/dag_ready,measured/3/35/0/barrier_reference,2003423833,2050731125,diagnosis,dag_ready/barrier_reference,True,True,True,False
35,alternating_thresholds_n128,4,measured/4/35/0/dag_ready,measured/4/35/2/barrier_reference,1892788125,1856825500,diagnosis,dag_ready/barrier_reference,True,True,True,True
35,alternating_thresholds_n128,5,measured/5/35/2/dag_ready,measured/5/35/4/barrier_reference,1833136083,1798605875,diagnosis,dag_ready/barrier_reference,True,False,True,True
35,alternating_thresholds_n128,6,measured/6/35/4/dag_ready,measured/6/35/3/barrier_reference,1843000000,1851746708,diagnosis,dag_ready/barrier_reference,True,True,True,False
35,alternating_thresholds_n128,7,measured/7/35/1/dag_ready,measured/7/35/3/barrier_reference,1903226042,1913958542,diagnosis,dag_ready/barrier_reference,True,True,True,True
35,alternating_thresholds_n128,8,measured/8/35/3/dag_ready,measured/8/35/4/barrier_reference,1868468958,1920144792,diagnosis,dag_ready/barrier_reference,True,True,True,False
35,alternating_thresholds_n128,9,measured/9/35/4/dag_ready,measured/9/35/2/barrier_reference,1912572375,2244219792,diagnosis,dag_ready/barrier_reference,True,True,True,True
35,alternating_thresholds_n128,10,measured/10/35/2/dag_ready,measured/10/35/0/barrier_reference,1964694667,1911760291,diagnosis,dag_ready/barrier_reference,True,True,True,True
35,alternating_thresholds_n128,11,measured/11/35/0/dag_ready,measured/11/35/1/barrier_reference,1925792708,1905294666,diagnosis,dag_ready/barrier_reference,True,True,True,True
38,threshold_blocks_n128,2,measured/2/38/3/dag_ready,measured/2/38/1/barrier_reference,1860563500,1784445750,diagnosis,dag_ready/barrier_reference,True,False,True,False
38,threshold_blocks_n128,3,measured/3/38/1/dag_ready,measured/3/38/0/barrier_reference,1883378417,1745267583,diagnosis,dag_ready/barrier_reference,True,True,True,True
38,threshold_blocks_n128,4,measured/4/38/0/dag_ready,measured/4/38/2/barrier_reference,1839557417,1771568167,diagnosis,dag_ready/barrier_reference,True,True,True,True
38,threshold_blocks_n128,5,measured/5/38/2/dag_ready,measured/5/38/4/barrier_reference,2093901333,1979806292,diagnosis,dag_ready/barrier_reference,True,True,True,True
38,threshold_blocks_n128,6,measured/6/38/4/dag_ready,measured/6/38/3/barrier_reference,1797150458,1807270916,diagnosis,dag_ready/barrier_reference,True,False,True,False
38,threshold_blocks_n128,7,measured/7/38/1/dag_ready,measured/7/38/3/barrier_reference,1972962542,1867936000,diagnosis,dag_ready/barrier_reference,True,True,True,True
38,threshold_blocks_n128,8,measured/8/38/3/dag_ready,measured/8/38/4/barrier_reference,1891596792,1931193500,diagnosis,dag_ready/barrier_reference,True,True,True,True
38,threshold_blocks_n128,9,measured/9/38/4/dag_ready,measured/9/38/2/barrier_reference,2050188000,1905319416,diagnosis,dag_ready/barrier_reference,True,True,True,True
38,threshold_blocks_n128,10,measured/10/38/2/dag_ready,measured/10/38/0/barrier_reference,1931890959,1902635250,diagnosis,dag_ready/barrier_reference,True,True,True,True
38,threshold_blocks_n128,11,measured/11/38/0/dag_ready,measured/11/38/1/barrier_reference,1926729667,2062154208,diagnosis,dag_ready/barrier_reference,True,True,True,True
39,heterogeneous_thresholds_n128,2,measured/2/39/3/dag_ready,measured/2/39/1/barrier_reference,1890934375,1853273250,diagnosis,dag_ready/barrier_reference,True,True,True,True
39,heterogeneous_thresholds_n128,3,measured/3/39/1/dag_ready,measured/3/39/0/barrier_reference,1906453834,1840957333,diagnosis,dag_ready/barrier_reference,True,False,True,False
39,heterogeneous_thresholds_n128,4,measured/4/39/0/dag_ready,measured/4/39/2/barrier_reference,1984728000,1864777709,diagnosis,dag_ready/barrier_reference,True,False,True,False
39,heterogeneous_thresholds_n128,5,measured/5/39/2/dag_ready,measured/5/39/4/barrier_reference,1897636542,1802382208,diagnosis,dag_ready/barrier_reference,True,True,True,False
39,heterogeneous_thresholds_n128,6,measured/6/39/4/dag_ready,measured/6/39/3/barrier_reference,1932997083,1988873958,diagnosis,dag_ready/barrier_reference,True,True,True,True
39,heterogeneous_thresholds_n128,7,measured/7/39/1/dag_ready,measured/7/39/3/barrier_reference,1856376416,2029561666,diagnosis,dag_ready/barrier_reference,True,True,True,True
39,heterogeneous_thresholds_n128,8,measured/8/39/3/dag_ready,measured/8/39/4/barrier_reference,1969001459,2309392208,diagnosis,dag_ready/barrier_reference,True,True,True,True
39,heterogeneous_thresholds_n128,9,measured/9/39/4/dag_ready,measured/9/39/2/barrier_reference,2046548458,1939860416,diagnosis,dag_ready/barrier_reference,True,True,True,True
39,heterogeneous_thresholds_n128,10,measured/10/39/2/dag_ready,measured/10/39/0/barrier_reference,1941484459,1876622875,diagnosis,dag_ready/barrier_reference,True,False,True,False
39,heterogeneous_thresholds_n128,11,measured/11/39/0/dag_ready,measured/11/39/1/barrier_reference,2045557542,1963372875,diagnosis,dag_ready/barrier_reference,True,False,True,False
13,general_last_128_273,2,measured/2/13/4/dag_inline,measured/2/13/0/qualified_parent,1915493625,2148883083,diagnosis,dag_inline/qualified_parent,True,True,True,True
13,general_last_128_273,3,measured/3/13/3/dag_inline,measured/3/13/2/qualified_parent,1841523042,1789067291,diagnosis,dag_inline/qualified_parent,True,True,True,True
13,general_last_128_273,4,measured/4/13/1/dag_inline,measured/4/13/4/qualified_parent,1862553958,1796746959,diagnosis,dag_inline/qualified_parent,True,False,True,False
13,general_last_128_273,5,measured/5/13/0/dag_inline,measured/5/13/3/qualified_parent,1853903500,1785196291,diagnosis,dag_inline/qualified_parent,True,False,True,False
13,general_last_128_273,6,measured/6/13/2/dag_inline,measured/6/13/1/qualified_parent,2088838375,1782530333,diagnosis,dag_inline/qualified_parent,True,True,True,False
13,general_last_128_273,7,measured/7/13/0/dag_inline,measured/7/13/4/qualified_parent,1879842791,1880392750,diagnosis,dag_inline/qualified_parent,True,True,True,True
13,general_last_128_273,8,measured/8/13/1/dag_inline,measured/8/13/2/qualified_parent,1905121125,1841928709,diagnosis,dag_inline/qualified_parent,True,True,True,True
13,general_last_128_273,9,measured/9/13/3/dag_inline,measured/9/13/0/qualified_parent,2073724875,1925295167,diagnosis,dag_inline/qualified_parent,True,True,True,True
13,general_last_128_273,10,measured/10/13/4/dag_inline,measured/10/13/1/qualified_parent,1915620209,1981110125,diagnosis,dag_inline/qualified_parent,True,True,True,True
13,general_last_128_273,11,measured/11/13/2/dag_inline,measured/11/13/3/qualified_parent,1904458292,1887034667,diagnosis,dag_inline/qualified_parent,True,False,True,True
24,mixed_last_129_273,2,measured/2/24/4/dag_inline,measured/2/24/0/qualified_parent,1932904875,1896418250,diagnosis,dag_inline/qualified_parent,True,True,True,False
24,mixed_last_129_273,3,measured/3/24/3/dag_inline,measured/3/24/2/qualified_parent,2015925375,1922496208,diagnosis,dag_inline/qualified_parent,True,True,True,True
24,mixed_last_129_273,4,measured/4/24/1/dag_inline,measured/4/24/4/qualified_parent,1858917208,1864265375,diagnosis,dag_inline/qualified_parent,True,True,True,True
24,mixed_last_129_273,5,measured/5/24/0/dag_inline,measured/5/24/3/qualified_parent,1860007709,1865780750,diagnosis,dag_inline/qualified_parent,True,False,True,True
24,mixed_last_129_273,6,measured/6/24/2/dag_inline,measured/6/24/1/qualified_parent,1899297458,1949282917,diagnosis,dag_inline/qualified_parent,True,True,True,True
24,mixed_last_129_273,7,measured/7/24/0/dag_inline,measured/7/24/4/qualified_parent,1975263125,2003942666,diagnosis,dag_inline/qualified_parent,True,True,True,False
24,mixed_last_129_273,8,measured/8/24/1/dag_inline,measured/8/24/2/qualified_parent,1951661875,1968549333,diagnosis,dag_inline/qualified_parent,True,True,True,True
24,mixed_last_129_273,9,measured/9/24/3/dag_inline,measured/9/24/0/qualified_parent,2284445708,1930386375,diagnosis,dag_inline/qualified_parent,True,True,True,False
24,mixed_last_129_273,10,measured/10/24/4/dag_inline,measured/10/24/1/qualified_parent,2001275083,1969931542,diagnosis,dag_inline/qualified_parent,True,True,True,False
24,mixed_last_129_273,11,measured/11/24/2/dag_inline,measured/11/24/3/qualified_parent,1965552625,1934265500,diagnosis,dag_inline/qualified_parent,True,True,True,True
35,alternating_thresholds_n128,2,measured/2/35/4/dag_inline,measured/2/35/0/qualified_parent,1832848875,1907756958,diagnosis,dag_inline/qualified_parent,True,True,True,True
35,alternating_thresholds_n128,3,measured/3/35/3/dag_inline,measured/3/35/2/qualified_parent,1911539792,1881355041,diagnosis,dag_inline/qualified_parent,True,True,True,True
35,alternating_thresholds_n128,4,measured/4/35/1/dag_inline,measured/4/35/4/qualified_parent,1842817667,1804309916,diagnosis,dag_inline/qualified_parent,True,True,True,True
35,alternating_thresholds_n128,5,measured/5/35/0/dag_inline,measured/5/35/3/qualified_parent,1869676125,1789720709,diagnosis,dag_inline/qualified_parent,True,False,True,False
35,alternating_thresholds_n128,6,measured/6/35/2/dag_inline,measured/6/35/1/qualified_parent,1847114167,1810272084,diagnosis,dag_inline/qualified_parent,True,False,True,False
35,alternating_thresholds_n128,7,measured/7/35/0/dag_inline,measured/7/35/4/qualified_parent,1940524042,2027486917,diagnosis,dag_inline/qualified_parent,True,True,True,True
35,alternating_thresholds_n128,8,measured/8/35/1/dag_inline,measured/8/35/2/qualified_parent,2072727000,1946704958,diagnosis,dag_inline/qualified_parent,True,True,True,True
35,alternating_thresholds_n128,9,measured/9/35/3/dag_inline,measured/9/35/0/qualified_parent,2019463833,2000200917,diagnosis,dag_inline/qualified_parent,True,True,True,True
35,alternating_thresholds_n128,10,measured/10/35/4/dag_inline,measured/10/35/1/qualified_parent,1982328708,1881574917,diagnosis,dag_inline/qualified_parent,True,True,True,True
35,alternating_thresholds_n128,11,measured/11/35/2/dag_inline,measured/11/35/3/qualified_parent,1949009334,1926019333,diagnosis,dag_inline/qualified_parent,True,True,True,True
38,threshold_blocks_n128,2,measured/2/38/4/dag_inline,measured/2/38/0/qualified_parent,1863066750,1830465875,diagnosis,dag_inline/qualified_parent,True,True,True,False
38,threshold_blocks_n128,3,measured/3/38/3/dag_inline,measured/3/38/2/qualified_parent,1841673625,1780450583,diagnosis,dag_inline/qualified_parent,True,True,True,True
38,threshold_blocks_n128,4,measured/4/38/1/dag_inline,measured/4/38/4/qualified_parent,1867137042,1899157000,diagnosis,dag_inline/qualified_parent,True,True,True,True
38,threshold_blocks_n128,5,measured/5/38/0/dag_inline,measured/5/38/3/qualified_parent,1858561042,2012898209,diagnosis,dag_inline/qualified_parent,True,True,True,True
38,threshold_blocks_n128,6,measured/6/38/2/dag_inline,measured/6/38/1/qualified_parent,1804674500,1764701958,diagnosis,dag_inline/qualified_parent,True,False,True,True
38,threshold_blocks_n128,7,measured/7/38/0/dag_inline,measured/7/38/4/qualified_parent,1913317125,1823397583,diagnosis,dag_inline/qualified_parent,True,True,True,True
38,threshold_blocks_n128,8,measured/8/38/1/dag_inline,measured/8/38/2/qualified_parent,1988722625,1909930458,diagnosis,dag_inline/qualified_parent,True,False,True,False
38,threshold_blocks_n128,9,measured/9/38/3/dag_inline,measured/9/38/0/qualified_parent,1867451458,1886743000,diagnosis,dag_inline/qualified_parent,True,False,True,True
38,threshold_blocks_n128,10,measured/10/38/4/dag_inline,measured/10/38/1/qualified_parent,1913580416,1997021292,diagnosis,dag_inline/qualified_parent,True,False,True,True
38,threshold_blocks_n128,11,measured/11/38/2/dag_inline,measured/11/38/3/qualified_parent,2017303750,1918709750,diagnosis,dag_inline/qualified_parent,True,True,True,True
39,heterogeneous_thresholds_n128,2,measured/2/39/4/dag_inline,measured/2/39/0/qualified_parent,1876938875,1842597125,diagnosis,dag_inline/qualified_parent,True,True,True,True
39,heterogeneous_thresholds_n128,3,measured/3/39/3/dag_inline,measured/3/39/2/qualified_parent,1931327333,2059572958,diagnosis,dag_inline/qualified_parent,True,True,True,True
39,heterogeneous_thresholds_n128,4,measured/4/39/1/dag_inline,measured/4/39/4/qualified_parent,1906551708,1831145958,diagnosis,dag_inline/qualified_parent,True,False,True,False
39,heterogeneous_thresholds_n128,5,measured/5/39/0/dag_inline,measured/5/39/3/qualified_parent,2105877500,1814247541,diagnosis,dag_inline/qualified_parent,True,True,True,True
39,heterogeneous_thresholds_n128,6,measured/6/39/2/dag_inline,measured/6/39/1/qualified_parent,1981184833,1877028625,diagnosis,dag_inline/qualified_parent,True,True,True,True
39,heterogeneous_thresholds_n128,7,measured/7/39/0/dag_inline,measured/7/39/4/qualified_parent,1892031500,1908410625,diagnosis,dag_inline/qualified_parent,True,True,True,True
39,heterogeneous_thresholds_n128,8,measured/8/39/1/dag_inline,measured/8/39/2/qualified_parent,1990669459,2031430500,diagnosis,dag_inline/qualified_parent,True,True,True,False
39,heterogeneous_thresholds_n128,9,measured/9/39/3/dag_inline,measured/9/39/0/qualified_parent,1989058208,2018691666,diagnosis,dag_inline/qualified_parent,True,True,True,True
39,heterogeneous_thresholds_n128,10,measured/10/39/4/dag_inline,measured/10/39/1/qualified_parent,2022591042,1930640125,diagnosis,dag_inline/qualified_parent,True,True,True,False
39,heterogeneous_thresholds_n128,11,measured/11/39/2/dag_inline,measured/11/39/3/qualified_parent,1993248625,2031408750,diagnosis,dag_inline/qualified_parent,True,True,True,True
13,general_last_128_273,2,measured/2/13/4/dag_inline,measured/2/13/1/barrier_reference,1915493625,1881694333,diagnosis,dag_inline/barrier_reference,True,True,True,True
13,general_last_128_273,3,measured/3/13/3/dag_inline,measured/3/13/0/barrier_reference,1841523042,1815443000,diagnosis,dag_inline/barrier_reference,True,True,True,False
13,general_last_128_273,4,measured/4/13/1/dag_inline,measured/4/13/2/barrier_reference,1862553958,1778248792,diagnosis,dag_inline/barrier_reference,True,False,True,False
13,general_last_128_273,5,measured/5/13/0/dag_inline,measured/5/13/4/barrier_reference,1853903500,1782023792,diagnosis,dag_inline/barrier_reference,True,False,True,False
13,general_last_128_273,6,measured/6/13/2/dag_inline,measured/6/13/3/barrier_reference,2088838375,1962685250,diagnosis,dag_inline/barrier_reference,True,True,True,True
13,general_last_128_273,7,measured/7/13/0/dag_inline,measured/7/13/3/barrier_reference,1879842791,1879161166,diagnosis,dag_inline/barrier_reference,True,True,True,False
13,general_last_128_273,8,measured/8/13/1/dag_inline,measured/8/13/4/barrier_reference,1905121125,1889060834,diagnosis,dag_inline/barrier_reference,True,True,True,False
13,general_last_128_273,9,measured/9/13/3/dag_inline,measured/9/13/2/barrier_reference,2073724875,1892745500,diagnosis,dag_inline/barrier_reference,True,True,True,True
13,general_last_128_273,10,measured/10/13/4/dag_inline,measured/10/13/0/barrier_reference,1915620209,1942360834,diagnosis,dag_inline/barrier_reference,True,True,True,True
13,general_last_128_273,11,measured/11/13/2/dag_inline,measured/11/13/1/barrier_reference,1904458292,1942409917,diagnosis,dag_inline/barrier_reference,True,False,True,False
24,mixed_last_129_273,2,measured/2/24/4/dag_inline,measured/2/24/1/barrier_reference,1932904875,1886812000,diagnosis,dag_inline/barrier_reference,True,True,True,True
24,mixed_last_129_273,3,measured/3/24/3/dag_inline,measured/3/24/0/barrier_reference,2015925375,1810437750,diagnosis,dag_inline/barrier_reference,True,True,True,False
24,mixed_last_129_273,4,measured/4/24/1/dag_inline,measured/4/24/2/barrier_reference,1858917208,1827989042,diagnosis,dag_inline/barrier_reference,True,True,True,True
24,mixed_last_129_273,5,measured/5/24/0/dag_inline,measured/5/24/4/barrier_reference,1860007709,1833309417,diagnosis,dag_inline/barrier_reference,True,False,True,True
24,mixed_last_129_273,6,measured/6/24/2/dag_inline,measured/6/24/3/barrier_reference,1899297458,1895985875,diagnosis,dag_inline/barrier_reference,True,True,True,True
24,mixed_last_129_273,7,measured/7/24/0/dag_inline,measured/7/24/3/barrier_reference,1975263125,1933251625,diagnosis,dag_inline/barrier_reference,True,True,True,False
24,mixed_last_129_273,8,measured/8/24/1/dag_inline,measured/8/24/4/barrier_reference,1951661875,1999483542,diagnosis,dag_inline/barrier_reference,True,True,True,True
24,mixed_last_129_273,9,measured/9/24/3/dag_inline,measured/9/24/2/barrier_reference,2284445708,1931885458,diagnosis,dag_inline/barrier_reference,True,True,True,True
24,mixed_last_129_273,10,measured/10/24/4/dag_inline,measured/10/24/0/barrier_reference,2001275083,1964969541,diagnosis,dag_inline/barrier_reference,True,True,True,True
24,mixed_last_129_273,11,measured/11/24/2/dag_inline,measured/11/24/1/barrier_reference,1965552625,1973724500,diagnosis,dag_inline/barrier_reference,True,True,True,True
35,alternating_thresholds_n128,2,measured/2/35/4/dag_inline,measured/2/35/1/barrier_reference,1832848875,1817341459,diagnosis,dag_inline/barrier_reference,True,True,True,True
35,alternating_thresholds_n128,3,measured/3/35/3/dag_inline,measured/3/35/0/barrier_reference,1911539792,2050731125,diagnosis,dag_inline/barrier_reference,True,True,True,False
35,alternating_thresholds_n128,4,measured/4/35/1/dag_inline,measured/4/35/2/barrier_reference,1842817667,1856825500,diagnosis,dag_inline/barrier_reference,True,True,True,True
35,alternating_thresholds_n128,5,measured/5/35/0/dag_inline,measured/5/35/4/barrier_reference,1869676125,1798605875,diagnosis,dag_inline/barrier_reference,True,False,True,True
35,alternating_thresholds_n128,6,measured/6/35/2/dag_inline,measured/6/35/3/barrier_reference,1847114167,1851746708,diagnosis,dag_inline/barrier_reference,True,False,True,False
35,alternating_thresholds_n128,7,measured/7/35/0/dag_inline,measured/7/35/3/barrier_reference,1940524042,1913958542,diagnosis,dag_inline/barrier_reference,True,True,True,True
35,alternating_thresholds_n128,8,measured/8/35/1/dag_inline,measured/8/35/4/barrier_reference,2072727000,1920144792,diagnosis,dag_inline/barrier_reference,True,True,True,False
35,alternating_thresholds_n128,9,measured/9/35/3/dag_inline,measured/9/35/2/barrier_reference,2019463833,2244219792,diagnosis,dag_inline/barrier_reference,True,True,True,True
35,alternating_thresholds_n128,10,measured/10/35/4/dag_inline,measured/10/35/0/barrier_reference,1982328708,1911760291,diagnosis,dag_inline/barrier_reference,True,True,True,True
35,alternating_thresholds_n128,11,measured/11/35/2/dag_inline,measured/11/35/1/barrier_reference,1949009334,1905294666,diagnosis,dag_inline/barrier_reference,True,True,True,True
38,threshold_blocks_n128,2,measured/2/38/4/dag_inline,measured/2/38/1/barrier_reference,1863066750,1784445750,diagnosis,dag_inline/barrier_reference,True,True,True,False
38,threshold_blocks_n128,3,measured/3/38/3/dag_inline,measured/3/38/0/barrier_reference,1841673625,1745267583,diagnosis,dag_inline/barrier_reference,True,True,True,True
38,threshold_blocks_n128,4,measured/4/38/1/dag_inline,measured/4/38/2/barrier_reference,1867137042,1771568167,diagnosis,dag_inline/barrier_reference,True,True,True,True
38,threshold_blocks_n128,5,measured/5/38/0/dag_inline,measured/5/38/4/barrier_reference,1858561042,1979806292,diagnosis,dag_inline/barrier_reference,True,True,True,True
38,threshold_blocks_n128,6,measured/6/38/2/dag_inline,measured/6/38/3/barrier_reference,1804674500,1807270916,diagnosis,dag_inline/barrier_reference,True,False,True,False
38,threshold_blocks_n128,7,measured/7/38/0/dag_inline,measured/7/38/3/barrier_reference,1913317125,1867936000,diagnosis,dag_inline/barrier_reference,True,True,True,True
38,threshold_blocks_n128,8,measured/8/38/1/dag_inline,measured/8/38/4/barrier_reference,1988722625,1931193500,diagnosis,dag_inline/barrier_reference,True,False,True,True
38,threshold_blocks_n128,9,measured/9/38/3/dag_inline,measured/9/38/2/barrier_reference,1867451458,1905319416,diagnosis,dag_inline/barrier_reference,True,False,True,True
38,threshold_blocks_n128,10,measured/10/38/4/dag_inline,measured/10/38/0/barrier_reference,1913580416,1902635250,diagnosis,dag_inline/barrier_reference,True,False,True,True
38,threshold_blocks_n128,11,measured/11/38/2/dag_inline,measured/11/38/1/barrier_reference,2017303750,2062154208,diagnosis,dag_inline/barrier_reference,True,True,True,True
39,heterogeneous_thresholds_n128,2,measured/2/39/4/dag_inline,measured/2/39/1/barrier_reference,1876938875,1853273250,diagnosis,dag_inline/barrier_reference,True,True,True,True
39,heterogeneous_thresholds_n128,3,measured/3/39/3/dag_inline,measured/3/39/0/barrier_reference,1931327333,1840957333,diagnosis,dag_inline/barrier_reference,True,True,True,False
39,heterogeneous_thresholds_n128,4,measured/4/39/1/dag_inline,measured/4/39/2/barrier_reference,1906551708,1864777709,diagnosis,dag_inline/barrier_reference,True,False,True,False
39,heterogeneous_thresholds_n128,5,measured/5/39/0/dag_inline,measured/5/39/4/barrier_reference,2105877500,1802382208,diagnosis,dag_inline/barrier_reference,True,True,True,False
39,heterogeneous_thresholds_n128,6,measured/6/39/2/dag_inline,measured/6/39/3/barrier_reference,1981184833,1988873958,diagnosis,dag_inline/barrier_reference,True,True,True,True
39,heterogeneous_thresholds_n128,7,measured/7/39/0/dag_inline,measured/7/39/3/barrier_reference,1892031500,2029561666,diagnosis,dag_inline/barrier_reference,True,True,True,True
39,heterogeneous_thresholds_n128,8,measured/8/39/1/dag_inline,measured/8/39/4/barrier_reference,1990669459,2309392208,diagnosis,dag_inline/barrier_reference,True,True,True,True
39,heterogeneous_thresholds_n128,9,measured/9/39/3/dag_inline,measured/9/39/2/barrier_reference,1989058208,1939860416,diagnosis,dag_inline/barrier_reference,True,True,True,True
39,heterogeneous_thresholds_n128,10,measured/10/39/4/dag_inline,measured/10/39/0/barrier_reference,2022591042,1876622875,diagnosis,dag_inline/barrier_reference,True,True,True,False
39,heterogeneous_thresholds_n128,11,measured/11/39/2/dag_inline,measured/11/39/1/barrier_reference,1993248625,1963372875,diagnosis,dag_inline/barrier_reference,True,True,True,False
13,general_last_128_273,2,measured/2/13/2/dag_guarded,measured/2/13/0/qualified_parent,2137884083,2148883083,diagnosis,dag_guarded/qualified_parent,True,True,True,True
13,general_last_128_273,3,measured/3/13/4/dag_guarded,measured/3/13/2/qualified_parent,1829715084,1789067291,diagnosis,dag_guarded/qualified_parent,True,False,True,True
13,general_last_128_273,4,measured/4/13/3/dag_guarded,measured/4/13/4/qualified_parent,1835848000,1796746959,diagnosis,dag_guarded/qualified_parent,True,False,True,False
13,general_last_128_273,5,measured/5/13/1/dag_guarded,measured/5/13/3/qualified_parent,1882364791,1785196291,diagnosis,dag_guarded/qualified_parent,True,False,True,False
13,general_last_128_273,6,measured/6/13/0/dag_guarded,measured/6/13/1/qualified_parent,1844247000,1782530333,diagnosis,dag_guarded/qualified_parent,True,False,True,False
13,general_last_128_273,7,measured/7/13/2/dag_guarded,measured/7/13/4/qualified_parent,1865434625,1880392750,diagnosis,dag_guarded/qualified_parent,True,False,True,True
13,general_last_128_273,8,measured/8/13/0/dag_guarded,measured/8/13/2/qualified_parent,1960943708,1841928709,diagnosis,dag_guarded/qualified_parent,True,True,True,True
13,general_last_128_273,9,measured/9/13/1/dag_guarded,measured/9/13/0/qualified_parent,1993498792,1925295167,diagnosis,dag_guarded/qualified_parent,True,True,True,True
13,general_last_128_273,10,measured/10/13/3/dag_guarded,measured/10/13/1/qualified_parent,1969973583,1981110125,diagnosis,dag_guarded/qualified_parent,True,True,True,True
13,general_last_128_273,11,measured/11/13/4/dag_guarded,measured/11/13/3/qualified_parent,1907666541,1887034667,diagnosis,dag_guarded/qualified_parent,True,True,True,True
24,mixed_last_129_273,2,measured/2/24/2/dag_guarded,measured/2/24/0/qualified_parent,2023899292,1896418250,diagnosis,dag_guarded/qualified_parent,True,True,True,False
24,mixed_last_129_273,3,measured/3/24/4/dag_guarded,measured/3/24/2/qualified_parent,2259746208,1922496208,diagnosis,dag_guarded/qualified_parent,True,True,True,True
24,mixed_last_129_273,4,measured/4/24/3/dag_guarded,measured/4/24/4/qualified_parent,1860896750,1864265375,diagnosis,dag_guarded/qualified_parent,True,True,True,True
24,mixed_last_129_273,5,measured/5/24/1/dag_guarded,measured/5/24/3/qualified_parent,1880586709,1865780750,diagnosis,dag_guarded/qualified_parent,True,False,True,True
24,mixed_last_129_273,6,measured/6/24/0/dag_guarded,measured/6/24/1/qualified_parent,2036223625,1949282917,diagnosis,dag_guarded/qualified_parent,True,True,True,True
24,mixed_last_129_273,7,measured/7/24/2/dag_guarded,measured/7/24/4/qualified_parent,1972557416,2003942666,diagnosis,dag_guarded/qualified_parent,True,True,True,False
24,mixed_last_129_273,8,measured/8/24/0/dag_guarded,measured/8/24/2/qualified_parent,1976440208,1968549333,diagnosis,dag_guarded/qualified_parent,True,True,True,True
24,mixed_last_129_273,9,measured/9/24/1/dag_guarded,measured/9/24/0/qualified_parent,1960544000,1930386375,diagnosis,dag_guarded/qualified_parent,True,False,True,False
24,mixed_last_129_273,10,measured/10/24/3/dag_guarded,measured/10/24/1/qualified_parent,1935391000,1969931542,diagnosis,dag_guarded/qualified_parent,True,True,True,False
24,mixed_last_129_273,11,measured/11/24/4/dag_guarded,measured/11/24/3/qualified_parent,2036768667,1934265500,diagnosis,dag_guarded/qualified_parent,True,True,True,True
35,alternating_thresholds_n128,2,measured/2/35/2/dag_guarded,measured/2/35/0/qualified_parent,1889655458,1907756958,diagnosis,dag_guarded/qualified_parent,True,True,True,True
35,alternating_thresholds_n128,3,measured/3/35/4/dag_guarded,measured/3/35/2/qualified_parent,1851352125,1881355041,diagnosis,dag_guarded/qualified_parent,True,True,True,True
35,alternating_thresholds_n128,4,measured/4/35/3/dag_guarded,measured/4/35/4/qualified_parent,1917602375,1804309916,diagnosis,dag_guarded/qualified_parent,True,False,True,True
35,alternating_thresholds_n128,5,measured/5/35/1/dag_guarded,measured/5/35/3/qualified_parent,1833623208,1789720709,diagnosis,dag_guarded/qualified_parent,True,False,True,False
35,alternating_thresholds_n128,6,measured/6/35/0/dag_guarded,measured/6/35/1/qualified_parent,1889514334,1810272084,diagnosis,dag_guarded/qualified_parent,True,False,True,False
35,alternating_thresholds_n128,7,measured/7/35/2/dag_guarded,measured/7/35/4/qualified_parent,2023213583,2027486917,diagnosis,dag_guarded/qualified_parent,True,True,True,True
35,alternating_thresholds_n128,8,measured/8/35/0/dag_guarded,measured/8/35/2/qualified_parent,2015090208,1946704958,diagnosis,dag_guarded/qualified_parent,True,True,True,True
35,alternating_thresholds_n128,9,measured/9/35/1/dag_guarded,measured/9/35/0/qualified_parent,2419306750,2000200917,diagnosis,dag_guarded/qualified_parent,True,True,True,True
35,alternating_thresholds_n128,10,measured/10/35/3/dag_guarded,measured/10/35/1/qualified_parent,1920284875,1881574917,diagnosis,dag_guarded/qualified_parent,True,True,True,True
35,alternating_thresholds_n128,11,measured/11/35/4/dag_guarded,measured/11/35/3/qualified_parent,1871178458,1926019333,diagnosis,dag_guarded/qualified_parent,True,True,True,True
38,threshold_blocks_n128,2,measured/2/38/2/dag_guarded,measured/2/38/0/qualified_parent,1843595625,1830465875,diagnosis,dag_guarded/qualified_parent,True,False,True,False
38,threshold_blocks_n128,3,measured/3/38/4/dag_guarded,measured/3/38/2/qualified_parent,1868978625,1780450583,diagnosis,dag_guarded/qualified_parent,True,True,True,True
38,threshold_blocks_n128,4,measured/4/38/3/dag_guarded,measured/4/38/4/qualified_parent,2030149958,1899157000,diagnosis,dag_guarded/qualified_parent,True,True,True,True
38,threshold_blocks_n128,5,measured/5/38/1/dag_guarded,measured/5/38/3/qualified_parent,2147234917,2012898209,diagnosis,dag_guarded/qualified_parent,True,False,True,True
38,threshold_blocks_n128,6,measured/6/38/0/dag_guarded,measured/6/38/1/qualified_parent,1932090500,1764701958,diagnosis,dag_guarded/qualified_parent,True,True,True,True
38,threshold_blocks_n128,7,measured/7/38/2/dag_guarded,measured/7/38/4/qualified_parent,1922112041,1823397583,diagnosis,dag_guarded/qualified_parent,True,True,True,True
38,threshold_blocks_n128,8,measured/8/38/0/dag_guarded,measured/8/38/2/qualified_parent,1928886750,1909930458,diagnosis,dag_guarded/qualified_parent,True,False,True,False
38,threshold_blocks_n128,9,measured/9/38/1/dag_guarded,measured/9/38/0/qualified_parent,1900256958,1886743000,diagnosis,dag_guarded/qualified_parent,True,True,True,True
38,threshold_blocks_n128,10,measured/10/38/3/dag_guarded,measured/10/38/1/qualified_parent,1959785792,1997021292,diagnosis,dag_guarded/qualified_parent,True,True,True,True
38,threshold_blocks_n128,11,measured/11/38/4/dag_guarded,measured/11/38/3/qualified_parent,1932429166,1918709750,diagnosis,dag_guarded/qualified_parent,True,False,True,True
39,heterogeneous_thresholds_n128,2,measured/2/39/2/dag_guarded,measured/2/39/0/qualified_parent,1912673417,1842597125,diagnosis,dag_guarded/qualified_parent,True,False,True,True
39,heterogeneous_thresholds_n128,3,measured/3/39/4/dag_guarded,measured/3/39/2/qualified_parent,1879669875,2059572958,diagnosis,dag_guarded/qualified_parent,True,True,True,True
39,heterogeneous_thresholds_n128,4,measured/4/39/3/dag_guarded,measured/4/39/4/qualified_parent,1928087750,1831145958,diagnosis,dag_guarded/qualified_parent,True,False,True,False
39,heterogeneous_thresholds_n128,5,measured/5/39/1/dag_guarded,measured/5/39/3/qualified_parent,1888781542,1814247541,diagnosis,dag_guarded/qualified_parent,True,True,True,True
39,heterogeneous_thresholds_n128,6,measured/6/39/0/dag_guarded,measured/6/39/1/qualified_parent,2029246500,1877028625,diagnosis,dag_guarded/qualified_parent,True,True,True,True
39,heterogeneous_thresholds_n128,7,measured/7/39/2/dag_guarded,measured/7/39/4/qualified_parent,1928998208,1908410625,diagnosis,dag_guarded/qualified_parent,True,True,True,True
39,heterogeneous_thresholds_n128,8,measured/8/39/0/dag_guarded,measured/8/39/2/qualified_parent,2036243458,2031430500,diagnosis,dag_guarded/qualified_parent,True,True,True,False
39,heterogeneous_thresholds_n128,9,measured/9/39/1/dag_guarded,measured/9/39/0/qualified_parent,1945889209,2018691666,diagnosis,dag_guarded/qualified_parent,True,True,True,True
39,heterogeneous_thresholds_n128,10,measured/10/39/3/dag_guarded,measured/10/39/1/qualified_parent,1954129042,1930640125,diagnosis,dag_guarded/qualified_parent,True,True,True,False
39,heterogeneous_thresholds_n128,11,measured/11/39/4/dag_guarded,measured/11/39/3/qualified_parent,2035639500,2031408750,diagnosis,dag_guarded/qualified_parent,True,True,True,True
13,general_last_128_273,2,measured/2/13/2/dag_guarded,measured/2/13/1/barrier_reference,2137884083,1881694333,diagnosis,dag_guarded/barrier_reference,True,True,True,True
13,general_last_128_273,3,measured/3/13/4/dag_guarded,measured/3/13/0/barrier_reference,1829715084,1815443000,diagnosis,dag_guarded/barrier_reference,True,False,True,False
13,general_last_128_273,4,measured/4/13/3/dag_guarded,measured/4/13/2/barrier_reference,1835848000,1778248792,diagnosis,dag_guarded/barrier_reference,True,False,True,False
13,general_last_128_273,5,measured/5/13/1/dag_guarded,measured/5/13/4/barrier_reference,1882364791,1782023792,diagnosis,dag_guarded/barrier_reference,True,False,True,False
13,general_last_128_273,6,measured/6/13/0/dag_guarded,measured/6/13/3/barrier_reference,1844247000,1962685250,diagnosis,dag_guarded/barrier_reference,True,False,True,True
13,general_last_128_273,7,measured/7/13/2/dag_guarded,measured/7/13/3/barrier_reference,1865434625,1879161166,diagnosis,dag_guarded/barrier_reference,True,False,True,False
13,general_last_128_273,8,measured/8/13/0/dag_guarded,measured/8/13/4/barrier_reference,1960943708,1889060834,diagnosis,dag_guarded/barrier_reference,True,True,True,False
13,general_last_128_273,9,measured/9/13/1/dag_guarded,measured/9/13/2/barrier_reference,1993498792,1892745500,diagnosis,dag_guarded/barrier_reference,True,True,True,True
13,general_last_128_273,10,measured/10/13/3/dag_guarded,measured/10/13/0/barrier_reference,1969973583,1942360834,diagnosis,dag_guarded/barrier_reference,True,True,True,True
13,general_last_128_273,11,measured/11/13/4/dag_guarded,measured/11/13/1/barrier_reference,1907666541,1942409917,diagnosis,dag_guarded/barrier_reference,True,True,True,False
24,mixed_last_129_273,2,measured/2/24/2/dag_guarded,measured/2/24/1/barrier_reference,2023899292,1886812000,diagnosis,dag_guarded/barrier_reference,True,True,True,True
24,mixed_last_129_273,3,measured/3/24/4/dag_guarded,measured/3/24/0/barrier_reference,2259746208,1810437750,diagnosis,dag_guarded/barrier_reference,True,True,True,False
24,mixed_last_129_273,4,measured/4/24/3/dag_guarded,measured/4/24/2/barrier_reference,1860896750,1827989042,diagnosis,dag_guarded/barrier_reference,True,True,True,True
24,mixed_last_129_273,5,measured/5/24/1/dag_guarded,measured/5/24/4/barrier_reference,1880586709,1833309417,diagnosis,dag_guarded/barrier_reference,True,False,True,True
24,mixed_last_129_273,6,measured/6/24/0/dag_guarded,measured/6/24/3/barrier_reference,2036223625,1895985875,diagnosis,dag_guarded/barrier_reference,True,True,True,True
24,mixed_last_129_273,7,measured/7/24/2/dag_guarded,measured/7/24/3/barrier_reference,1972557416,1933251625,diagnosis,dag_guarded/barrier_reference,True,True,True,False
24,mixed_last_129_273,8,measured/8/24/0/dag_guarded,measured/8/24/4/barrier_reference,1976440208,1999483542,diagnosis,dag_guarded/barrier_reference,True,True,True,True
24,mixed_last_129_273,9,measured/9/24/1/dag_guarded,measured/9/24/2/barrier_reference,1960544000,1931885458,diagnosis,dag_guarded/barrier_reference,True,False,True,True
24,mixed_last_129_273,10,measured/10/24/3/dag_guarded,measured/10/24/0/barrier_reference,1935391000,1964969541,diagnosis,dag_guarded/barrier_reference,True,True,True,True
24,mixed_last_129_273,11,measured/11/24/4/dag_guarded,measured/11/24/1/barrier_reference,2036768667,1973724500,diagnosis,dag_guarded/barrier_reference,True,True,True,True
35,alternating_thresholds_n128,2,measured/2/35/2/dag_guarded,measured/2/35/1/barrier_reference,1889655458,1817341459,diagnosis,dag_guarded/barrier_reference,True,True,True,True
35,alternating_thresholds_n128,3,measured/3/35/4/dag_guarded,measured/3/35/0/barrier_reference,1851352125,2050731125,diagnosis,dag_guarded/barrier_reference,True,True,True,False
35,alternating_thresholds_n128,4,measured/4/35/3/dag_guarded,measured/4/35/2/barrier_reference,1917602375,1856825500,diagnosis,dag_guarded/barrier_reference,True,False,True,True
35,alternating_thresholds_n128,5,measured/5/35/1/dag_guarded,measured/5/35/4/barrier_reference,1833623208,1798605875,diagnosis,dag_guarded/barrier_reference,True,False,True,True
35,alternating_thresholds_n128,6,measured/6/35/0/dag_guarded,measured/6/35/3/barrier_reference,1889514334,1851746708,diagnosis,dag_guarded/barrier_reference,True,False,True,False
35,alternating_thresholds_n128,7,measured/7/35/2/dag_guarded,measured/7/35/3/barrier_reference,2023213583,1913958542,diagnosis,dag_guarded/barrier_reference,True,True,True,True
35,alternating_thresholds_n128,8,measured/8/35/0/dag_guarded,measured/8/35/4/barrier_reference,2015090208,1920144792,diagnosis,dag_guarded/barrier_reference,True,True,True,False
35,alternating_thresholds_n128,9,measured/9/35/1/dag_guarded,measured/9/35/2/barrier_reference,2419306750,2244219792,diagnosis,dag_guarded/barrier_reference,True,True,True,True
35,alternating_thresholds_n128,10,measured/10/35/3/dag_guarded,measured/10/35/0/barrier_reference,1920284875,1911760291,diagnosis,dag_guarded/barrier_reference,True,True,True,True
35,alternating_thresholds_n128,11,measured/11/35/4/dag_guarded,measured/11/35/1/barrier_reference,1871178458,1905294666,diagnosis,dag_guarded/barrier_reference,True,True,True,True
38,threshold_blocks_n128,2,measured/2/38/2/dag_guarded,measured/2/38/1/barrier_reference,1843595625,1784445750,diagnosis,dag_guarded/barrier_reference,True,False,True,False
38,threshold_blocks_n128,3,measured/3/38/4/dag_guarded,measured/3/38/0/barrier_reference,1868978625,1745267583,diagnosis,dag_guarded/barrier_reference,True,True,True,True
38,threshold_blocks_n128,4,measured/4/38/3/dag_guarded,measured/4/38/2/barrier_reference,2030149958,1771568167,diagnosis,dag_guarded/barrier_reference,True,True,True,True
38,threshold_blocks_n128,5,measured/5/38/1/dag_guarded,measured/5/38/4/barrier_reference,2147234917,1979806292,diagnosis,dag_guarded/barrier_reference,True,False,True,True
38,threshold_blocks_n128,6,measured/6/38/0/dag_guarded,measured/6/38/3/barrier_reference,1932090500,1807270916,diagnosis,dag_guarded/barrier_reference,True,True,True,False
38,threshold_blocks_n128,7,measured/7/38/2/dag_guarded,measured/7/38/3/barrier_reference,1922112041,1867936000,diagnosis,dag_guarded/barrier_reference,True,True,True,True
38,threshold_blocks_n128,8,measured/8/38/0/dag_guarded,measured/8/38/4/barrier_reference,1928886750,1931193500,diagnosis,dag_guarded/barrier_reference,True,False,True,True
38,threshold_blocks_n128,9,measured/9/38/1/dag_guarded,measured/9/38/2/barrier_reference,1900256958,1905319416,diagnosis,dag_guarded/barrier_reference,True,True,True,True
38,threshold_blocks_n128,10,measured/10/38/3/dag_guarded,measured/10/38/0/barrier_reference,1959785792,1902635250,diagnosis,dag_guarded/barrier_reference,True,True,True,True
38,threshold_blocks_n128,11,measured/11/38/4/dag_guarded,measured/11/38/1/barrier_reference,1932429166,2062154208,diagnosis,dag_guarded/barrier_reference,True,False,True,True
39,heterogeneous_thresholds_n128,2,measured/2/39/2/dag_guarded,measured/2/39/1/barrier_reference,1912673417,1853273250,diagnosis,dag_guarded/barrier_reference,True,False,True,True
39,heterogeneous_thresholds_n128,3,measured/3/39/4/dag_guarded,measured/3/39/0/barrier_reference,1879669875,1840957333,diagnosis,dag_guarded/barrier_reference,True,True,True,False
39,heterogeneous_thresholds_n128,4,measured/4/39/3/dag_guarded,measured/4/39/2/barrier_reference,1928087750,1864777709,diagnosis,dag_guarded/barrier_reference,True,False,True,False
39,heterogeneous_thresholds_n128,5,measured/5/39/1/dag_guarded,measured/5/39/4/barrier_reference,1888781542,1802382208,diagnosis,dag_guarded/barrier_reference,True,True,True,False
39,heterogeneous_thresholds_n128,6,measured/6/39/0/dag_guarded,measured/6/39/3/barrier_reference,2029246500,1988873958,diagnosis,dag_guarded/barrier_reference,True,True,True,True
39,heterogeneous_thresholds_n128,7,measured/7/39/2/dag_guarded,measured/7/39/3/barrier_reference,1928998208,2029561666,diagnosis,dag_guarded/barrier_reference,True,True,True,True
39,heterogeneous_thresholds_n128,8,measured/8/39/0/dag_guarded,measured/8/39/4/barrier_reference,2036243458,2309392208,diagnosis,dag_guarded/barrier_reference,True,True,True,True
39,heterogeneous_thresholds_n128,9,measured/9/39/1/dag_guarded,measured/9/39/2/barrier_reference,1945889209,1939860416,diagnosis,dag_guarded/barrier_reference,True,True,True,True
39,heterogeneous_thresholds_n128,10,measured/10/39/3/dag_guarded,measured/10/39/0/barrier_reference,1954129042,1876622875,diagnosis,dag_guarded/barrier_reference,True,True,True,False
39,heterogeneous_thresholds_n128,11,measured/11/39/4/dag_guarded,measured/11/39/1/barrier_reference,2035639500,1963372875,diagnosis,dag_guarded/barrier_reference,True,True,True,False
13,general_last_128_273,2,measured/2/13/1/barrier_reference,measured/2/13/0/qualified_parent,1881694333,2148883083,diagnosis,barrier_reference/qualified_parent,True,True,True,True
13,general_last_128_273,3,measured/3/13/0/barrier_reference,measured/3/13/2/qualified_parent,1815443000,1789067291,diagnosis,barrier_reference/qualified_parent,True,False,True,True
13,general_last_128_273,4,measured/4/13/2/barrier_reference,measured/4/13/4/qualified_parent,1778248792,1796746959,diagnosis,barrier_reference/qualified_parent,True,False,True,False
13,general_last_128_273,5,measured/5/13/4/barrier_reference,measured/5/13/3/qualified_parent,1782023792,1785196291,diagnosis,barrier_reference/qualified_parent,True,False,True,False
13,general_last_128_273,6,measured/6/13/3/barrier_reference,measured/6/13/1/qualified_parent,1962685250,1782530333,diagnosis,barrier_reference/qualified_parent,True,True,True,False
13,general_last_128_273,7,measured/7/13/3/barrier_reference,measured/7/13/4/qualified_parent,1879161166,1880392750,diagnosis,barrier_reference/qualified_parent,True,False,True,True
13,general_last_128_273,8,measured/8/13/4/barrier_reference,measured/8/13/2/qualified_parent,1889060834,1841928709,diagnosis,barrier_reference/qualified_parent,True,False,True,True
13,general_last_128_273,9,measured/9/13/2/barrier_reference,measured/9/13/0/qualified_parent,1892745500,1925295167,diagnosis,barrier_reference/qualified_parent,True,True,True,True
13,general_last_128_273,10,measured/10/13/0/barrier_reference,measured/10/13/1/qualified_parent,1942360834,1981110125,diagnosis,barrier_reference/qualified_parent,True,True,True,True
13,general_last_128_273,11,measured/11/13/1/barrier_reference,measured/11/13/3/qualified_parent,1942409917,1887034667,diagnosis,barrier_reference/qualified_parent,True,False,True,True
24,mixed_last_129_273,2,measured/2/24/1/barrier_reference,measured/2/24/0/qualified_parent,1886812000,1896418250,diagnosis,barrier_reference/qualified_parent,True,True,True,False
24,mixed_last_129_273,3,measured/3/24/0/barrier_reference,measured/3/24/2/qualified_parent,1810437750,1922496208,diagnosis,barrier_reference/qualified_parent,True,False,True,True
24,mixed_last_129_273,4,measured/4/24/2/barrier_reference,measured/4/24/4/qualified_parent,1827989042,1864265375,diagnosis,barrier_reference/qualified_parent,True,True,True,True
24,mixed_last_129_273,5,measured/5/24/4/barrier_reference,measured/5/24/3/qualified_parent,1833309417,1865780750,diagnosis,barrier_reference/qualified_parent,True,True,True,True
24,mixed_last_129_273,6,measured/6/24/3/barrier_reference,measured/6/24/1/qualified_parent,1895985875,1949282917,diagnosis,barrier_reference/qualified_parent,True,True,True,True
24,mixed_last_129_273,7,measured/7/24/3/barrier_reference,measured/7/24/4/qualified_parent,1933251625,2003942666,diagnosis,barrier_reference/qualified_parent,True,False,True,False
24,mixed_last_129_273,8,measured/8/24/4/barrier_reference,measured/8/24/2/qualified_parent,1999483542,1968549333,diagnosis,barrier_reference/qualified_parent,True,True,True,True
24,mixed_last_129_273,9,measured/9/24/2/barrier_reference,measured/9/24/0/qualified_parent,1931885458,1930386375,diagnosis,barrier_reference/qualified_parent,True,True,True,False
24,mixed_last_129_273,10,measured/10/24/0/barrier_reference,measured/10/24/1/qualified_parent,1964969541,1969931542,diagnosis,barrier_reference/qualified_parent,True,True,True,False
24,mixed_last_129_273,11,measured/11/24/1/barrier_reference,measured/11/24/3/qualified_parent,1973724500,1934265500,diagnosis,barrier_reference/qualified_parent,True,True,True,True
35,alternating_thresholds_n128,2,measured/2/35/1/barrier_reference,measured/2/35/0/qualified_parent,1817341459,1907756958,diagnosis,barrier_reference/qualified_parent,True,True,True,True
35,alternating_thresholds_n128,3,measured/3/35/0/barrier_reference,measured/3/35/2/qualified_parent,2050731125,1881355041,diagnosis,barrier_reference/qualified_parent,True,False,True,True
35,alternating_thresholds_n128,4,measured/4/35/2/barrier_reference,measured/4/35/4/qualified_parent,1856825500,1804309916,diagnosis,barrier_reference/qualified_parent,True,True,True,True
35,alternating_thresholds_n128,5,measured/5/35/4/barrier_reference,measured/5/35/3/qualified_parent,1798605875,1789720709,diagnosis,barrier_reference/qualified_parent,True,True,True,False
35,alternating_thresholds_n128,6,measured/6/35/3/barrier_reference,measured/6/35/1/qualified_parent,1851746708,1810272084,diagnosis,barrier_reference/qualified_parent,True,False,True,False
35,alternating_thresholds_n128,7,measured/7/35/3/barrier_reference,measured/7/35/4/qualified_parent,1913958542,2027486917,diagnosis,barrier_reference/qualified_parent,True,True,True,True
35,alternating_thresholds_n128,8,measured/8/35/4/barrier_reference,measured/8/35/2/qualified_parent,1920144792,1946704958,diagnosis,barrier_reference/qualified_parent,True,False,True,True
35,alternating_thresholds_n128,9,measured/9/35/2/barrier_reference,measured/9/35/0/qualified_parent,2244219792,2000200917,diagnosis,barrier_reference/qualified_parent,True,True,True,True
35,alternating_thresholds_n128,10,measured/10/35/0/barrier_reference,measured/10/35/1/qualified_parent,1911760291,1881574917,diagnosis,barrier_reference/qualified_parent,True,True,True,True
35,alternating_thresholds_n128,11,measured/11/35/1/barrier_reference,measured/11/35/3/qualified_parent,1905294666,1926019333,diagnosis,barrier_reference/qualified_parent,True,True,True,True
38,threshold_blocks_n128,2,measured/2/38/1/barrier_reference,measured/2/38/0/qualified_parent,1784445750,1830465875,diagnosis,barrier_reference/qualified_parent,True,False,True,False
38,threshold_blocks_n128,3,measured/3/38/0/barrier_reference,measured/3/38/2/qualified_parent,1745267583,1780450583,diagnosis,barrier_reference/qualified_parent,True,True,True,True
38,threshold_blocks_n128,4,measured/4/38/2/barrier_reference,measured/4/38/4/qualified_parent,1771568167,1899157000,diagnosis,barrier_reference/qualified_parent,True,True,True,True
38,threshold_blocks_n128,5,measured/5/38/4/barrier_reference,measured/5/38/3/qualified_parent,1979806292,2012898209,diagnosis,barrier_reference/qualified_parent,True,True,True,True
38,threshold_blocks_n128,6,measured/6/38/3/barrier_reference,measured/6/38/1/qualified_parent,1807270916,1764701958,diagnosis,barrier_reference/qualified_parent,True,False,True,True
38,threshold_blocks_n128,7,measured/7/38/3/barrier_reference,measured/7/38/4/qualified_parent,1867936000,1823397583,diagnosis,barrier_reference/qualified_parent,True,True,True,True
38,threshold_blocks_n128,8,measured/8/38/4/barrier_reference,measured/8/38/2/qualified_parent,1931193500,1909930458,diagnosis,barrier_reference/qualified_parent,True,True,True,False
38,threshold_blocks_n128,9,measured/9/38/2/barrier_reference,measured/9/38/0/qualified_parent,1905319416,1886743000,diagnosis,barrier_reference/qualified_parent,True,True,True,True
38,threshold_blocks_n128,10,measured/10/38/0/barrier_reference,measured/10/38/1/qualified_parent,1902635250,1997021292,diagnosis,barrier_reference/qualified_parent,True,True,True,True
38,threshold_blocks_n128,11,measured/11/38/1/barrier_reference,measured/11/38/3/qualified_parent,2062154208,1918709750,diagnosis,barrier_reference/qualified_parent,True,True,True,True
39,heterogeneous_thresholds_n128,2,measured/2/39/1/barrier_reference,measured/2/39/0/qualified_parent,1853273250,1842597125,diagnosis,barrier_reference/qualified_parent,True,True,True,True
39,heterogeneous_thresholds_n128,3,measured/3/39/0/barrier_reference,measured/3/39/2/qualified_parent,1840957333,2059572958,diagnosis,barrier_reference/qualified_parent,True,False,True,True
39,heterogeneous_thresholds_n128,4,measured/4/39/2/barrier_reference,measured/4/39/4/qualified_parent,1864777709,1831145958,diagnosis,barrier_reference/qualified_parent,True,False,True,False
39,heterogeneous_thresholds_n128,5,measured/5/39/4/barrier_reference,measured/5/39/3/qualified_parent,1802382208,1814247541,diagnosis,barrier_reference/qualified_parent,True,False,True,True
39,heterogeneous_thresholds_n128,6,measured/6/39/3/barrier_reference,measured/6/39/1/qualified_parent,1988873958,1877028625,diagnosis,barrier_reference/qualified_parent,True,True,True,True
39,heterogeneous_thresholds_n128,7,measured/7/39/3/barrier_reference,measured/7/39/4/qualified_parent,2029561666,1908410625,diagnosis,barrier_reference/qualified_parent,True,True,True,True
39,heterogeneous_thresholds_n128,8,measured/8/39/4/barrier_reference,measured/8/39/2/qualified_parent,2309392208,2031430500,diagnosis,barrier_reference/qualified_parent,True,True,True,False
39,heterogeneous_thresholds_n128,9,measured/9/39/2/barrier_reference,measured/9/39/0/qualified_parent,1939860416,2018691666,diagnosis,barrier_reference/qualified_parent,True,True,True,True
39,heterogeneous_thresholds_n128,10,measured/10/39/0/barrier_reference,measured/10/39/1/qualified_parent,1876622875,1930640125,diagnosis,barrier_reference/qualified_parent,True,False,True,False
39,heterogeneous_thresholds_n128,11,measured/11/39/1/barrier_reference,measured/11/39/3/qualified_parent,1963372875,2031408750,diagnosis,barrier_reference/qualified_parent,True,False,True,True
13,general_last_128_273,2,measured/2/13/4/dag_inline,measured/2/13/3/dag_ready,1915493625,1999283250,diagnosis,dag_inline/dag_ready,True,True,True,True
13,general_last_128_273,3,measured/3/13/3/dag_inline,measured/3/13/1/dag_ready,1841523042,1859755500,diagnosis,dag_inline/dag_ready,True,True,True,True
13,general_last_128_273,4,measured/4/13/1/dag_inline,measured/4/13/0/dag_ready,1862553958,1844941833,diagnosis,dag_inline/dag_ready,True,False,True,False
13,general_last_128_273,5,measured/5/13/0/dag_inline,measured/5/13/2/dag_ready,1853903500,1859359042,diagnosis,dag_inline/dag_ready,True,False,True,False
13,general_last_128_273,6,measured/6/13/2/dag_inline,measured/6/13/4/dag_ready,2088838375,1849815667,diagnosis,dag_inline/dag_ready,True,True,True,True
13,general_last_128_273,7,measured/7/13/0/dag_inline,measured/7/13/1/dag_ready,1879842791,1912762792,diagnosis,dag_inline/dag_ready,True,True,True,False
13,general_last_128_273,8,measured/8/13/1/dag_inline,measured/8/13/3/dag_ready,1905121125,1861603125,diagnosis,dag_inline/dag_ready,True,True,True,False
13,general_last_128_273,9,measured/9/13/3/dag_inline,measured/9/13/4/dag_ready,2073724875,1969123416,diagnosis,dag_inline/dag_ready,True,True,True,False
13,general_last_128_273,10,measured/10/13/4/dag_inline,measured/10/13/2/dag_ready,1915620209,1990508041,diagnosis,dag_inline/dag_ready,True,True,True,True
13,general_last_128_273,11,measured/11/13/2/dag_inline,measured/11/13/0/dag_ready,1904458292,1852450625,diagnosis,dag_inline/dag_ready,True,False,True,True
24,mixed_last_129_273,2,measured/2/24/4/dag_inline,measured/2/24/3/dag_ready,1932904875,1929596375,diagnosis,dag_inline/dag_ready,True,True,True,True
24,mixed_last_129_273,3,measured/3/24/3/dag_inline,measured/3/24/1/dag_ready,2015925375,1927765333,diagnosis,dag_inline/dag_ready,True,True,True,False
24,mixed_last_129_273,4,measured/4/24/1/dag_inline,measured/4/24/0/dag_ready,1858917208,1884374584,diagnosis,dag_inline/dag_ready,True,True,True,True
24,mixed_last_129_273,5,measured/5/24/0/dag_inline,measured/5/24/2/dag_ready,1860007709,1946843375,diagnosis,dag_inline/dag_ready,True,False,True,True
24,mixed_last_129_273,6,measured/6/24/2/dag_inline,measured/6/24/4/dag_ready,1899297458,1888832792,diagnosis,dag_inline/dag_ready,True,True,True,True
24,mixed_last_129_273,7,measured/7/24/0/dag_inline,measured/7/24/1/dag_ready,1975263125,1951360167,diagnosis,dag_inline/dag_ready,True,True,True,True
24,mixed_last_129_273,8,measured/8/24/1/dag_inline,measured/8/24/3/dag_ready,1951661875,1927492916,diagnosis,dag_inline/dag_ready,True,True,True,True
24,mixed_last_129_273,9,measured/9/24/3/dag_inline,measured/9/24/4/dag_ready,2284445708,1917958667,diagnosis,dag_inline/dag_ready,True,True,True,True
24,mixed_last_129_273,10,measured/10/24/4/dag_inline,measured/10/24/2/dag_ready,2001275083,2006849292,diagnosis,dag_inline/dag_ready,True,True,True,False
24,mixed_last_129_273,11,measured/11/24/2/dag_inline,measured/11/24/0/dag_ready,1965552625,1944378666,diagnosis,dag_inline/dag_ready,True,True,True,True
35,alternating_thresholds_n128,2,measured/2/35/4/dag_inline,measured/2/35/3/dag_ready,1832848875,1886671125,diagnosis,dag_inline/dag_ready,True,True,True,True
35,alternating_thresholds_n128,3,measured/3/35/3/dag_inline,measured/3/35/1/dag_ready,1911539792,2003423833,diagnosis,dag_inline/dag_ready,True,True,True,True
35,alternating_thresholds_n128,4,measured/4/35/1/dag_inline,measured/4/35/0/dag_ready,1842817667,1892788125,diagnosis,dag_inline/dag_ready,True,True,True,True
35,alternating_thresholds_n128,5,measured/5/35/0/dag_inline,measured/5/35/2/dag_ready,1869676125,1833136083,diagnosis,dag_inline/dag_ready,True,False,True,False
35,alternating_thresholds_n128,6,measured/6/35/2/dag_inline,measured/6/35/4/dag_ready,1847114167,1843000000,diagnosis,dag_inline/dag_ready,True,False,True,True
35,alternating_thresholds_n128,7,measured/7/35/0/dag_inline,measured/7/35/1/dag_ready,1940524042,1903226042,diagnosis,dag_inline/dag_ready,True,True,True,True
35,alternating_thresholds_n128,8,measured/8/35/1/dag_inline,measured/8/35/3/dag_ready,2072727000,1868468958,diagnosis,dag_inline/dag_ready,True,True,True,True
35,alternating_thresholds_n128,9,measured/9/35/3/dag_inline,measured/9/35/4/dag_ready,2019463833,1912572375,diagnosis,dag_inline/dag_ready,True,True,True,True
35,alternating_thresholds_n128,10,measured/10/35/4/dag_inline,measured/10/35/2/dag_ready,1982328708,1964694667,diagnosis,dag_inline/dag_ready,True,True,True,True
35,alternating_thresholds_n128,11,measured/11/35/2/dag_inline,measured/11/35/0/dag_ready,1949009334,1925792708,diagnosis,dag_inline/dag_ready,True,True,True,True
38,threshold_blocks_n128,2,measured/2/38/4/dag_inline,measured/2/38/3/dag_ready,1863066750,1860563500,diagnosis,dag_inline/dag_ready,True,True,True,False
38,threshold_blocks_n128,3,measured/3/38/3/dag_inline,measured/3/38/1/dag_ready,1841673625,1883378417,diagnosis,dag_inline/dag_ready,True,True,True,True
38,threshold_blocks_n128,4,measured/4/38/1/dag_inline,measured/4/38/0/dag_ready,1867137042,1839557417,diagnosis,dag_inline/dag_ready,True,True,True,True
38,threshold_blocks_n128,5,measured/5/38/0/dag_inline,measured/5/38/2/dag_ready,1858561042,2093901333,diagnosis,dag_inline/dag_ready,True,True,True,True
38,threshold_blocks_n128,6,measured/6/38/2/dag_inline,measured/6/38/4/dag_ready,1804674500,1797150458,diagnosis,dag_inline/dag_ready,True,False,True,False
38,threshold_blocks_n128,7,measured/7/38/0/dag_inline,measured/7/38/1/dag_ready,1913317125,1972962542,diagnosis,dag_inline/dag_ready,True,True,True,True
38,threshold_blocks_n128,8,measured/8/38/1/dag_inline,measured/8/38/3/dag_ready,1988722625,1891596792,diagnosis,dag_inline/dag_ready,True,False,True,True
38,threshold_blocks_n128,9,measured/9/38/3/dag_inline,measured/9/38/4/dag_ready,1867451458,2050188000,diagnosis,dag_inline/dag_ready,True,False,True,True
38,threshold_blocks_n128,10,measured/10/38/4/dag_inline,measured/10/38/2/dag_ready,1913580416,1931890959,diagnosis,dag_inline/dag_ready,True,False,True,True
38,threshold_blocks_n128,11,measured/11/38/2/dag_inline,measured/11/38/0/dag_ready,2017303750,1926729667,diagnosis,dag_inline/dag_ready,True,True,True,True
39,heterogeneous_thresholds_n128,2,measured/2/39/4/dag_inline,measured/2/39/3/dag_ready,1876938875,1890934375,diagnosis,dag_inline/dag_ready,True,True,True,True
39,heterogeneous_thresholds_n128,3,measured/3/39/3/dag_inline,measured/3/39/1/dag_ready,1931327333,1906453834,diagnosis,dag_inline/dag_ready,True,True,True,False
39,heterogeneous_thresholds_n128,4,measured/4/39/1/dag_inline,measured/4/39/0/dag_ready,1906551708,1984728000,diagnosis,dag_inline/dag_ready,True,False,True,False
39,heterogeneous_thresholds_n128,5,measured/5/39/0/dag_inline,measured/5/39/2/dag_ready,2105877500,1897636542,diagnosis,dag_inline/dag_ready,True,True,True,True
39,heterogeneous_thresholds_n128,6,measured/6/39/2/dag_inline,measured/6/39/4/dag_ready,1981184833,1932997083,diagnosis,dag_inline/dag_ready,True,True,True,True
39,heterogeneous_thresholds_n128,7,measured/7/39/0/dag_inline,measured/7/39/1/dag_ready,1892031500,1856376416,diagnosis,dag_inline/dag_ready,True,True,True,True
39,heterogeneous_thresholds_n128,8,measured/8/39/1/dag_inline,measured/8/39/3/dag_ready,1990669459,1969001459,diagnosis,dag_inline/dag_ready,True,True,True,True
39,heterogeneous_thresholds_n128,9,measured/9/39/3/dag_inline,measured/9/39/4/dag_ready,1989058208,2046548458,diagnosis,dag_inline/dag_ready,True,True,True,True
39,heterogeneous_thresholds_n128,10,measured/10/39/4/dag_inline,measured/10/39/2/dag_ready,2022591042,1941484459,diagnosis,dag_inline/dag_ready,True,True,True,False
39,heterogeneous_thresholds_n128,11,measured/11/39/2/dag_inline,measured/11/39/0/dag_ready,1993248625,2045557542,diagnosis,dag_inline/dag_ready,True,True,True,False
13,general_last_128_273,2,measured/2/13/2/dag_guarded,measured/2/13/3/dag_ready,2137884083,1999283250,diagnosis,dag_guarded/dag_ready,True,True,True,True
13,general_last_128_273,3,measured/3/13/4/dag_guarded,measured/3/13/1/dag_ready,1829715084,1859755500,diagnosis,dag_guarded/dag_ready,True,False,True,True
13,general_last_128_273,4,measured/4/13/3/dag_guarded,measured/4/13/0/dag_ready,1835848000,1844941833,diagnosis,dag_guarded/dag_ready,True,False,True,False
13,general_last_128_273,5,measured/5/13/1/dag_guarded,measured/5/13/2/dag_ready,1882364791,1859359042,diagnosis,dag_guarded/dag_ready,True,False,True,False
13,general_last_128_273,6,measured/6/13/0/dag_guarded,measured/6/13/4/dag_ready,1844247000,1849815667,diagnosis,dag_guarded/dag_ready,True,False,True,True
13,general_last_128_273,7,measured/7/13/2/dag_guarded,measured/7/13/1/dag_ready,1865434625,1912762792,diagnosis,dag_guarded/dag_ready,True,False,True,False
13,general_last_128_273,8,measured/8/13/0/dag_guarded,measured/8/13/3/dag_ready,1960943708,1861603125,diagnosis,dag_guarded/dag_ready,True,True,True,False
13,general_last_128_273,9,measured/9/13/1/dag_guarded,measured/9/13/4/dag_ready,1993498792,1969123416,diagnosis,dag_guarded/dag_ready,True,True,True,False
13,general_last_128_273,10,measured/10/13/3/dag_guarded,measured/10/13/2/dag_ready,1969973583,1990508041,diagnosis,dag_guarded/dag_ready,True,True,True,True
13,general_last_128_273,11,measured/11/13/4/dag_guarded,measured/11/13/0/dag_ready,1907666541,1852450625,diagnosis,dag_guarded/dag_ready,True,True,True,True
24,mixed_last_129_273,2,measured/2/24/2/dag_guarded,measured/2/24/3/dag_ready,2023899292,1929596375,diagnosis,dag_guarded/dag_ready,True,True,True,True
24,mixed_last_129_273,3,measured/3/24/4/dag_guarded,measured/3/24/1/dag_ready,2259746208,1927765333,diagnosis,dag_guarded/dag_ready,True,True,True,False
24,mixed_last_129_273,4,measured/4/24/3/dag_guarded,measured/4/24/0/dag_ready,1860896750,1884374584,diagnosis,dag_guarded/dag_ready,True,True,True,True
24,mixed_last_129_273,5,measured/5/24/1/dag_guarded,measured/5/24/2/dag_ready,1880586709,1946843375,diagnosis,dag_guarded/dag_ready,True,False,True,True
24,mixed_last_129_273,6,measured/6/24/0/dag_guarded,measured/6/24/4/dag_ready,2036223625,1888832792,diagnosis,dag_guarded/dag_ready,True,True,True,True
24,mixed_last_129_273,7,measured/7/24/2/dag_guarded,measured/7/24/1/dag_ready,1972557416,1951360167,diagnosis,dag_guarded/dag_ready,True,True,True,True
24,mixed_last_129_273,8,measured/8/24/0/dag_guarded,measured/8/24/3/dag_ready,1976440208,1927492916,diagnosis,dag_guarded/dag_ready,True,True,True,True
24,mixed_last_129_273,9,measured/9/24/1/dag_guarded,measured/9/24/4/dag_ready,1960544000,1917958667,diagnosis,dag_guarded/dag_ready,True,False,True,True
24,mixed_last_129_273,10,measured/10/24/3/dag_guarded,measured/10/24/2/dag_ready,1935391000,2006849292,diagnosis,dag_guarded/dag_ready,True,True,True,False
24,mixed_last_129_273,11,measured/11/24/4/dag_guarded,measured/11/24/0/dag_ready,2036768667,1944378666,diagnosis,dag_guarded/dag_ready,True,True,True,True
35,alternating_thresholds_n128,2,measured/2/35/2/dag_guarded,measured/2/35/3/dag_ready,1889655458,1886671125,diagnosis,dag_guarded/dag_ready,True,True,True,True
35,alternating_thresholds_n128,3,measured/3/35/4/dag_guarded,measured/3/35/1/dag_ready,1851352125,2003423833,diagnosis,dag_guarded/dag_ready,True,True,True,True
35,alternating_thresholds_n128,4,measured/4/35/3/dag_guarded,measured/4/35/0/dag_ready,1917602375,1892788125,diagnosis,dag_guarded/dag_ready,True,False,True,True
35,alternating_thresholds_n128,5,measured/5/35/1/dag_guarded,measured/5/35/2/dag_ready,1833623208,1833136083,diagnosis,dag_guarded/dag_ready,True,False,True,False
35,alternating_thresholds_n128,6,measured/6/35/0/dag_guarded,measured/6/35/4/dag_ready,1889514334,1843000000,diagnosis,dag_guarded/dag_ready,True,False,True,True
35,alternating_thresholds_n128,7,measured/7/35/2/dag_guarded,measured/7/35/1/dag_ready,2023213583,1903226042,diagnosis,dag_guarded/dag_ready,True,True,True,True
35,alternating_thresholds_n128,8,measured/8/35/0/dag_guarded,measured/8/35/3/dag_ready,2015090208,1868468958,diagnosis,dag_guarded/dag_ready,True,True,True,True
35,alternating_thresholds_n128,9,measured/9/35/1/dag_guarded,measured/9/35/4/dag_ready,2419306750,1912572375,diagnosis,dag_guarded/dag_ready,True,True,True,True
35,alternating_thresholds_n128,10,measured/10/35/3/dag_guarded,measured/10/35/2/dag_ready,1920284875,1964694667,diagnosis,dag_guarded/dag_ready,True,True,True,True
35,alternating_thresholds_n128,11,measured/11/35/4/dag_guarded,measured/11/35/0/dag_ready,1871178458,1925792708,diagnosis,dag_guarded/dag_ready,True,True,True,True
38,threshold_blocks_n128,2,measured/2/38/2/dag_guarded,measured/2/38/3/dag_ready,1843595625,1860563500,diagnosis,dag_guarded/dag_ready,True,False,True,False
38,threshold_blocks_n128,3,measured/3/38/4/dag_guarded,measured/3/38/1/dag_ready,1868978625,1883378417,diagnosis,dag_guarded/dag_ready,True,True,True,True
38,threshold_blocks_n128,4,measured/4/38/3/dag_guarded,measured/4/38/0/dag_ready,2030149958,1839557417,diagnosis,dag_guarded/dag_ready,True,True,True,True
38,threshold_blocks_n128,5,measured/5/38/1/dag_guarded,measured/5/38/2/dag_ready,2147234917,2093901333,diagnosis,dag_guarded/dag_ready,True,False,True,True
38,threshold_blocks_n128,6,measured/6/38/0/dag_guarded,measured/6/38/4/dag_ready,1932090500,1797150458,diagnosis,dag_guarded/dag_ready,True,True,True,False
38,threshold_blocks_n128,7,measured/7/38/2/dag_guarded,measured/7/38/1/dag_ready,1922112041,1972962542,diagnosis,dag_guarded/dag_ready,True,True,True,True
38,threshold_blocks_n128,8,measured/8/38/0/dag_guarded,measured/8/38/3/dag_ready,1928886750,1891596792,diagnosis,dag_guarded/dag_ready,True,False,True,True
38,threshold_blocks_n128,9,measured/9/38/1/dag_guarded,measured/9/38/4/dag_ready,1900256958,2050188000,diagnosis,dag_guarded/dag_ready,True,True,True,True
38,threshold_blocks_n128,10,measured/10/38/3/dag_guarded,measured/10/38/2/dag_ready,1959785792,1931890959,diagnosis,dag_guarded/dag_ready,True,True,True,True
38,threshold_blocks_n128,11,measured/11/38/4/dag_guarded,measured/11/38/0/dag_ready,1932429166,1926729667,diagnosis,dag_guarded/dag_ready,True,False,True,True
39,heterogeneous_thresholds_n128,2,measured/2/39/2/dag_guarded,measured/2/39/3/dag_ready,1912673417,1890934375,diagnosis,dag_guarded/dag_ready,True,False,True,True
39,heterogeneous_thresholds_n128,3,measured/3/39/4/dag_guarded,measured/3/39/1/dag_ready,1879669875,1906453834,diagnosis,dag_guarded/dag_ready,True,True,True,False
39,heterogeneous_thresholds_n128,4,measured/4/39/3/dag_guarded,measured/4/39/0/dag_ready,1928087750,1984728000,diagnosis,dag_guarded/dag_ready,True,False,True,False
39,heterogeneous_thresholds_n128,5,measured/5/39/1/dag_guarded,measured/5/39/2/dag_ready,1888781542,1897636542,diagnosis,dag_guarded/dag_ready,True,True,True,True
39,heterogeneous_thresholds_n128,6,measured/6/39/0/dag_guarded,measured/6/39/4/dag_ready,2029246500,1932997083,diagnosis,dag_guarded/dag_ready,True,True,True,True
39,heterogeneous_thresholds_n128,7,measured/7/39/2/dag_guarded,measured/7/39/1/dag_ready,1928998208,1856376416,diagnosis,dag_guarded/dag_ready,True,True,True,True
39,heterogeneous_thresholds_n128,8,measured/8/39/0/dag_guarded,measured/8/39/3/dag_ready,2036243458,1969001459,diagnosis,dag_guarded/dag_ready,True,True,True,True
39,heterogeneous_thresholds_n128,9,measured/9/39/1/dag_guarded,measured/9/39/4/dag_ready,1945889209,2046548458,diagnosis,dag_guarded/dag_ready,True,True,True,True
39,heterogeneous_thresholds_n128,10,measured/10/39/3/dag_guarded,measured/10/39/2/dag_ready,1954129042,1941484459,diagnosis,dag_guarded/dag_ready,True,True,True,False
39,heterogeneous_thresholds_n128,11,measured/11/39/4/dag_guarded,measured/11/39/0/dag_ready,2035639500,2045557542,diagnosis,dag_guarded/dag_ready,True,True,True,False
