block,position,arm,scene,phase,elapsed_ms,selected_id,expected_id,correct
0,0,tfhe-1.7.0,einstein,warmup,1741.2,1,1,True
0,0,tfhe-1.7.0,curie,warmup,1706.1,2,2,True
0,0,tfhe-1.7.0,turing,warmup,1732.1,3,3,True
0,0,tfhe-1.7.0,einstein,measured,1684.4,1,1,True
0,0,tfhe-1.7.0,curie,measured,1716.0,2,2,True
0,0,tfhe-1.7.0,turing,measured,1764.4,3,3,True
0,1,tfhe-1.8.1,einstein,warmup,1698.1,1,1,True
0,1,tfhe-1.8.1,curie,warmup,1753.8,2,2,True
0,1,tfhe-1.8.1,turing,warmup,1794.7,3,3,True
0,1,tfhe-1.8.1,einstein,measured,1730.0,1,1,True
0,1,tfhe-1.8.1,curie,measured,1785.4,2,2,True
0,1,tfhe-1.8.1,turing,measured,1726.0,3,3,True
1,0,tfhe-1.8.1,turing,warmup,1754.8,3,3,True
1,0,tfhe-1.8.1,curie,warmup,1781.0,2,2,True
1,0,tfhe-1.8.1,einstein,warmup,1712.7,1,1,True
1,0,tfhe-1.8.1,turing,measured,2044.0,3,3,True
1,0,tfhe-1.8.1,curie,measured,1939.3,2,2,True
1,0,tfhe-1.8.1,einstein,measured,1898.3,1,1,True
1,1,tfhe-1.7.0,turing,warmup,1861.2,3,3,True
1,1,tfhe-1.7.0,curie,warmup,1872.5,2,2,True
1,1,tfhe-1.7.0,einstein,warmup,1874.8,1,1,True
1,1,tfhe-1.7.0,turing,measured,1828.0,3,3,True
1,1,tfhe-1.7.0,curie,measured,1797.5,2,2,True
1,1,tfhe-1.7.0,einstein,measured,1832.2,1,1,True
