sequence,suite,cohort,repetition,discrepancy,encrypt_wall_ms,encrypt_reported_ms,http_wall_ms,server_reported_ms,pbs,output_gallery_size,decrypt_wall_ms,decrypt_reported_ms
0,historical_frontier,tuning_impostor,0,False,7.397,0.48,9538.209,9537.4,4273,127,6.607,
1,historical_frontier,primary_test_impostor,0,False,6.269,0.47,9302.254,9301.6,4273,127,6.458,
2,historical_frontier,tuning_impostor,0,False,5.995,0.44,8911.627,8910.7,4273,127,6.05,
3,historical_frontier,extended_holdout_non_tuning_impostor,0,False,6.829,0.5,8736.362,8735.5,4273,127,5.516,
4,historical_frontier,tuning_impostor,0,False,6.269,0.47,8433.296,8432.6,4273,127,6.538,
5,primary_genuine,genuine,0,False,6.532,0.44,9786.482,9784.8,4273,127,10.672,
6,primary_genuine,genuine,0,False,12.646,0.58,17651.724,17647.8,4273,127,23.34,
7,primary_genuine,genuine,0,False,31.047,1.01,13969.273,13965.2,4273,127,7.606,
8,primary_genuine,genuine,0,False,6.528,0.64,12189.955,12188.6,4273,127,6.323,
9,primary_genuine,genuine,0,False,6.128,0.51,12014.227,12011.9,4273,127,12.193,
10,primary_genuine,genuine,0,False,8.879,1.23,9978.105,9976.9,4273,127,6.577,
11,primary_genuine,genuine,0,False,5.491,0.46,9296.157,9295.4,4273,127,6.726,
12,primary_genuine,genuine,0,False,5.691,0.46,13048.203,13047.3,4273,127,9.596,
13,primary_genuine,genuine,0,False,6.385,0.47,10795.184,10792.2,4273,127,7.276,
14,primary_genuine,genuine,0,False,5.919,0.45,9016.086,9015.1,4273,127,5.95,
15,primary_genuine,genuine,0,False,6.111,0.47,9293.503,9292.5,4273,127,6.223,
16,primary_genuine,genuine,0,False,5.581,0.45,8789.304,8788.0,4273,127,12.699,
17,primary_genuine,genuine,0,False,6.441,0.5,8306.504,8305.6,4273,127,6.0,
18,primary_genuine,genuine,0,False,6.027,0.45,8251.618,8250.8,4273,127,5.67,
19,primary_genuine,genuine,0,False,5.76,0.44,8140.916,8140.2,4273,127,6.653,
20,primary_genuine,genuine,0,False,5.319,0.45,8278.631,8277.8,4273,127,5.893,
21,primary_genuine,genuine,0,False,5.708,0.46,8261.119,8260.4,4273,127,5.699,
22,primary_genuine,genuine,0,False,5.26,0.47,8297.473,8296.8,4273,127,5.49,
23,primary_genuine,genuine,0,False,5.441,0.44,9369.484,9368.7,4273,127,6.681,
24,primary_genuine,genuine,0,False,8.139,0.64,8464.821,8464.0,4273,127,5.369,
25,primary_genuine,genuine,0,False,6.166,0.78,8514.396,8513.6,4273,127,5.682,
26,primary_genuine,genuine,0,False,5.997,0.53,7959.723,7959.1,4273,127,5.486,
27,primary_genuine,genuine,0,False,5.993,0.45,7811.124,7810.1,4273,127,5.76,
28,primary_genuine,genuine,0,False,5.637,0.46,7726.522,7725.8,4273,127,5.477,
29,primary_genuine,genuine,0,False,5.895,0.69,7409.998,7409.3,4273,127,6.143,
30,primary_genuine,genuine,0,False,4.957,0.4,10271.324,10270.1,4273,127,6.891,
31,primary_genuine,genuine,0,False,5.676,0.44,10690.323,10689.5,4273,127,7.173,
32,primary_genuine,genuine,0,False,6.988,0.45,10914.507,10913.6,4273,127,7.681,
33,primary_genuine,genuine,0,False,9.662,0.67,9232.971,9232.2,4273,127,5.288,
34,primary_genuine,genuine,0,False,5.561,0.47,9175.356,9174.2,4273,127,5.911,
35,primary_genuine,genuine,0,False,5.851,0.49,7928.21,7927.3,4273,127,6.236,
36,primary_genuine,genuine,0,False,6.967,0.71,7858.47,7857.7,4273,127,6.139,
37,primary_genuine,genuine,0,False,11.662,0.5,8494.671,8493.6,4273,127,5.424,
38,primary_genuine,genuine,0,False,4.809,0.41,7918.6,7917.8,4273,127,5.517,
39,primary_genuine,genuine,0,False,5.497,0.47,7998.854,7998.2,4273,127,5.532,
40,primary_genuine,genuine,0,False,5.817,0.5,8089.835,8089.1,4273,127,5.86,
41,primary_genuine,genuine,0,False,5.922,0.68,8349.672,8349.0,4273,127,7.354,
42,primary_genuine,genuine,0,False,7.667,0.49,9073.197,9072.4,4273,127,6.155,
43,primary_genuine,genuine,0,False,5.817,0.48,9693.335,9692.1,4273,127,5.384,
44,primary_genuine,genuine,0,False,5.952,0.45,9225.519,9224.7,4273,127,6.436,
45,primary_genuine,genuine,0,False,5.548,0.52,8455.556,8454.8,4273,127,5.904,
46,primary_genuine,genuine,0,False,6.564,0.46,11019.238,11018.5,4273,127,6.794,
47,primary_genuine,genuine,0,False,5.558,0.48,9398.375,9397.8,4273,127,5.321,
48,primary_genuine,genuine,0,False,5.593,0.5,9069.407,9068.8,4273,127,5.391,
49,primary_genuine,genuine,0,False,6.09,0.48,9060.214,9059.1,4273,127,5.667,
50,primary_genuine,genuine,0,False,5.394,0.5,9565.184,9564.2,4273,127,5.707,
51,primary_genuine,genuine,0,False,5.434,0.39,7986.926,7986.2,4273,127,5.649,
52,primary_genuine,genuine,0,False,5.481,0.45,8204.267,8203.6,4273,127,5.656,
53,primary_genuine,genuine,0,False,5.731,0.5,8725.34,8724.4,4273,127,5.751,
54,primary_genuine,genuine,0,False,5.429,0.46,9896.491,9895.8,4273,127,6.0,
55,primary_genuine,genuine,0,False,5.901,0.47,8582.379,8581.8,4273,127,5.812,
56,primary_genuine,genuine,0,False,7.535,0.64,8332.782,8331.8,4273,127,5.574,
57,primary_genuine,genuine,0,False,6.357,0.46,10511.205,10510.3,4273,127,6.23,
58,primary_genuine,genuine,0,False,8.498,0.73,10096.7,10094.7,4273,127,8.286,
59,primary_genuine,genuine,0,False,6.162,0.43,9948.461,9947.8,4273,127,8.327,
60,primary_genuine,genuine,0,False,6.313,0.45,9729.852,9729.2,4273,127,5.326,
61,primary_genuine,genuine,0,False,7.139,0.6,8924.492,8923.7,4273,127,6.742,
62,primary_genuine,genuine,0,False,5.911,0.46,8543.548,8542.6,4273,127,6.614,
63,primary_genuine,genuine,0,False,7.654,0.98,9284.275,9283.2,4273,127,5.513,
64,primary_genuine,genuine,0,False,7.22,0.46,8010.978,8010.1,4273,127,5.507,
65,primary_genuine,genuine,0,False,6.006,0.44,8488.766,8488.1,4273,127,6.023,
66,primary_genuine,genuine,0,False,5.501,0.46,7521.554,7520.7,4273,127,6.25,
67,primary_genuine,genuine,0,False,5.554,0.47,8290.641,8289.6,4273,127,5.523,
68,primary_genuine,genuine,0,False,5.26,0.38,7703.361,7702.8,4273,127,5.464,
69,primary_genuine,genuine,0,False,6.834,0.49,7716.638,7715.9,4273,127,5.697,
70,primary_genuine,genuine,0,False,4.915,0.45,7623.569,7622.6,4273,127,16.224,
71,primary_genuine,genuine,0,False,10.43,1.18,8163.268,8161.0,4273,127,6.206,
72,primary_genuine,genuine,0,False,5.782,0.46,7868.119,7867.2,4273,127,5.47,
73,primary_genuine,genuine,0,False,5.528,0.42,7525.954,7525.3,4273,127,5.544,
74,primary_genuine,genuine,0,False,5.592,0.46,7617.957,7617.2,4273,127,6.155,
75,primary_genuine,genuine,0,False,5.51,0.44,7366.741,7366.1,4273,127,5.184,
76,primary_genuine,genuine,0,False,5.011,0.42,8465.71,8465.0,4273,127,6.017,
77,primary_genuine,genuine,0,False,5.623,0.43,9245.156,9244.3,4273,127,6.842,
78,primary_genuine,genuine,0,False,5.983,0.46,9716.699,9715.8,4273,127,5.806,
79,primary_genuine,genuine,0,False,6.122,0.51,10329.951,10329.1,4273,127,6.131,
80,primary_genuine,genuine,0,False,6.207,0.69,8366.331,8365.6,4273,127,5.78,
81,primary_genuine,genuine,0,False,5.646,0.47,8867.073,8866.3,4273,127,6.404,
82,primary_genuine,genuine,0,False,5.648,0.46,8338.77,8338.1,4273,127,5.411,
83,primary_genuine,genuine,0,False,5.53,0.47,8575.184,8574.3,4273,127,5.383,
84,primary_genuine,genuine,0,False,6.08,0.55,9400.969,9399.4,4273,127,7.557,
85,primary_genuine,genuine,0,False,23.549,1.31,11100.221,11099.3,4273,127,6.962,
86,primary_genuine,genuine,0,False,6.422,0.47,10031.803,10030.9,4273,127,6.923,
87,primary_genuine,genuine,0,False,8.349,0.49,9005.952,9005.0,4273,127,6.386,
88,primary_genuine,genuine,0,False,6.765,0.47,8737.593,8736.7,4273,127,6.813,
89,primary_genuine,genuine,0,False,6.233,0.46,7861.106,7860.4,4273,127,5.1,
90,primary_genuine,genuine,0,False,5.317,0.42,7691.65,7691.0,4273,127,5.492,
91,primary_genuine,genuine,0,False,5.365,0.49,9354.576,9353.6,4273,127,5.896,
92,primary_genuine,genuine,0,False,7.082,1.72,8071.884,8071.1,4273,127,5.609,
93,primary_genuine,genuine,0,False,5.574,0.46,7388.765,7388.1,4273,127,6.244,
94,primary_genuine,genuine,0,False,5.615,0.44,7783.696,7782.9,4273,127,5.728,
95,primary_genuine,genuine,0,False,6.282,0.49,8964.342,8962.8,4273,127,14.308,
96,primary_genuine,genuine,0,False,14.156,2.86,8698.185,8696.8,4273,127,5.587,
97,primary_genuine,genuine,0,False,5.508,0.44,7960.103,7959.5,4273,127,11.831,
98,primary_genuine,genuine,0,False,10.479,0.46,8371.511,8370.6,4273,127,5.203,
99,primary_genuine,genuine,0,False,5.562,0.51,8156.975,8156.1,4273,127,6.246,
100,primary_genuine,genuine,0,False,5.804,0.44,7700.081,7699.2,4273,127,5.401,
101,primary_genuine,genuine,0,False,5.604,0.44,7924.948,7924.2,4273,127,5.514,
102,primary_genuine,genuine,0,False,5.923,0.43,7353.65,7353.0,4273,127,5.574,
103,primary_genuine,genuine,0,False,5.413,0.44,7400.885,7400.2,4273,127,5.319,
104,primary_genuine,genuine,0,False,5.256,0.49,7335.951,7335.1,4273,127,5.082,
105,primary_genuine,genuine,0,False,5.205,0.43,7201.036,7200.2,4273,127,5.693,
106,primary_genuine,genuine,0,False,5.438,0.44,8151.108,8150.0,4273,127,5.752,
107,primary_genuine,genuine,0,False,5.741,0.51,7425.437,7424.6,4273,127,5.973,
108,primary_genuine,genuine,0,False,14.302,0.47,7738.246,7737.3,4273,127,5.841,
109,primary_genuine,genuine,0,False,5.545,0.51,7272.355,7271.7,4273,127,6.37,
110,primary_genuine,genuine,0,False,7.123,0.46,7165.902,7165.2,4273,127,6.57,
111,primary_genuine,genuine,0,False,5.613,0.45,7449.785,7449.1,4273,127,8.658,
112,primary_genuine,genuine,0,False,6.582,0.46,8539.918,8539.1,4273,127,6.143,
113,primary_genuine,genuine,0,False,5.727,0.44,7821.814,7820.7,4273,127,7.298,
114,primary_genuine,genuine,0,False,6.054,0.55,8978.822,8977.9,4273,127,9.186,
115,primary_genuine,genuine,0,False,7.03,0.49,8697.404,8696.3,4273,127,6.104,
116,primary_genuine,genuine,0,False,7.738,0.53,8337.674,8336.7,4273,127,6.777,
117,primary_genuine,genuine,0,False,6.241,0.45,8714.86,8713.8,4273,127,5.975,
118,primary_genuine,genuine,0,False,6.405,0.44,8430.635,8429.4,4273,127,5.722,
119,primary_genuine,genuine,0,False,6.514,0.47,8095.081,8094.1,4273,127,7.393,
120,primary_genuine,genuine,0,False,5.828,0.5,7820.549,7819.6,4273,127,5.555,
121,primary_genuine,genuine,0,False,7.924,0.52,8580.587,8579.5,4273,127,6.732,
122,primary_genuine,genuine,0,False,6.583,0.58,8231.534,8230.8,4273,127,5.852,
123,primary_genuine,genuine,0,False,5.755,0.46,7705.049,7704.3,4273,127,6.588,
124,primary_genuine,genuine,0,False,5.156,0.43,7776.833,7776.0,4273,127,6.117,
125,primary_genuine,genuine,0,False,6.15,0.42,7404.693,7403.8,4273,127,5.479,
126,primary_genuine,genuine,0,False,5.661,0.45,7354.822,7354.1,4273,127,5.487,
127,primary_genuine,genuine,0,False,5.217,0.45,7427.671,7426.7,4273,127,5.616,
128,primary_genuine,genuine,0,False,6.059,0.42,7697.721,7696.9,4273,127,5.93,
129,primary_genuine,genuine,0,False,6.333,0.47,7571.14,7570.4,4273,127,5.397,
130,primary_genuine,genuine,0,False,7.252,0.42,7263.617,7262.9,4273,127,5.721,
131,primary_genuine,genuine,0,False,6.017,0.47,7220.746,7220.1,4273,127,5.248,
132,primary_test_impostor,primary_test_impostor,0,False,5.749,0.52,7236.977,7236.2,4273,127,6.21,
133,primary_test_impostor,primary_test_impostor,0,False,5.378,0.52,7224.283,7223.5,4273,127,5.611,
134,primary_test_impostor,primary_test_impostor,0,False,5.59,0.52,7308.801,7308.1,4273,127,6.271,
135,primary_test_impostor,primary_test_impostor,0,False,5.613,0.43,7260.924,7260.2,4273,127,6.012,
136,primary_test_impostor,primary_test_impostor,0,False,5.055,0.38,7371.956,7371.3,4273,127,6.114,
137,primary_test_impostor,primary_test_impostor,0,False,5.586,0.44,7672.593,7671.9,4273,127,5.244,
138,primary_test_impostor,primary_test_impostor,0,False,6.636,0.45,7451.188,7450.5,4273,127,5.408,
139,primary_test_impostor,primary_test_impostor,0,False,5.975,0.52,7307.0,7306.3,4273,127,5.909,
140,primary_test_impostor,primary_test_impostor,0,False,5.908,0.45,7271.315,7270.6,4273,127,6.325,
141,primary_test_impostor,primary_test_impostor,0,False,6.201,0.5,7122.619,7121.7,4273,127,5.509,
142,primary_test_impostor,primary_test_impostor,0,False,6.252,0.53,7473.769,7473.1,4273,127,6.549,
143,primary_test_impostor,primary_test_impostor,0,False,6.426,0.43,7430.186,7429.5,4273,127,5.034,
144,primary_test_impostor,primary_test_impostor,0,False,5.942,0.44,7406.292,7405.6,4273,127,5.413,
145,primary_test_impostor,primary_test_impostor,0,False,5.156,0.44,8569.255,8568.4,4273,127,6.502,
146,primary_test_impostor,primary_test_impostor,0,False,7.741,0.53,8797.795,8797.0,4273,127,7.711,
147,primary_test_impostor,primary_test_impostor,0,False,5.919,0.54,8449.086,8447.9,4273,127,5.734,
148,primary_test_impostor,primary_test_impostor,0,False,6.582,0.5,8352.12,8351.2,4273,127,6.484,
149,primary_test_impostor,primary_test_impostor,0,False,6.523,0.45,8201.599,8200.9,4273,127,6.259,
150,primary_test_impostor,primary_test_impostor,0,False,7.231,0.48,8311.03,8310.1,4273,127,5.899,
151,primary_test_impostor,primary_test_impostor,0,False,6.877,0.45,7753.984,7753.0,4273,127,5.686,
152,primary_test_impostor,primary_test_impostor,0,False,5.786,0.44,8735.353,8734.6,4273,127,6.518,
153,primary_test_impostor,primary_test_impostor,0,False,6.398,0.46,8220.218,8219.2,4273,127,5.272,
154,primary_test_impostor,primary_test_impostor,0,False,5.571,0.66,7846.661,7845.8,4273,127,6.074,
155,primary_test_impostor,primary_test_impostor,0,False,7.041,0.45,7715.507,7714.8,4273,127,5.275,
156,primary_test_impostor,primary_test_impostor,0,False,5.939,0.44,7871.879,7871.2,4273,127,5.347,
157,primary_test_impostor,primary_test_impostor,0,False,5.968,0.47,7893.167,7892.5,4273,127,5.928,
158,primary_test_impostor,primary_test_impostor,0,False,5.182,0.47,8095.524,8094.5,4273,127,11.025,
159,primary_test_impostor,primary_test_impostor,0,False,6.201,0.42,8424.14,8423.5,4273,127,6.0,
160,primary_test_impostor,primary_test_impostor,0,False,6.021,0.46,8538.917,8537.9,4273,127,5.248,
161,primary_test_impostor,primary_test_impostor,0,False,7.912,0.45,7754.115,7753.4,4273,127,5.463,
162,primary_test_impostor,primary_test_impostor,0,False,5.671,0.48,7432.374,7431.6,4273,127,6.006,
163,primary_test_impostor,primary_test_impostor,0,False,5.468,0.46,7420.148,7419.4,4273,127,7.301,
164,primary_test_impostor,primary_test_impostor,0,False,5.547,0.45,7606.004,7605.1,4273,127,5.968,
165,primary_test_impostor,primary_test_impostor,0,False,5.363,0.44,7389.944,7389.3,4273,127,5.265,
166,primary_test_impostor,primary_test_impostor,0,False,4.913,0.45,7371.491,7370.8,4273,127,5.554,
167,primary_test_impostor,primary_test_impostor,0,False,6.536,0.47,8083.061,8082.3,4273,127,5.592,
168,primary_test_impostor,primary_test_impostor,0,False,6.043,0.49,7625.629,7624.8,4273,127,5.579,
169,primary_test_impostor,primary_test_impostor,0,False,5.757,0.46,7470.185,7469.5,4273,127,5.844,
170,primary_test_impostor,primary_test_impostor,0,False,5.6,0.45,7648.775,7648.1,4273,127,5.506,
171,primary_test_impostor,primary_test_impostor,0,False,5.955,0.46,7636.181,7635.5,4273,127,5.23,
172,primary_test_impostor,primary_test_impostor,0,False,5.598,0.49,7707.621,7706.9,4273,127,7.461,
173,primary_test_impostor,primary_test_impostor,0,False,5.872,0.47,7566.071,7565.4,4273,127,6.426,
174,primary_test_impostor,primary_test_impostor,0,False,5.69,0.48,7765.064,7764.3,4273,127,6.258,
175,primary_test_impostor,primary_test_impostor,0,False,5.594,0.41,8635.952,8635.2,4273,127,6.692,
176,primary_test_impostor,primary_test_impostor,0,False,6.278,0.44,8957.624,8956.5,4273,127,6.716,
177,primary_test_impostor,primary_test_impostor,0,False,10.903,0.5,8620.633,8619.4,4273,127,7.099,
178,primary_test_impostor,primary_test_impostor,0,False,5.663,0.45,8208.936,8208.1,4273,127,5.794,
179,primary_test_impostor,primary_test_impostor,0,False,5.58,0.44,8158.936,8158.1,4273,127,5.776,
180,primary_test_impostor,primary_test_impostor,0,False,7.322,0.55,8242.537,8241.7,4273,127,5.521,
181,primary_test_impostor,primary_test_impostor,0,False,5.869,0.43,7643.921,7643.3,4273,127,5.189,
182,primary_test_impostor,primary_test_impostor,0,False,6.177,0.59,7799.533,7798.6,4273,127,5.562,
183,primary_test_impostor,primary_test_impostor,0,False,5.334,0.44,7737.624,7736.8,4273,127,5.631,
184,primary_test_impostor,primary_test_impostor,0,False,6.931,0.52,7247.965,7247.1,4273,127,5.318,
185,primary_test_impostor,primary_test_impostor,0,False,6.211,0.5,7827.027,7826.3,4273,127,5.705,
186,primary_test_impostor,primary_test_impostor,0,False,5.759,0.5,7375.193,7374.5,4273,127,5.658,
187,primary_test_impostor,primary_test_impostor,0,False,5.547,0.45,7501.917,7501.2,4273,127,5.661,
188,primary_test_impostor,primary_test_impostor,0,False,5.461,0.5,8327.187,8326.4,4273,127,6.256,
189,primary_test_impostor,primary_test_impostor,0,False,7.854,0.47,7863.386,7862.5,4273,127,6.608,
190,primary_test_impostor,primary_test_impostor,0,False,6.701,0.5,8249.239,8248.3,4273,127,6.695,
191,primary_test_impostor,primary_test_impostor,0,False,6.17,0.4,9082.431,9081.6,4273,127,5.887,
192,primary_test_impostor,primary_test_impostor,0,False,5.894,0.47,8222.394,8221.7,4273,127,6.057,
193,primary_test_impostor,primary_test_impostor,0,False,6.341,0.45,7903.161,7902.4,4273,127,5.466,
194,primary_test_impostor,primary_test_impostor,0,False,5.942,0.46,7670.912,7670.1,4273,127,12.853,
195,primary_test_impostor,primary_test_impostor,0,False,5.791,0.45,9082.22,9081.5,4273,127,7.675,
196,primary_test_impostor,primary_test_impostor,0,False,7.129,0.49,8182.174,8181.4,4273,127,6.094,
197,primary_test_impostor,primary_test_impostor,0,False,5.778,0.43,8355.122,8354.3,4273,127,7.957,
198,primary_test_impostor,primary_test_impostor,0,False,6.11,0.6,8107.857,8107.0,4273,127,6.987,
199,primary_test_impostor,primary_test_impostor,0,False,7.696,0.53,7813.569,7812.5,4273,127,5.395,
200,primary_test_impostor,primary_test_impostor,0,False,5.815,0.45,7400.302,7399.6,4273,127,5.819,
201,primary_test_impostor,primary_test_impostor,0,False,5.238,0.47,7561.666,7560.7,4273,127,5.148,
202,primary_test_impostor,primary_test_impostor,0,False,5.636,0.46,8243.985,8243.2,4273,127,7.34,
203,primary_test_impostor,primary_test_impostor,0,False,9.608,0.57,8825.189,8824.5,4273,127,6.276,
204,primary_test_impostor,primary_test_impostor,0,False,5.648,0.52,8092.204,8091.3,4273,127,11.102,
205,primary_test_impostor,primary_test_impostor,0,False,9.058,0.48,9992.095,9990.4,4273,127,7.59,
206,primary_test_impostor,primary_test_impostor,0,False,8.915,0.55,8786.68,8785.5,4273,127,7.583,
207,primary_test_impostor,primary_test_impostor,0,False,6.104,0.47,8816.014,8814.7,4273,127,6.125,
208,primary_test_impostor,primary_test_impostor,0,False,6.131,0.47,8604.752,8603.8,4273,127,5.752,
209,primary_test_impostor,primary_test_impostor,0,False,5.705,0.47,8617.24,8616.2,4273,127,6.745,
210,primary_test_impostor,primary_test_impostor,0,False,6.013,0.41,8366.066,8365.2,4273,127,6.561,
211,primary_test_impostor,primary_test_impostor,0,False,5.287,0.42,8644.581,8643.5,4273,127,6.474,
212,primary_test_impostor,primary_test_impostor,0,False,6.055,0.61,8426.674,8425.7,4273,127,5.765,
213,primary_test_impostor,primary_test_impostor,0,False,5.658,0.43,8244.638,8242.8,4273,127,5.439,
214,primary_test_impostor,primary_test_impostor,0,False,5.899,0.47,8831.867,8830.7,4273,127,6.179,
215,primary_test_impostor,primary_test_impostor,0,False,5.309,0.44,7526.778,7525.4,4273,127,5.842,
216,primary_test_impostor,primary_test_impostor,0,False,5.963,0.49,8057.915,8056.7,4273,127,6.342,
217,primary_test_impostor,primary_test_impostor,0,False,5.955,0.44,7803.075,7802.2,4273,127,5.949,
218,primary_test_impostor,primary_test_impostor,0,False,6.087,0.48,7731.601,7730.9,4273,127,5.665,
219,primary_test_impostor,primary_test_impostor,0,False,6.047,0.47,7820.778,7820.1,4273,127,5.761,
220,primary_test_impostor,primary_test_impostor,0,False,6.031,0.5,7912.611,7911.9,4273,127,5.813,
221,primary_test_impostor,primary_test_impostor,0,False,5.829,0.47,7859.664,7858.9,4273,127,5.812,
222,primary_test_impostor,primary_test_impostor,0,False,5.954,0.47,7470.998,7470.3,4273,127,5.734,
223,primary_test_impostor,primary_test_impostor,0,False,6.005,0.43,7342.515,7341.8,4273,127,6.692,
224,primary_test_impostor,primary_test_impostor,0,False,5.264,0.42,8288.525,8287.7,4273,127,6.636,
225,primary_test_impostor,primary_test_impostor,0,False,6.599,0.53,8462.548,8461.6,4273,127,5.302,
226,primary_test_impostor,primary_test_impostor,0,False,6.446,0.72,8446.667,8445.9,4273,127,5.286,
227,primary_test_impostor,primary_test_impostor,0,False,6.355,0.55,8848.279,8847.4,4273,127,7.696,
228,primary_test_impostor,primary_test_impostor,0,False,5.831,0.45,7784.213,7783.5,4273,127,5.945,
229,primary_test_impostor,primary_test_impostor,0,False,5.272,0.44,7939.975,7939.1,4273,127,5.601,
230,primary_test_impostor,primary_test_impostor,0,False,5.695,0.46,7691.32,7690.6,4273,127,5.863,
231,primary_test_impostor,primary_test_impostor,0,False,6.258,0.55,8020.156,8019.5,4273,127,6.3,
232,primary_test_impostor,primary_test_impostor,0,False,5.828,0.52,8916.82,8915.6,4273,127,5.733,
233,primary_test_impostor,primary_test_impostor,0,False,6.178,0.47,7818.712,7817.6,4273,127,5.584,
234,primary_test_impostor,primary_test_impostor,0,False,5.545,0.45,9122.62,9121.6,4273,127,6.15,
235,primary_test_impostor,primary_test_impostor,0,False,6.684,0.46,8729.315,8728.4,4273,127,6.254,
236,primary_test_impostor,primary_test_impostor,0,False,5.61,0.45,8734.061,8733.3,4273,127,6.206,
237,primary_test_impostor,primary_test_impostor,0,False,6.001,0.45,10287.846,10286.5,4273,127,9.311,
238,primary_test_impostor,primary_test_impostor,0,False,7.656,0.65,9730.286,9729.3,4273,127,6.14,
239,primary_test_impostor,primary_test_impostor,0,False,5.587,0.46,7977.128,7976.2,4273,127,5.656,
240,primary_test_impostor,primary_test_impostor,0,False,5.653,0.49,7920.272,7919.6,4273,127,5.808,
241,primary_test_impostor,primary_test_impostor,0,False,6.181,0.44,8552.427,8551.5,4273,127,5.209,
242,primary_test_impostor,primary_test_impostor,0,False,5.901,0.49,7571.878,7571.2,4273,127,5.56,
243,primary_test_impostor,primary_test_impostor,0,False,6.167,0.45,7519.171,7518.5,4273,127,5.922,
244,primary_test_impostor,primary_test_impostor,0,False,6.147,0.53,7930.089,7929.3,4273,127,6.729,
245,primary_test_impostor,primary_test_impostor,0,False,5.627,0.49,8019.486,8018.7,4273,127,5.679,
246,primary_test_impostor,primary_test_impostor,0,False,5.65,0.46,7757.299,7756.6,4273,127,5.437,
247,primary_test_impostor,primary_test_impostor,0,False,5.444,0.5,7610.398,7609.7,4273,127,5.819,
248,primary_test_impostor,primary_test_impostor,0,False,5.642,0.44,7760.467,7759.8,4273,127,5.335,
249,primary_test_impostor,primary_test_impostor,0,False,5.529,0.44,8136.195,8134.8,4273,127,5.799,
250,primary_test_impostor,primary_test_impostor,0,False,5.263,0.44,7681.001,7680.2,4273,127,6.005,
251,primary_test_impostor,primary_test_impostor,0,False,5.912,0.55,8380.013,8379.3,4273,127,6.123,
252,primary_test_impostor,primary_test_impostor,0,False,6.303,0.5,7685.864,7685.2,4273,127,5.187,
253,primary_test_impostor,primary_test_impostor,0,False,5.226,0.45,8036.753,8035.9,4273,127,5.454,
254,primary_test_impostor,primary_test_impostor,0,False,6.466,0.48,8529.225,8528.1,4273,127,6.068,
255,primary_test_impostor,primary_test_impostor,0,False,5.141,0.44,8475.791,8474.9,4273,127,5.97,
256,primary_test_impostor,primary_test_impostor,0,False,5.857,0.47,8701.308,8700.3,4273,127,6.403,
257,primary_test_impostor,primary_test_impostor,0,False,5.421,0.44,7786.639,7785.9,4273,127,9.447,
258,primary_test_impostor,primary_test_impostor,0,False,5.259,0.47,8606.211,8605.3,4273,127,5.929,
259,primary_test_impostor,primary_test_impostor,0,False,6.389,0.63,8152.746,8152.0,4273,127,6.164,
260,primary_test_impostor,primary_test_impostor,0,False,5.566,0.43,8511.971,8511.2,4273,127,7.745,
261,primary_test_impostor,primary_test_impostor,0,False,6.557,0.47,9409.001,9408.2,4273,127,5.932,
262,primary_test_impostor,primary_test_impostor,0,False,6.287,0.44,9079.829,9078.7,4273,127,15.013,
263,primary_test_impostor,primary_test_impostor,0,False,26.925,2.89,10775.704,10774.2,4273,127,7.179,
264,primary_test_impostor,primary_test_impostor,0,False,7.094,0.48,9953.029,9951.5,4273,127,8.089,
265,primary_test_impostor,primary_test_impostor,0,False,10.23,0.84,9152.55,9151.5,4273,127,7.283,
266,primary_test_impostor,primary_test_impostor,0,False,5.55,0.49,8892.161,8891.3,4273,127,6.265,
267,primary_test_impostor,primary_test_impostor,0,False,6.53,0.52,8882.178,8881.3,4273,127,6.077,
268,primary_test_impostor,primary_test_impostor,0,False,5.334,0.48,8850.127,8849.0,4273,127,8.551,
269,primary_test_impostor,primary_test_impostor,0,False,6.024,0.49,10192.482,10191.2,4273,127,6.881,
270,primary_test_impostor,primary_test_impostor,0,False,5.519,0.48,8496.118,8495.3,4273,127,5.862,
271,primary_test_impostor,primary_test_impostor,0,False,6.529,0.48,8566.325,8563.3,4273,127,9.458,
272,primary_test_impostor,primary_test_impostor,0,False,8.313,0.71,8223.126,8222.4,4273,127,5.962,
273,primary_test_impostor,primary_test_impostor,0,False,5.788,0.47,8626.997,8626.2,4273,127,5.655,
274,primary_test_impostor,primary_test_impostor,0,False,6.43,0.54,8767.874,8767.2,4273,127,6.33,
275,primary_test_impostor,primary_test_impostor,0,False,5.46,0.46,7953.591,7952.9,4273,127,6.303,
276,primary_test_impostor,primary_test_impostor,0,False,5.622,0.46,7818.9,7818.2,4273,127,5.724,
277,primary_test_impostor,primary_test_impostor,0,False,6.852,0.58,8621.076,8619.8,4273,127,6.03,
278,primary_test_impostor,primary_test_impostor,0,False,5.276,0.47,9684.642,9683.3,4273,127,5.746,
279,primary_test_impostor,primary_test_impostor,0,False,6.097,0.44,9181.067,9169.8,4273,127,34.797,
280,primary_test_impostor,primary_test_impostor,0,False,28.277,0.5,8738.536,8736.8,4273,127,6.771,
281,primary_test_impostor,primary_test_impostor,0,False,6.072,0.45,9828.953,9827.7,4273,127,8.358,
282,primary_test_impostor,primary_test_impostor,0,False,8.229,0.54,11672.745,11671.6,4273,127,6.298,
283,primary_test_impostor,primary_test_impostor,0,False,5.874,0.54,8488.886,8487.8,4273,127,5.668,
284,primary_test_impostor,primary_test_impostor,0,False,4.969,0.45,7490.097,7489.3,4273,127,6.325,
285,primary_test_impostor,primary_test_impostor,0,False,5.605,0.46,7394.169,7393.5,4273,127,5.598,
286,primary_test_impostor,primary_test_impostor,0,False,5.061,0.45,7383.412,7382.8,4273,127,5.666,
287,primary_test_impostor,primary_test_impostor,0,False,5.101,0.48,7552.089,7551.4,4273,127,5.483,
288,primary_test_impostor,primary_test_impostor,0,False,5.541,0.45,7570.24,7569.5,4273,127,12.308,
289,primary_test_impostor,primary_test_impostor,0,False,7.849,0.6,7960.014,7959.3,4273,127,6.645,
290,primary_test_impostor,primary_test_impostor,0,False,15.671,0.49,9077.636,9076.3,4273,127,6.626,
291,primary_test_impostor,primary_test_impostor,0,False,5.861,0.45,8656.712,8655.7,4273,127,7.732,
292,primary_test_impostor,primary_test_impostor,0,False,8.221,0.48,8265.864,8264.9,4273,127,35.015,
293,primary_test_impostor,primary_test_impostor,0,False,30.247,2.44,8212.382,8211.1,4273,127,6.329,
294,primary_test_impostor,primary_test_impostor,0,False,6.209,0.42,8993.24,8992.3,4273,127,6.777,
295,primary_test_impostor,primary_test_impostor,0,False,6.5,0.47,8975.615,8974.8,4273,127,6.182,
296,primary_test_impostor,primary_test_impostor,0,False,6.137,0.44,8776.045,8775.3,4273,127,5.935,
297,primary_test_impostor,primary_test_impostor,0,False,6.716,0.6,10057.772,10056.5,4273,127,8.97,
298,primary_test_impostor,primary_test_impostor,0,False,8.756,0.57,9334.992,9334.0,4273,127,5.646,
299,primary_test_impostor,primary_test_impostor,0,False,6.391,0.48,9324.467,9323.4,4273,127,6.007,
300,primary_test_impostor,primary_test_impostor,0,False,6.159,0.49,8913.455,8912.4,4273,127,5.558,
301,primary_test_impostor,primary_test_impostor,0,False,6.441,0.44,9023.794,9022.8,4273,127,7.841,
302,primary_test_impostor,primary_test_impostor,0,False,6.946,0.48,9472.092,9470.4,4273,127,6.136,
303,primary_test_impostor,primary_test_impostor,0,False,5.695,0.46,8356.231,8355.1,4273,127,6.474,
304,primary_test_impostor,primary_test_impostor,0,False,5.364,0.51,7771.987,7771.0,4273,127,5.595,
305,primary_test_impostor,primary_test_impostor,0,False,5.633,0.48,7575.488,7574.7,4273,127,6.062,
306,primary_test_impostor,primary_test_impostor,0,False,6.048,0.51,8153.048,8152.2,4273,127,5.741,
307,primary_test_impostor,primary_test_impostor,0,False,5.597,0.47,7869.273,7868.5,4273,127,5.328,
308,primary_test_impostor,primary_test_impostor,0,False,5.617,0.46,7878.063,7877.3,4273,127,6.972,
309,primary_test_impostor,primary_test_impostor,0,False,5.405,0.46,8257.587,8256.8,4273,127,6.282,
310,primary_test_impostor,primary_test_impostor,0,False,5.365,0.43,7789.594,7788.9,4273,127,5.64,
311,primary_test_impostor,primary_test_impostor,0,False,5.647,0.44,8187.905,8187.0,4273,127,6.135,
312,primary_test_impostor,primary_test_impostor,0,False,7.765,0.51,7951.611,7950.9,4273,127,5.782,
313,primary_test_impostor,primary_test_impostor,0,False,6.186,0.48,7536.245,7535.6,4273,127,6.145,
314,primary_test_impostor,primary_test_impostor,0,False,5.963,0.46,7775.421,7774.7,4273,127,13.094,
315,primary_test_impostor,primary_test_impostor,0,False,6.277,0.46,8304.201,8303.5,4273,127,6.209,
316,primary_test_impostor,primary_test_impostor,0,False,7.027,0.43,8498.468,8497.5,4273,127,5.461,
317,primary_test_impostor,primary_test_impostor,0,False,5.214,0.46,7347.782,7347.1,4273,127,5.846,
318,primary_test_impostor,primary_test_impostor,0,False,6.589,0.52,8672.835,8672.0,4273,127,5.951,
319,primary_test_impostor,primary_test_impostor,0,False,5.998,0.46,9905.972,9904.7,4273,127,6.932,
320,primary_test_impostor,primary_test_impostor,0,False,6.638,0.47,8796.202,8795.3,4273,127,6.886,
321,primary_test_impostor,primary_test_impostor,0,False,6.216,0.43,8627.369,8626.7,4273,127,10.148,
322,primary_test_impostor,primary_test_impostor,0,False,7.02,0.48,8775.782,8774.9,4273,127,5.618,
323,primary_test_impostor,primary_test_impostor,0,False,5.309,0.45,8261.247,8260.5,4273,127,6.058,
324,primary_test_impostor,primary_test_impostor,0,False,5.889,0.46,7971.241,7970.4,4273,127,5.655,
325,primary_test_impostor,primary_test_impostor,0,False,6.754,0.49,7901.987,7901.4,4273,127,5.363,
326,primary_test_impostor,primary_test_impostor,0,False,5.829,0.49,7530.296,7529.5,4273,127,6.222,
327,primary_test_impostor,primary_test_impostor,0,False,5.327,0.5,8415.2,8414.5,4273,127,5.696,
328,primary_test_impostor,primary_test_impostor,0,False,5.829,0.44,8067.81,8067.1,4273,127,5.877,
329,primary_test_impostor,primary_test_impostor,0,False,5.979,0.43,7883.582,7882.9,4273,127,5.7,
330,primary_test_impostor,primary_test_impostor,0,False,5.753,0.4,9740.488,9739.7,4273,127,6.098,
331,primary_test_impostor,primary_test_impostor,0,False,5.6,0.44,10007.52,10006.4,4273,127,6.808,
332,primary_test_impostor,primary_test_impostor,0,False,6.887,0.52,10628.144,10626.7,4273,127,9.19,
333,primary_test_impostor,primary_test_impostor,0,False,5.983,0.43,8876.011,8875.3,4273,127,5.478,
334,primary_test_impostor,primary_test_impostor,0,False,5.91,0.53,8732.294,8731.6,4273,127,10.371,
335,primary_test_impostor,primary_test_impostor,0,False,5.86,0.44,9133.099,9132.4,4273,127,6.396,
336,primary_test_impostor,primary_test_impostor,0,False,6.76,0.42,9854.766,9853.8,4273,127,5.735,
337,primary_test_impostor,primary_test_impostor,0,False,6.027,0.5,8737.354,8736.2,4273,127,5.035,
338,primary_test_impostor,primary_test_impostor,0,False,4.571,0.43,8100.518,8099.5,4273,127,5.966,
339,primary_test_impostor,primary_test_impostor,0,False,6.069,0.43,8180.441,8179.5,4273,127,5.535,
340,primary_test_impostor,primary_test_impostor,0,False,5.529,0.45,7865.286,7864.6,4273,127,5.744,
341,primary_test_impostor,primary_test_impostor,0,False,5.848,0.46,7885.376,7884.6,4273,127,6.552,
342,primary_test_impostor,primary_test_impostor,0,False,5.589,0.45,7681.566,7680.9,4273,127,6.564,
343,primary_test_impostor,primary_test_impostor,0,False,5.727,0.49,7896.601,7895.8,4273,127,5.341,
344,primary_test_impostor,primary_test_impostor,0,False,5.793,0.52,7658.306,7657.7,4273,127,5.724,
345,primary_test_impostor,primary_test_impostor,0,False,5.572,0.43,8013.158,8012.5,4273,127,5.58,
346,primary_test_impostor,primary_test_impostor,0,False,5.747,0.5,8562.597,8561.8,4273,127,6.678,
347,primary_test_impostor,primary_test_impostor,0,False,6.061,0.47,8869.881,8867.7,4273,127,7.095,
348,primary_test_impostor,primary_test_impostor,0,False,6.101,0.42,8956.128,8955.0,4273,127,7.67,
349,primary_test_impostor,primary_test_impostor,0,False,9.223,0.47,8721.301,8720.5,4273,127,8.308,
350,primary_test_impostor,primary_test_impostor,0,False,9.529,0.53,8645.421,8643.6,4273,127,6.524,
351,primary_test_impostor,primary_test_impostor,0,False,6.254,0.46,7906.006,7905.3,4273,127,5.973,
352,primary_test_impostor,primary_test_impostor,0,False,5.348,0.45,7849.639,7849.0,4273,127,5.706,
353,primary_test_impostor,primary_test_impostor,0,False,5.451,0.44,7695.362,7694.7,4273,127,5.508,
354,primary_test_impostor,primary_test_impostor,0,False,5.819,0.44,8188.372,8187.4,4273,127,5.915,
355,primary_test_impostor,primary_test_impostor,0,False,6.012,0.47,7882.429,7881.7,4273,127,6.974,
356,primary_test_impostor,primary_test_impostor,0,False,6.475,0.49,7722.132,7721.3,4273,127,5.387,
357,primary_test_impostor,primary_test_impostor,0,False,5.964,0.45,8133.553,8132.9,4273,127,5.665,
358,primary_test_impostor,primary_test_impostor,0,False,5.404,0.47,7914.981,7914.2,4273,127,6.928,
359,primary_test_impostor,primary_test_impostor,0,False,7.089,0.84,7851.615,7850.9,4273,127,15.428,
360,primary_test_impostor,primary_test_impostor,0,False,11.981,0.46,7749.805,7749.1,4273,127,5.854,
361,primary_test_impostor,primary_test_impostor,0,False,5.569,0.42,8196.305,8195.5,4273,127,5.507,
362,primary_test_impostor,primary_test_impostor,0,False,5.441,0.45,8763.769,8763.0,4273,127,17.318,
363,primary_test_impostor,primary_test_impostor,0,False,19.275,0.67,8796.147,8795.2,4273,127,5.622,
364,primary_test_impostor,primary_test_impostor,0,False,6.87,0.55,8889.615,8888.8,4273,127,6.154,
365,primary_test_impostor,primary_test_impostor,0,False,5.498,0.46,7988.51,7987.7,4273,127,5.785,
366,primary_test_impostor,primary_test_impostor,0,False,5.352,0.54,9162.901,9162.1,4273,127,6.679,
367,primary_test_impostor,primary_test_impostor,0,False,6.556,0.52,8496.911,8496.2,4273,127,5.919,
368,primary_test_impostor,primary_test_impostor,0,False,6.501,0.44,9304.21,9302.6,4273,127,9.346,
369,primary_test_impostor,primary_test_impostor,0,False,9.067,0.61,10626.032,10624.9,4273,127,6.924,
370,primary_test_impostor,primary_test_impostor,0,False,6.586,0.46,10226.881,10225.6,4273,127,8.794,
371,primary_test_impostor,primary_test_impostor,0,False,6.108,0.52,8485.445,8484.7,4273,127,5.66,
372,primary_test_impostor,primary_test_impostor,0,False,6.598,0.5,8922.354,8921.4,4273,127,6.904,
373,primary_test_impostor,primary_test_impostor,0,False,5.896,0.49,9163.533,9162.8,4273,127,5.883,
374,primary_test_impostor,primary_test_impostor,0,False,7.538,0.72,9667.258,9666.5,4273,127,9.766,
375,primary_test_impostor,primary_test_impostor,0,False,6.782,0.51,9884.365,9882.9,4273,127,7.231,
376,primary_test_impostor,primary_test_impostor,0,False,6.859,0.74,9812.405,9810.2,4273,127,21.313,
377,primary_test_impostor,primary_test_impostor,0,False,16.088,1.46,8998.685,8997.7,4273,127,5.914,
378,primary_test_impostor,primary_test_impostor,0,False,6.937,0.64,9374.188,9373.3,4273,127,8.143,
379,primary_test_impostor,primary_test_impostor,0,False,12.149,1.41,9325.028,9324.0,4273,127,6.267,
380,primary_test_impostor,primary_test_impostor,0,False,5.614,0.42,8622.176,8621.3,4273,127,7.916,
381,primary_test_impostor,primary_test_impostor,0,False,9.537,0.63,8198.692,8197.6,4273,127,6.058,
382,primary_test_impostor,primary_test_impostor,0,False,5.622,0.47,7605.095,7604.4,4273,127,6.372,
383,primary_test_impostor,primary_test_impostor,0,False,6.045,0.46,7483.229,7482.6,4273,127,5.797,
384,primary_test_impostor,primary_test_impostor,0,False,5.863,0.45,8344.692,8344.0,4273,127,6.364,
385,primary_test_impostor,primary_test_impostor,0,False,7.971,0.45,7875.755,7875.2,4273,127,6.488,
386,primary_test_impostor,primary_test_impostor,0,False,5.482,0.42,7713.51,7712.9,4273,127,5.336,
387,primary_test_impostor,primary_test_impostor,0,False,5.784,0.45,8248.028,8247.4,4273,127,5.313,
388,primary_test_impostor,primary_test_impostor,0,False,5.711,0.53,8796.412,8795.8,4273,127,5.399,
389,primary_test_impostor,primary_test_impostor,0,False,5.422,0.43,7936.058,7935.1,4273,127,5.762,
390,primary_test_impostor,primary_test_impostor,0,False,5.83,0.46,7759.535,7758.8,4273,127,5.633,
391,primary_test_impostor,primary_test_impostor,0,False,6.83,0.43,7696.457,7695.8,4273,127,5.595,
392,primary_test_impostor,primary_test_impostor,0,False,5.588,0.51,8211.654,8210.9,4273,127,5.466,
393,primary_test_impostor,primary_test_impostor,0,False,5.563,0.44,8249.622,8248.9,4273,127,5.961,
394,primary_test_impostor,primary_test_impostor,0,False,5.752,0.45,8137.143,8136.5,4273,127,5.645,
395,primary_test_impostor,primary_test_impostor,0,False,5.595,0.48,7607.802,7607.0,4273,127,5.473,
396,primary_test_impostor,primary_test_impostor,0,False,5.08,0.45,7884.206,7883.6,4273,127,5.436,
397,primary_test_impostor,primary_test_impostor,0,False,5.951,0.43,7564.56,7563.9,4273,127,5.271,
398,primary_test_impostor,primary_test_impostor,0,False,5.594,0.46,9616.109,9615.3,4273,127,6.283,
399,primary_test_impostor,primary_test_impostor,0,False,6.308,0.79,8699.268,8698.5,4273,127,5.945,
400,primary_test_impostor,primary_test_impostor,0,False,6.695,0.47,9131.637,9130.8,4273,127,8.796,
401,primary_test_impostor,primary_test_impostor,0,False,6.314,0.46,9379.67,9378.9,4273,127,6.627,
402,primary_test_impostor,primary_test_impostor,0,False,6.239,0.45,10912.98,10889.8,4273,127,47.483,
403,primary_test_impostor,primary_test_impostor,0,False,18.053,0.93,10107.17,10105.8,4273,127,6.644,
404,primary_test_impostor,primary_test_impostor,0,False,7.107,0.77,9941.701,9940.8,4273,127,5.834,
405,primary_test_impostor,primary_test_impostor,0,False,6.205,0.45,9512.5,9511.6,4273,127,6.0,
406,primary_test_impostor,primary_test_impostor,0,False,6.028,0.43,8553.934,8553.2,4273,127,5.753,
407,primary_test_impostor,primary_test_impostor,0,False,5.685,0.53,9587.659,9586.5,4273,127,6.353,
408,primary_test_impostor,primary_test_impostor,0,False,6.734,0.88,9426.011,9425.0,4273,127,5.676,
409,primary_test_impostor,primary_test_impostor,0,False,6.254,0.86,8805.863,8805.1,4273,127,6.294,
410,primary_test_impostor,primary_test_impostor,0,False,7.657,0.51,8497.364,8496.6,4273,127,6.733,
411,primary_test_impostor,primary_test_impostor,0,False,5.412,0.45,7758.103,7757.2,4273,127,5.906,
412,primary_test_impostor,primary_test_impostor,0,False,5.688,0.44,7660.767,7660.0,4273,127,5.417,
413,primary_test_impostor,primary_test_impostor,0,False,5.924,0.46,7678.099,7677.1,4273,127,5.655,
414,primary_test_impostor,primary_test_impostor,0,False,5.927,0.47,8136.801,8136.0,4273,127,6.259,
415,primary_test_impostor,primary_test_impostor,0,False,6.047,0.47,7549.595,7548.9,4273,127,6.037,
416,primary_test_impostor,primary_test_impostor,0,False,4.961,0.4,8224.169,8223.5,4273,127,11.285,
417,primary_test_impostor,primary_test_impostor,0,False,8.711,0.52,8365.498,8364.8,4273,127,7.998,
418,primary_test_impostor,primary_test_impostor,0,False,5.98,0.47,7697.828,7696.8,4273,127,6.335,
419,primary_test_impostor,primary_test_impostor,0,False,6.123,0.48,7813.453,7812.4,4273,127,6.583,
420,primary_test_impostor,primary_test_impostor,0,False,5.155,0.43,7741.364,7740.5,4273,127,5.989,
421,primary_test_impostor,primary_test_impostor,0,False,5.705,0.51,8594.871,8594.1,4273,127,5.811,
422,primary_test_impostor,primary_test_impostor,0,False,5.175,0.43,8933.676,8932.8,4273,127,8.482,
423,primary_test_impostor,primary_test_impostor,0,False,7.954,0.48,9343.774,9343.0,4273,127,5.589,
424,primary_test_impostor,primary_test_impostor,0,False,5.858,0.55,8069.643,8068.9,4273,127,6.207,
425,primary_test_impostor,primary_test_impostor,0,False,6.855,0.91,8149.724,8149.0,4273,127,5.614,
426,primary_test_impostor,primary_test_impostor,0,False,5.352,0.41,7928.668,7928.0,4273,127,5.441,
427,primary_test_impostor,primary_test_impostor,0,False,5.819,0.46,9299.055,9297.9,4273,127,6.183,
428,primary_test_impostor,primary_test_impostor,0,False,7.031,0.83,9300.618,9299.9,4273,127,5.86,
429,primary_test_impostor,primary_test_impostor,0,False,7.565,0.46,9364.9,9364.2,4273,127,6.215,
430,primary_test_impostor,primary_test_impostor,0,False,5.537,0.82,10342.277,10341.5,4273,127,6.053,
431,primary_test_impostor,primary_test_impostor,0,False,6.247,0.67,9140.132,9139.4,4273,127,9.163,
432,primary_test_impostor,primary_test_impostor,0,False,9.21,0.89,8676.138,8675.3,4273,127,5.587,
433,primary_test_impostor,primary_test_impostor,0,False,7.283,0.5,8418.94,8418.0,4273,127,5.808,
434,primary_test_impostor,primary_test_impostor,0,False,7.034,0.59,9330.681,9329.9,4273,127,6.393,
435,primary_test_impostor,primary_test_impostor,0,False,6.721,0.95,9545.697,9544.8,4273,127,8.726,
436,primary_test_impostor,primary_test_impostor,0,False,6.367,0.66,9520.505,9519.6,4273,127,5.947,
437,primary_test_impostor,primary_test_impostor,0,False,5.824,0.46,8674.954,8674.1,4273,127,5.94,
438,primary_test_impostor,primary_test_impostor,0,False,6.554,0.5,8624.507,8623.6,4273,127,5.589,
439,primary_test_impostor,primary_test_impostor,0,False,6.117,0.84,9142.142,9141.3,4273,127,8.262,
440,primary_test_impostor,primary_test_impostor,0,False,7.639,0.48,9994.187,9992.7,4273,127,12.853,
441,primary_test_impostor,primary_test_impostor,0,False,9.333,0.5,8953.295,8952.5,4273,127,6.69,
442,primary_test_impostor,primary_test_impostor,0,False,6.09,0.53,7966.142,7965.5,4273,127,5.22,
443,primary_test_impostor,primary_test_impostor,0,False,5.804,0.47,7814.378,7813.7,4273,127,7.62,
444,primary_test_impostor,primary_test_impostor,0,False,7.353,1.0,7973.038,7972.2,4273,127,5.966,
445,primary_test_impostor,primary_test_impostor,0,False,5.784,0.51,8056.947,8056.2,4273,127,5.956,
446,primary_test_impostor,primary_test_impostor,0,False,5.35,0.76,7856.743,7855.9,4273,127,6.246,
447,primary_test_impostor,primary_test_impostor,0,False,6.079,0.43,7805.554,7804.9,4273,127,4.932,
448,primary_test_impostor,primary_test_impostor,0,False,6.549,0.86,7778.819,7778.1,4273,127,6.07,
449,primary_test_impostor,primary_test_impostor,0,False,6.179,0.75,7480.709,7479.9,4273,127,5.632,
450,primary_test_impostor,primary_test_impostor,0,False,5.423,0.5,8030.302,8029.6,4273,127,15.691,
451,primary_test_impostor,primary_test_impostor,0,False,15.323,3.47,8700.559,8699.7,4273,127,7.796,
452,primary_test_impostor,primary_test_impostor,0,False,6.592,0.52,8303.15,8302.3,4273,127,5.487,
453,primary_test_impostor,primary_test_impostor,0,False,6.531,0.49,7740.745,7739.4,4273,127,6.233,
454,primary_test_impostor,primary_test_impostor,0,False,7.13,0.92,8035.988,8035.3,4273,127,20.677,
455,primary_test_impostor,primary_test_impostor,0,False,12.87,3.26,8160.464,8159.6,4273,127,4.88,
456,primary_test_impostor,primary_test_impostor,0,False,5.575,0.44,8236.343,8235.7,4273,127,5.31,
457,primary_test_impostor,primary_test_impostor,0,False,5.273,0.42,8119.549,8118.8,4273,127,6.301,
458,primary_test_impostor,primary_test_impostor,0,False,6.023,0.85,10263.549,10262.8,4273,127,8.364,
459,primary_test_impostor,primary_test_impostor,0,False,8.695,0.89,10156.016,10155.0,4273,127,6.375,
460,primary_test_impostor,primary_test_impostor,0,False,6.322,0.53,8838.203,8837.4,4273,127,6.917,
461,primary_test_impostor,primary_test_impostor,0,False,7.008,0.47,9223.964,9222.9,4273,127,7.324,
462,primary_test_impostor,primary_test_impostor,0,False,6.882,0.48,9289.084,9287.8,4273,127,5.067,
463,primary_test_impostor,primary_test_impostor,0,False,5.892,0.48,8641.175,8640.3,4273,127,5.419,
464,primary_test_impostor,primary_test_impostor,0,False,6.222,0.61,8991.87,8991.1,4273,127,6.954,
465,primary_test_impostor,primary_test_impostor,0,False,6.208,0.46,8177.253,8176.6,4273,127,5.616,
466,primary_test_impostor,primary_test_impostor,0,False,6.492,0.73,7765.972,7765.1,4273,127,6.271,
467,primary_test_impostor,primary_test_impostor,0,False,6.11,0.5,8511.295,8510.4,4273,127,5.995,
468,primary_test_impostor,primary_test_impostor,0,False,5.25,0.41,7752.419,7751.8,4273,127,6.42,
469,primary_test_impostor,primary_test_impostor,0,False,6.193,0.86,8989.744,8988.1,4273,127,7.288,
470,primary_test_impostor,primary_test_impostor,0,False,6.301,0.45,9537.929,9536.9,4273,127,6.531,
471,primary_test_impostor,primary_test_impostor,0,False,5.946,0.54,9773.635,9772.2,4273,127,10.898,
472,primary_test_impostor,primary_test_impostor,0,False,7.635,0.47,10068.46,10067.6,4273,127,6.526,
473,primary_test_impostor,primary_test_impostor,0,False,6.581,0.42,9163.789,9163.2,4273,127,6.236,
474,primary_test_impostor,primary_test_impostor,0,False,5.928,0.44,8947.644,8946.8,4273,127,5.433,
475,primary_test_impostor,primary_test_impostor,0,False,6.652,0.51,9323.839,9323.0,4273,127,5.549,
476,primary_test_impostor,primary_test_impostor,0,False,5.768,0.53,9287.268,9286.2,4273,127,5.498,
477,primary_test_impostor,primary_test_impostor,0,False,5.653,0.47,8845.561,8844.4,4273,127,5.272,
478,primary_test_impostor,primary_test_impostor,0,False,6.521,0.95,9286.289,9285.1,4273,127,5.928,
479,primary_test_impostor,primary_test_impostor,0,False,5.262,0.47,8659.872,8658.9,4273,127,5.55,
480,primary_test_impostor,primary_test_impostor,0,False,5.923,0.72,7888.674,7887.8,4273,127,12.677,
481,primary_test_impostor,primary_test_impostor,0,False,7.852,0.5,8019.832,8019.1,4273,127,5.392,
482,primary_test_impostor,primary_test_impostor,0,False,5.807,0.47,8574.532,8573.7,4273,127,5.941,
483,primary_test_impostor,primary_test_impostor,0,False,6.315,0.46,7874.077,7873.3,4273,127,5.573,
484,primary_test_impostor,primary_test_impostor,0,False,5.631,0.5,7522.199,7521.4,4273,127,5.58,
485,primary_test_impostor,primary_test_impostor,0,False,5.306,0.48,9040.802,9040.0,4273,127,6.287,
486,primary_test_impostor,primary_test_impostor,0,False,6.886,0.52,10835.623,10832.1,4273,127,14.319,
487,primary_test_impostor,primary_test_impostor,0,False,17.248,2.49,10126.701,10118.3,4273,127,6.535,
488,primary_test_impostor,primary_test_impostor,0,False,8.371,0.88,9256.738,9244.1,4273,127,16.115,
489,primary_test_impostor,primary_test_impostor,0,False,8.92,0.61,8819.688,8818.9,4273,127,5.698,
490,primary_test_impostor,primary_test_impostor,0,False,6.144,0.47,8118.094,8117.4,4273,127,6.143,
491,primary_test_impostor,primary_test_impostor,0,False,5.665,0.43,8313.802,8313.1,4273,127,6.048,
492,primary_test_impostor,primary_test_impostor,0,False,5.814,0.44,9078.984,9078.0,4273,127,6.659,
493,primary_test_impostor,primary_test_impostor,0,False,5.383,0.45,8101.232,8100.4,4273,127,7.314,
494,primary_test_impostor,primary_test_impostor,0,False,5.44,0.44,7788.017,7787.2,4273,127,5.696,
495,primary_test_impostor,primary_test_impostor,0,False,5.598,0.44,8067.246,8066.4,4273,127,6.437,
496,primary_test_impostor,primary_test_impostor,0,False,5.85,0.51,8277.92,8277.2,4273,127,5.583,
497,primary_test_impostor,primary_test_impostor,0,False,5.968,0.51,9222.11,9221.3,4273,127,5.844,
498,primary_test_impostor,primary_test_impostor,0,False,6.785,0.76,8364.177,8363.4,4273,127,5.229,
499,primary_test_impostor,primary_test_impostor,0,False,5.582,0.64,8465.731,8464.9,4273,127,5.275,
500,primary_test_impostor,primary_test_impostor,0,False,5.412,0.45,7943.894,7943.2,4273,127,5.421,
501,primary_test_impostor,primary_test_impostor,0,False,4.979,0.45,7988.613,7987.9,4273,127,5.685,
502,primary_test_impostor,primary_test_impostor,0,False,5.528,0.48,8154.456,8153.6,4273,127,6.399,
503,primary_test_impostor,primary_test_impostor,0,False,6.051,0.46,8053.04,8052.1,4273,127,5.482,
504,primary_test_impostor,primary_test_impostor,0,False,4.946,0.43,9159.034,9157.9,4273,127,8.121,
505,primary_test_impostor,primary_test_impostor,0,False,7.103,0.44,8686.863,8686.0,4273,127,5.83,
506,primary_test_impostor,primary_test_impostor,0,False,5.79,0.63,9801.443,9800.3,4273,127,7.624,
507,primary_test_impostor,primary_test_impostor,0,False,6.001,0.51,10414.851,10413.8,4273,127,5.349,
508,primary_test_impostor,primary_test_impostor,0,False,6.888,0.8,9625.992,9625.3,4273,127,5.578,
509,primary_test_impostor,primary_test_impostor,0,False,4.865,0.47,9514.364,9513.5,4273,127,6.79,
510,primary_test_impostor,primary_test_impostor,0,False,5.974,0.48,10565.577,10564.3,4273,127,5.852,
511,primary_test_impostor,primary_test_impostor,0,False,6.262,0.54,8330.237,8329.1,4273,127,8.945,
512,primary_test_impostor,primary_test_impostor,0,False,5.212,0.44,11117.054,11115.8,4273,127,7.45,
513,primary_test_impostor,primary_test_impostor,0,False,9.903,0.45,15179.485,15177.3,4273,127,10.049,
514,primary_test_impostor,primary_test_impostor,0,False,7.167,0.47,12034.732,12032.4,4273,127,6.86,
515,primary_test_impostor,primary_test_impostor,0,False,7.368,0.51,9858.429,9857.4,4273,127,6.955,
516,primary_test_impostor,primary_test_impostor,0,False,5.333,0.45,13061.505,13060.1,4273,127,7.018,
517,primary_test_impostor,primary_test_impostor,0,False,7.217,0.44,11354.924,11353.6,4273,127,8.14,
518,primary_test_impostor,primary_test_impostor,0,False,6.387,0.83,9929.997,9928.4,4273,127,6.522,
519,primary_test_impostor,primary_test_impostor,0,False,7.175,0.76,10415.673,10414.8,4273,127,6.247,
520,primary_test_impostor,primary_test_impostor,0,False,6.657,0.49,9825.474,9824.8,4273,127,6.279,
521,primary_test_impostor,primary_test_impostor,0,False,6.564,0.45,9382.788,9381.7,4273,127,6.316,
522,primary_test_impostor,primary_test_impostor,0,False,6.657,0.54,8398.589,8398.0,4273,127,6.046,
523,primary_test_impostor,primary_test_impostor,0,False,6.358,0.52,8863.046,8862.3,4273,127,7.625,
524,primary_test_impostor,primary_test_impostor,0,False,6.562,0.48,8783.26,8782.3,4273,127,8.144,
525,primary_test_impostor,primary_test_impostor,0,False,5.937,0.47,8731.19,8730.4,4273,127,6.586,
526,primary_test_impostor,primary_test_impostor,0,False,6.799,0.53,8506.255,8505.2,4273,127,7.307,
527,primary_test_impostor,primary_test_impostor,0,False,6.626,0.51,8265.604,8264.3,4273,127,5.286,
528,primary_test_impostor,primary_test_impostor,0,False,5.45,0.43,7876.889,7876.1,4273,127,5.878,
529,primary_test_impostor,primary_test_impostor,0,False,6.143,0.47,8549.293,8548.5,4273,127,6.08,
530,primary_test_impostor,primary_test_impostor,0,False,8.705,0.53,8783.303,8779.6,4273,127,17.783,
531,primary_test_impostor,primary_test_impostor,0,False,13.246,0.78,10307.434,10305.5,4273,127,6.256,
532,primary_test_impostor,primary_test_impostor,0,False,5.404,0.44,9271.562,9270.8,4273,127,5.565,
533,primary_test_impostor,primary_test_impostor,0,False,5.663,0.54,9621.363,9620.2,4273,127,6.344,
534,primary_test_impostor,primary_test_impostor,0,False,5.468,0.41,12924.164,12922.3,4273,127,7.145,
535,primary_test_impostor,primary_test_impostor,0,False,11.643,0.5,11572.584,11571.5,4273,127,7.704,
536,primary_test_impostor,primary_test_impostor,0,False,6.024,0.47,11926.13,11923.8,4273,127,23.988,
537,primary_test_impostor,primary_test_impostor,0,False,16.925,0.79,11091.834,11090.9,4273,127,9.438,
538,primary_test_impostor,primary_test_impostor,0,False,6.631,0.44,12966.789,12965.2,4273,127,12.341,
539,primary_test_impostor,primary_test_impostor,0,False,12.4,1.99,11695.987,11694.2,4273,127,13.857,
540,primary_test_impostor,primary_test_impostor,0,False,12.88,0.48,10935.614,10934.0,4273,127,8.407,
541,primary_test_impostor,primary_test_impostor,0,False,6.964,0.48,11994.218,11992.9,4273,127,6.102,
542,primary_test_impostor,primary_test_impostor,0,False,5.953,0.46,11777.527,11776.3,4273,127,6.399,
543,primary_test_impostor,primary_test_impostor,0,False,5.928,0.44,9548.541,9547.7,4273,127,5.961,
544,primary_test_impostor,primary_test_impostor,0,False,8.828,0.57,9032.099,9031.4,4273,127,5.452,
545,primary_test_impostor,primary_test_impostor,0,False,5.891,0.53,9090.66,9086.6,4273,127,29.131,
546,primary_test_impostor,primary_test_impostor,0,False,9.427,0.51,9901.545,9898.7,4273,127,11.353,
547,primary_test_impostor,primary_test_impostor,0,False,9.466,0.6,11076.223,11075.2,4273,127,6.643,
548,primary_test_impostor,primary_test_impostor,0,False,8.512,0.74,9926.713,9925.7,4273,127,6.65,
549,primary_test_impostor,primary_test_impostor,0,False,5.276,0.43,9273.1,9272.1,4273,127,7.554,
550,primary_test_impostor,primary_test_impostor,0,False,7.266,0.45,9324.632,9323.7,4273,127,6.654,
551,primary_test_impostor,primary_test_impostor,0,False,6.273,0.43,9059.691,9058.5,4273,127,10.603,
552,primary_test_impostor,primary_test_impostor,0,False,8.664,0.7,9423.039,9421.9,4273,127,6.087,
553,primary_test_impostor,primary_test_impostor,0,False,6.268,0.64,8736.35,8735.3,4273,127,5.955,
554,primary_test_impostor,primary_test_impostor,0,False,5.91,0.43,8630.342,8629.1,4273,127,5.741,
555,primary_test_impostor,primary_test_impostor,0,False,6.275,0.65,7909.27,7908.4,4273,127,5.77,
556,primary_test_impostor,primary_test_impostor,0,False,5.014,0.42,8763.725,8762.9,4273,127,6.81,
557,primary_test_impostor,primary_test_impostor,0,False,5.453,0.44,8992.839,8992.0,4273,127,7.776,
558,primary_test_impostor,primary_test_impostor,0,False,5.784,0.47,9432.04,9431.3,4273,127,7.08,
559,primary_test_impostor,primary_test_impostor,0,False,6.19,0.55,8768.012,8767.1,4273,127,5.885,
560,primary_test_impostor,primary_test_impostor,0,False,6.148,0.45,10995.564,10994.6,4273,127,8.952,
561,primary_test_impostor,primary_test_impostor,0,False,6.184,0.62,10674.137,10673.2,4273,127,9.343,
562,primary_test_impostor,primary_test_impostor,0,False,6.191,0.92,9991.297,9989.9,4273,127,7.756,
563,primary_test_impostor,primary_test_impostor,0,False,8.138,0.6,9786.255,9785.3,4273,127,7.235,
564,primary_test_impostor,primary_test_impostor,0,False,7.259,0.47,9483.03,9482.1,4273,127,6.833,
565,primary_test_impostor,primary_test_impostor,0,False,7.251,0.51,9253.891,9252.8,4273,127,7.813,
566,primary_test_impostor,primary_test_impostor,0,False,6.58,0.49,10781.446,10780.1,4273,127,9.386,
567,primary_test_impostor,primary_test_impostor,0,False,8.148,0.5,8850.813,8849.4,4273,127,6.171,
568,primary_test_impostor,primary_test_impostor,0,False,6.396,0.47,9294.262,9292.1,4273,127,6.716,
569,primary_test_impostor,primary_test_impostor,0,False,7.339,0.66,9887.407,9886.1,4273,127,6.176,
570,primary_test_impostor,primary_test_impostor,0,False,5.819,0.46,8939.776,8938.1,4273,127,7.448,
571,primary_test_impostor,primary_test_impostor,0,False,7.453,0.51,8599.582,8598.4,4273,127,8.365,
572,primary_test_impostor,primary_test_impostor,0,False,6.941,0.46,8230.561,8229.5,4273,127,6.125,
573,primary_test_impostor,primary_test_impostor,0,False,6.188,0.52,7724.692,7724.0,4273,127,6.443,
574,primary_test_impostor,primary_test_impostor,0,False,6.278,0.5,7731.792,7730.9,4273,127,8.332,
575,primary_test_impostor,primary_test_impostor,0,False,5.791,0.44,7815.757,7815.0,4273,127,5.882,
576,primary_test_impostor,primary_test_impostor,0,False,5.688,0.46,8382.782,8381.9,4273,127,10.164,
577,primary_test_impostor,primary_test_impostor,0,False,6.764,0.47,8929.522,8928.8,4273,127,5.868,
578,primary_test_impostor,primary_test_impostor,0,False,6.466,0.46,7873.548,7872.9,4273,127,7.078,
579,primary_test_impostor,primary_test_impostor,0,False,5.095,0.43,7771.834,7771.2,4273,127,5.763,
580,primary_test_impostor,primary_test_impostor,0,False,5.813,0.62,8671.864,8671.0,4273,127,5.941,
581,primary_test_impostor,primary_test_impostor,0,False,5.9,0.56,7796.572,7795.9,4273,127,5.141,
582,primary_test_impostor,primary_test_impostor,0,False,8.025,2.39,7665.48,7664.8,4273,127,6.065,
583,primary_test_impostor,primary_test_impostor,0,False,6.723,0.47,7610.628,7609.6,4273,127,6.416,
584,primary_test_impostor,primary_test_impostor,0,False,5.601,0.51,7829.487,7828.6,4273,127,6.029,
585,primary_test_impostor,primary_test_impostor,0,False,5.976,0.44,7628.753,7628.1,4273,127,5.293,
586,primary_test_impostor,primary_test_impostor,0,False,5.626,0.48,7767.536,7766.8,4273,127,5.476,
587,primary_test_impostor,primary_test_impostor,0,False,4.996,0.43,8663.521,8662.6,4273,127,5.807,
588,primary_test_impostor,primary_test_impostor,0,False,8.027,0.48,9233.159,9232.4,4273,127,6.262,
589,primary_test_impostor,primary_test_impostor,0,False,8.23,0.75,8938.989,8937.6,4273,127,6.88,
590,primary_test_impostor,primary_test_impostor,0,False,5.903,0.45,9102.134,9100.9,4273,127,6.195,
591,primary_test_impostor,primary_test_impostor,0,False,5.673,0.49,8253.83,8252.4,4273,127,8.784,
592,primary_test_impostor,primary_test_impostor,0,False,7.336,0.42,8073.023,8071.9,4273,127,5.674,
593,primary_test_impostor,primary_test_impostor,0,False,6.344,0.47,7927.254,7926.5,4273,127,6.23,
594,primary_test_impostor,primary_test_impostor,0,False,4.685,0.43,7790.8,7790.1,4273,127,6.033,
595,primary_test_impostor,primary_test_impostor,0,False,5.258,0.42,7949.885,7948.9,4273,127,6.125,
596,primary_test_impostor,primary_test_impostor,0,False,5.507,0.43,9433.496,9432.3,4273,127,28.742,
597,primary_test_impostor,primary_test_impostor,0,False,18.317,0.5,10557.025,10555.8,4273,127,6.283,
598,primary_test_impostor,primary_test_impostor,0,False,5.517,0.44,8914.427,8913.4,4273,127,6.496,
599,primary_test_impostor,primary_test_impostor,0,False,5.914,0.41,10604.068,10603.0,4273,127,6.455,
600,primary_test_impostor,primary_test_impostor,0,False,6.672,0.55,11782.134,11780.1,4273,127,11.148,
601,primary_test_impostor,primary_test_impostor,0,False,6.566,0.47,11654.865,11653.2,4273,127,6.25,
602,primary_test_impostor,primary_test_impostor,0,False,6.359,0.53,9137.23,9135.4,4273,127,6.112,
603,primary_test_impostor,primary_test_impostor,0,False,5.863,0.46,9372.983,9371.9,4273,127,6.297,
604,primary_test_impostor,primary_test_impostor,0,False,7.745,0.48,9537.852,9536.7,4273,127,6.297,
605,primary_test_impostor,primary_test_impostor,0,False,5.594,0.44,9314.005,9312.7,4273,127,11.385,
606,primary_test_impostor,primary_test_impostor,0,False,5.659,0.44,8992.388,8991.1,4273,127,6.903,
607,primary_test_impostor,primary_test_impostor,0,False,6.324,0.49,9396.548,9395.3,4273,127,6.12,
608,primary_test_impostor,primary_test_impostor,0,False,5.464,0.45,8810.928,8809.9,4273,127,6.41,
609,primary_test_impostor,primary_test_impostor,0,False,6.417,0.46,8886.676,8885.7,4273,127,5.306,
610,primary_test_impostor,primary_test_impostor,0,False,6.232,0.47,9384.329,9383.3,4273,127,5.845,
611,primary_test_impostor,primary_test_impostor,0,False,5.416,0.5,8947.621,8946.3,4273,127,6.203,
612,primary_test_impostor,primary_test_impostor,0,False,5.61,0.43,8321.612,8320.8,4273,127,5.535,
613,primary_test_impostor,primary_test_impostor,0,False,5.924,0.51,9116.694,9115.8,4273,127,9.337,
614,primary_test_impostor,primary_test_impostor,0,False,6.571,0.73,10698.355,10697.3,4273,127,6.81,
615,primary_test_impostor,primary_test_impostor,0,False,5.663,0.43,9988.152,9987.0,4273,127,6.125,
616,primary_test_impostor,primary_test_impostor,0,False,6.799,0.56,9372.981,9372.0,4273,127,5.916,
617,primary_test_impostor,primary_test_impostor,0,False,6.058,0.5,8747.04,8746.1,4273,127,5.876,
618,primary_test_impostor,primary_test_impostor,0,False,5.766,0.44,8479.66,8478.8,4273,127,5.361,
619,primary_test_impostor,primary_test_impostor,0,False,6.966,0.47,7672.699,7672.1,4273,127,5.366,
620,primary_test_impostor,primary_test_impostor,0,False,5.385,0.44,9760.306,9759.2,4273,127,7.23,
621,primary_test_impostor,primary_test_impostor,0,False,6.16,0.48,8967.841,8965.7,4273,127,55.599,
622,primary_test_impostor,primary_test_impostor,0,False,33.093,2.08,8675.854,8675.0,4273,127,6.547,
623,primary_test_impostor,primary_test_impostor,0,False,6.247,0.45,8184.556,8183.9,4273,127,5.874,
624,primary_test_impostor,primary_test_impostor,0,False,6.018,0.51,7970.917,7970.2,4273,127,5.634,
625,primary_test_impostor,primary_test_impostor,0,False,6.578,0.53,7958.778,7958.1,4273,127,6.162,
626,primary_test_impostor,primary_test_impostor,0,False,5.231,0.43,8167.726,8166.6,4273,127,7.968,
627,primary_test_impostor,primary_test_impostor,0,False,5.831,0.46,8409.168,8408.3,4273,127,5.797,
628,primary_test_impostor,primary_test_impostor,0,False,5.812,0.47,8231.49,8230.7,4273,127,5.759,
629,primary_test_impostor,primary_test_impostor,0,False,5.653,0.46,7976.7,7976.0,4273,127,5.606,
630,primary_test_impostor,primary_test_impostor,0,False,8.497,0.65,7865.853,7864.9,4273,127,5.904,
631,primary_test_impostor,primary_test_impostor,0,False,5.895,0.48,7608.89,7608.1,4273,127,5.82,
