block,position,arm,scene,phase,repetition,elapsed_ms,http_elapsed_ns,correct,selected_id,expected_id,binary_sha256,circuit_sha256,server_key_sha256,input_sha256,output_sha256,profile_present,scoring_wall_ns,extraction_wall_ns,tournament_wall_ns,final_wall_ns,evaluate_wall_ns,unassigned_wall_ns,levels_json
0,0,off,einstein,warmup,0,1892.1,1892572917,True,1,1,46c028647bca1b06d0b00f9fd514b7418d6d92b6e0deb01dc08f4fb8700bbcbf,931a6adafa69c2c3efba71b735ec3915b3effd95774d09d05feee49f998cfeb7,38866fc742bcd9cd40b5f06f8c63458b9b298d2fdc6244621cc41a5f1b3a58d2,364bfc2d36c2ff642b9fff5a07f4255ea44b1f7113580ff0ae4d3c4f2341909a,61abfb91ec46be023cbe2faa56d17c0322c086763828035676f9aaff3aa5e4bb,False,,,,,,,
0,0,off,curie,warmup,0,1957.6,1958276209,True,2,2,46c028647bca1b06d0b00f9fd514b7418d6d92b6e0deb01dc08f4fb8700bbcbf,931a6adafa69c2c3efba71b735ec3915b3effd95774d09d05feee49f998cfeb7,38866fc742bcd9cd40b5f06f8c63458b9b298d2fdc6244621cc41a5f1b3a58d2,d561f5e7772472b39e5f605a805dca8e7655df12fd12d14ad20efe3cd005c0df,cf2916e64491d8f04208b416406f3f2036c55a82873bf9a8b1020c5e1d5762f8,False,,,,,,,
0,0,off,turing,warmup,0,2058.4,2058958541,True,3,3,46c028647bca1b06d0b00f9fd514b7418d6d92b6e0deb01dc08f4fb8700bbcbf,931a6adafa69c2c3efba71b735ec3915b3effd95774d09d05feee49f998cfeb7,38866fc742bcd9cd40b5f06f8c63458b9b298d2fdc6244621cc41a5f1b3a58d2,3f9a9e02329066a82f9e064ecda6419184087f18c1efc3dc04e7230d07b2353d,5f804e638e4c10e1c29637bc1bfcddea41fb528635d6825267754d66abfbfff0,False,,,,,,,
0,0,off,einstein,measured,0,1909.7,1910292292,True,1,1,46c028647bca1b06d0b00f9fd514b7418d6d92b6e0deb01dc08f4fb8700bbcbf,931a6adafa69c2c3efba71b735ec3915b3effd95774d09d05feee49f998cfeb7,38866fc742bcd9cd40b5f06f8c63458b9b298d2fdc6244621cc41a5f1b3a58d2,364bfc2d36c2ff642b9fff5a07f4255ea44b1f7113580ff0ae4d3c4f2341909a,61abfb91ec46be023cbe2faa56d17c0322c086763828035676f9aaff3aa5e4bb,False,,,,,,,
0,0,off,curie,measured,0,1885.8,1886436834,True,2,2,46c028647bca1b06d0b00f9fd514b7418d6d92b6e0deb01dc08f4fb8700bbcbf,931a6adafa69c2c3efba71b735ec3915b3effd95774d09d05feee49f998cfeb7,38866fc742bcd9cd40b5f06f8c63458b9b298d2fdc6244621cc41a5f1b3a58d2,d561f5e7772472b39e5f605a805dca8e7655df12fd12d14ad20efe3cd005c0df,cf2916e64491d8f04208b416406f3f2036c55a82873bf9a8b1020c5e1d5762f8,False,,,,,,,
0,0,off,turing,measured,0,1855.6,1856370459,True,3,3,46c028647bca1b06d0b00f9fd514b7418d6d92b6e0deb01dc08f4fb8700bbcbf,931a6adafa69c2c3efba71b735ec3915b3effd95774d09d05feee49f998cfeb7,38866fc742bcd9cd40b5f06f8c63458b9b298d2fdc6244621cc41a5f1b3a58d2,3f9a9e02329066a82f9e064ecda6419184087f18c1efc3dc04e7230d07b2353d,5f804e638e4c10e1c29637bc1bfcddea41fb528635d6825267754d66abfbfff0,False,,,,,,,
0,0,off,einstein,measured,1,1942.8,1943453041,True,1,1,46c028647bca1b06d0b00f9fd514b7418d6d92b6e0deb01dc08f4fb8700bbcbf,931a6adafa69c2c3efba71b735ec3915b3effd95774d09d05feee49f998cfeb7,38866fc742bcd9cd40b5f06f8c63458b9b298d2fdc6244621cc41a5f1b3a58d2,364bfc2d36c2ff642b9fff5a07f4255ea44b1f7113580ff0ae4d3c4f2341909a,61abfb91ec46be023cbe2faa56d17c0322c086763828035676f9aaff3aa5e4bb,False,,,,,,,
0,0,off,curie,measured,1,1971.9,1972506834,True,2,2,46c028647bca1b06d0b00f9fd514b7418d6d92b6e0deb01dc08f4fb8700bbcbf,931a6adafa69c2c3efba71b735ec3915b3effd95774d09d05feee49f998cfeb7,38866fc742bcd9cd40b5f06f8c63458b9b298d2fdc6244621cc41a5f1b3a58d2,d561f5e7772472b39e5f605a805dca8e7655df12fd12d14ad20efe3cd005c0df,cf2916e64491d8f04208b416406f3f2036c55a82873bf9a8b1020c5e1d5762f8,False,,,,,,,
0,0,off,turing,measured,1,1951.7,1952202958,True,3,3,46c028647bca1b06d0b00f9fd514b7418d6d92b6e0deb01dc08f4fb8700bbcbf,931a6adafa69c2c3efba71b735ec3915b3effd95774d09d05feee49f998cfeb7,38866fc742bcd9cd40b5f06f8c63458b9b298d2fdc6244621cc41a5f1b3a58d2,3f9a9e02329066a82f9e064ecda6419184087f18c1efc3dc04e7230d07b2353d,5f804e638e4c10e1c29637bc1bfcddea41fb528635d6825267754d66abfbfff0,False,,,,,,,
0,1,on,einstein,warmup,0,1909.1,1909587084,True,1,1,46c028647bca1b06d0b00f9fd514b7418d6d92b6e0deb01dc08f4fb8700bbcbf,931a6adafa69c2c3efba71b735ec3915b3effd95774d09d05feee49f998cfeb7,38866fc742bcd9cd40b5f06f8c63458b9b298d2fdc6244621cc41a5f1b3a58d2,364bfc2d36c2ff642b9fff5a07f4255ea44b1f7113580ff0ae4d3c4f2341909a,9f30b8515bf6a9fe5e2ece8de9d682eecc20fe9591d6f9d86b1c0e71583d4cda,True,6986208,811599625,1046318125,43543750,1908891042,443334,"[{""candidates"":120,""carried_candidates"":0,""ready_merges"":60,""scheduled_parallel"":true,""wall_ns"":452258208},{""candidates"":60,""carried_candidates"":0,""ready_merges"":30,""scheduled_parallel"":true,""wall_ns"":227662167},{""candidates"":30,""carried_candidates"":0,""ready_merges"":15,""scheduled_parallel"":true,""wall_ns"":123585792},{""candidates"":15,""carried_candidates"":1,""ready_merges"":7,""scheduled_parallel"":true,""wall_ns"":94138166},{""candidates"":8,""carried_candidates"":0,""ready_merges"":4,""scheduled_parallel"":true,""wall_ns"":59766958},{""candidates"":4,""carried_candidates"":0,""ready_merges"":2,""scheduled_parallel"":true,""wall_ns"":44589000},{""candidates"":2,""carried_candidates"":0,""ready_merges"":1,""scheduled_parallel"":true,""wall_ns"":44311500}]"
0,1,on,curie,warmup,0,1868.9,1869478917,True,2,2,46c028647bca1b06d0b00f9fd514b7418d6d92b6e0deb01dc08f4fb8700bbcbf,931a6adafa69c2c3efba71b735ec3915b3effd95774d09d05feee49f998cfeb7,38866fc742bcd9cd40b5f06f8c63458b9b298d2fdc6244621cc41a5f1b3a58d2,d561f5e7772472b39e5f605a805dca8e7655df12fd12d14ad20efe3cd005c0df,3b310d4f55f6ee4bd9523775576f86513934dd6e6f94dc477fcccd45ec203a85,True,6225250,766555208,1051457792,43876250,1868576875,462375,"[{""candidates"":120,""carried_candidates"":0,""ready_merges"":60,""scheduled_parallel"":true,""wall_ns"":442801792},{""candidates"":60,""carried_candidates"":0,""ready_merges"":30,""scheduled_parallel"":true,""wall_ns"":236667833},{""candidates"":30,""carried_candidates"":0,""ready_merges"":15,""scheduled_parallel"":true,""wall_ns"":128256958},{""candidates"":15,""carried_candidates"":1,""ready_merges"":7,""scheduled_parallel"":true,""wall_ns"":93984167},{""candidates"":8,""carried_candidates"":0,""ready_merges"":4,""scheduled_parallel"":true,""wall_ns"":61067083},{""candidates"":4,""carried_candidates"":0,""ready_merges"":2,""scheduled_parallel"":true,""wall_ns"":44707833},{""candidates"":2,""carried_candidates"":0,""ready_merges"":1,""scheduled_parallel"":true,""wall_ns"":43969417}]"
0,1,on,turing,warmup,0,1939.4,1939910042,True,3,3,46c028647bca1b06d0b00f9fd514b7418d6d92b6e0deb01dc08f4fb8700bbcbf,931a6adafa69c2c3efba71b735ec3915b3effd95774d09d05feee49f998cfeb7,38866fc742bcd9cd40b5f06f8c63458b9b298d2fdc6244621cc41a5f1b3a58d2,3f9a9e02329066a82f9e064ecda6419184087f18c1efc3dc04e7230d07b2353d,2e047788bba7c61cbf5044b8b353ffa49f62d7fe0bb71eccf2eba3724f3019fb,True,6576042,782093750,1105731791,44274000,1939140791,465208,"[{""candidates"":120,""carried_candidates"":0,""ready_merges"":60,""scheduled_parallel"":true,""wall_ns"":460921375},{""candidates"":60,""carried_candidates"":0,""ready_merges"":30,""scheduled_parallel"":true,""wall_ns"":264713167},{""candidates"":30,""carried_candidates"":0,""ready_merges"":15,""scheduled_parallel"":true,""wall_ns"":143233625},{""candidates"":15,""carried_candidates"":1,""ready_merges"":7,""scheduled_parallel"":true,""wall_ns"":95708416},{""candidates"":8,""carried_candidates"":0,""ready_merges"":4,""scheduled_parallel"":true,""wall_ns"":51877000},{""candidates"":4,""carried_candidates"":0,""ready_merges"":2,""scheduled_parallel"":true,""wall_ns"":44987584},{""candidates"":2,""carried_candidates"":0,""ready_merges"":1,""scheduled_parallel"":true,""wall_ns"":44287166}]"
0,1,on,einstein,measured,0,2081.4,2082034709,True,1,1,46c028647bca1b06d0b00f9fd514b7418d6d92b6e0deb01dc08f4fb8700bbcbf,931a6adafa69c2c3efba71b735ec3915b3effd95774d09d05feee49f998cfeb7,38866fc742bcd9cd40b5f06f8c63458b9b298d2fdc6244621cc41a5f1b3a58d2,364bfc2d36c2ff642b9fff5a07f4255ea44b1f7113580ff0ae4d3c4f2341909a,9f30b8515bf6a9fe5e2ece8de9d682eecc20fe9591d6f9d86b1c0e71583d4cda,True,8469625,904019042,1123801459,44403667,2081148125,454332,"[{""candidates"":120,""carried_candidates"":0,""ready_merges"":60,""scheduled_parallel"":true,""wall_ns"":463447292},{""candidates"":60,""carried_candidates"":0,""ready_merges"":30,""scheduled_parallel"":true,""wall_ns"":254334500},{""candidates"":30,""carried_candidates"":0,""ready_merges"":15,""scheduled_parallel"":true,""wall_ns"":138950791},{""candidates"":15,""carried_candidates"":1,""ready_merges"":7,""scheduled_parallel"":true,""wall_ns"":99737667},{""candidates"":8,""carried_candidates"":0,""ready_merges"":4,""scheduled_parallel"":true,""wall_ns"":63341416},{""candidates"":4,""carried_candidates"":0,""ready_merges"":2,""scheduled_parallel"":true,""wall_ns"":45472083},{""candidates"":2,""carried_candidates"":0,""ready_merges"":1,""scheduled_parallel"":true,""wall_ns"":58514333}]"
0,1,on,curie,measured,0,1924.7,1925288625,True,2,2,46c028647bca1b06d0b00f9fd514b7418d6d92b6e0deb01dc08f4fb8700bbcbf,931a6adafa69c2c3efba71b735ec3915b3effd95774d09d05feee49f998cfeb7,38866fc742bcd9cd40b5f06f8c63458b9b298d2fdc6244621cc41a5f1b3a58d2,d561f5e7772472b39e5f605a805dca8e7655df12fd12d14ad20efe3cd005c0df,3b310d4f55f6ee4bd9523775576f86513934dd6e6f94dc477fcccd45ec203a85,True,5964292,808070625,1065948750,43873000,1924359584,502917,"[{""candidates"":120,""carried_candidates"":0,""ready_merges"":60,""scheduled_parallel"":true,""wall_ns"":456834333},{""candidates"":60,""carried_candidates"":0,""ready_merges"":30,""scheduled_parallel"":true,""wall_ns"":246801375},{""candidates"":30,""carried_candidates"":0,""ready_merges"":15,""scheduled_parallel"":true,""wall_ns"":130731167},{""candidates"":15,""carried_candidates"":1,""ready_merges"":7,""scheduled_parallel"":true,""wall_ns"":94074250},{""candidates"":8,""carried_candidates"":0,""ready_merges"":4,""scheduled_parallel"":true,""wall_ns"":48115250},{""candidates"":4,""carried_candidates"":0,""ready_merges"":2,""scheduled_parallel"":true,""wall_ns"":44834125},{""candidates"":2,""carried_candidates"":0,""ready_merges"":1,""scheduled_parallel"":true,""wall_ns"":44555542}]"
0,1,on,turing,measured,0,1889.5,1890059875,True,3,3,46c028647bca1b06d0b00f9fd514b7418d6d92b6e0deb01dc08f4fb8700bbcbf,931a6adafa69c2c3efba71b735ec3915b3effd95774d09d05feee49f998cfeb7,38866fc742bcd9cd40b5f06f8c63458b9b298d2fdc6244621cc41a5f1b3a58d2,3f9a9e02329066a82f9e064ecda6419184087f18c1efc3dc04e7230d07b2353d,2e047788bba7c61cbf5044b8b353ffa49f62d7fe0bb71eccf2eba3724f3019fb,True,6286625,777192125,1060834000,44478750,1889248917,457417,"[{""candidates"":120,""carried_candidates"":0,""ready_merges"":60,""scheduled_parallel"":true,""wall_ns"":442209708},{""candidates"":60,""carried_candidates"":0,""ready_merges"":30,""scheduled_parallel"":true,""wall_ns"":254410917},{""candidates"":30,""carried_candidates"":0,""ready_merges"":15,""scheduled_parallel"":true,""wall_ns"":128945834},{""candidates"":15,""carried_candidates"":1,""ready_merges"":7,""scheduled_parallel"":true,""wall_ns"":94857250},{""candidates"":8,""carried_candidates"":0,""ready_merges"":4,""scheduled_parallel"":true,""wall_ns"":50432083},{""candidates"":4,""carried_candidates"":0,""ready_merges"":2,""scheduled_parallel"":true,""wall_ns"":45687583},{""candidates"":2,""carried_candidates"":0,""ready_merges"":1,""scheduled_parallel"":true,""wall_ns"":44285875}]"
0,1,on,einstein,measured,1,1922.2,1922736541,True,1,1,46c028647bca1b06d0b00f9fd514b7418d6d92b6e0deb01dc08f4fb8700bbcbf,931a6adafa69c2c3efba71b735ec3915b3effd95774d09d05feee49f998cfeb7,38866fc742bcd9cd40b5f06f8c63458b9b298d2fdc6244621cc41a5f1b3a58d2,364bfc2d36c2ff642b9fff5a07f4255ea44b1f7113580ff0ae4d3c4f2341909a,9f30b8515bf6a9fe5e2ece8de9d682eecc20fe9591d6f9d86b1c0e71583d4cda,True,6142584,810436833,1060209458,44681625,1921926125,455625,"[{""candidates"":120,""carried_candidates"":0,""ready_merges"":60,""scheduled_parallel"":true,""wall_ns"":438973583},{""candidates"":60,""carried_candidates"":0,""ready_merges"":30,""scheduled_parallel"":true,""wall_ns"":250274042},{""candidates"":30,""carried_candidates"":0,""ready_merges"":15,""scheduled_parallel"":true,""wall_ns"":136699083},{""candidates"":15,""carried_candidates"":1,""ready_merges"":7,""scheduled_parallel"":true,""wall_ns"":95127250},{""candidates"":8,""carried_candidates"":0,""ready_merges"":4,""scheduled_parallel"":true,""wall_ns"":49778500},{""candidates"":4,""carried_candidates"":0,""ready_merges"":2,""scheduled_parallel"":true,""wall_ns"":44509792},{""candidates"":2,""carried_candidates"":0,""ready_merges"":1,""scheduled_parallel"":true,""wall_ns"":44839959}]"
0,1,on,curie,measured,1,1890.3,1890901167,True,2,2,46c028647bca1b06d0b00f9fd514b7418d6d92b6e0deb01dc08f4fb8700bbcbf,931a6adafa69c2c3efba71b735ec3915b3effd95774d09d05feee49f998cfeb7,38866fc742bcd9cd40b5f06f8c63458b9b298d2fdc6244621cc41a5f1b3a58d2,d561f5e7772472b39e5f605a805dca8e7655df12fd12d14ad20efe3cd005c0df,3b310d4f55f6ee4bd9523775576f86513934dd6e6f94dc477fcccd45ec203a85,True,6547625,750855542,1087836833,44269208,1889955875,446667,"[{""candidates"":120,""carried_candidates"":0,""ready_merges"":60,""scheduled_parallel"":true,""wall_ns"":443027541},{""candidates"":60,""carried_candidates"":0,""ready_merges"":30,""scheduled_parallel"":true,""wall_ns"":264784166},{""candidates"":30,""carried_candidates"":0,""ready_merges"":15,""scheduled_parallel"":true,""wall_ns"":138444667},{""candidates"":15,""carried_candidates"":1,""ready_merges"":7,""scheduled_parallel"":true,""wall_ns"":96207291},{""candidates"":8,""carried_candidates"":0,""ready_merges"":4,""scheduled_parallel"":true,""wall_ns"":54830750},{""candidates"":4,""carried_candidates"":0,""ready_merges"":2,""scheduled_parallel"":true,""wall_ns"":46436042},{""candidates"":2,""carried_candidates"":0,""ready_merges"":1,""scheduled_parallel"":true,""wall_ns"":44103292}]"
0,1,on,turing,measured,1,2097.3,2097909833,True,3,3,46c028647bca1b06d0b00f9fd514b7418d6d92b6e0deb01dc08f4fb8700bbcbf,931a6adafa69c2c3efba71b735ec3915b3effd95774d09d05feee49f998cfeb7,38866fc742bcd9cd40b5f06f8c63458b9b298d2fdc6244621cc41a5f1b3a58d2,3f9a9e02329066a82f9e064ecda6419184087f18c1efc3dc04e7230d07b2353d,2e047788bba7c61cbf5044b8b353ffa49f62d7fe0bb71eccf2eba3724f3019fb,True,6406791,919644542,1126200959,44338917,2097085209,494000,"[{""candidates"":120,""carried_candidates"":0,""ready_merges"":60,""scheduled_parallel"":true,""wall_ns"":491476042},{""candidates"":60,""carried_candidates"":0,""ready_merges"":30,""scheduled_parallel"":true,""wall_ns"":262133125},{""candidates"":30,""carried_candidates"":0,""ready_merges"":15,""scheduled_parallel"":true,""wall_ns"":133722667},{""candidates"":15,""carried_candidates"":1,""ready_merges"":7,""scheduled_parallel"":true,""wall_ns"":95544334},{""candidates"":8,""carried_candidates"":0,""ready_merges"":4,""scheduled_parallel"":true,""wall_ns"":52797500},{""candidates"":4,""carried_candidates"":0,""ready_merges"":2,""scheduled_parallel"":true,""wall_ns"":46395916},{""candidates"":2,""carried_candidates"":0,""ready_merges"":1,""scheduled_parallel"":true,""wall_ns"":44128042}]"
1,0,on,turing,warmup,0,1864.8,1865330875,True,3,3,46c028647bca1b06d0b00f9fd514b7418d6d92b6e0deb01dc08f4fb8700bbcbf,931a6adafa69c2c3efba71b735ec3915b3effd95774d09d05feee49f998cfeb7,38866fc742bcd9cd40b5f06f8c63458b9b298d2fdc6244621cc41a5f1b3a58d2,3f9a9e02329066a82f9e064ecda6419184087f18c1efc3dc04e7230d07b2353d,6a966a63185331f4e28c9530c15b61a94bdc29e795b2631880162fcb0245ff21,True,6967250,770267167,1041924917,44992459,1864612584,460791,"[{""candidates"":120,""carried_candidates"":0,""ready_merges"":60,""scheduled_parallel"":true,""wall_ns"":422538458},{""candidates"":60,""carried_candidates"":0,""ready_merges"":30,""scheduled_parallel"":true,""wall_ns"":231564917},{""candidates"":30,""carried_candidates"":0,""ready_merges"":15,""scheduled_parallel"":true,""wall_ns"":150413500},{""candidates"":15,""carried_candidates"":1,""ready_merges"":7,""scheduled_parallel"":true,""wall_ns"":94540334},{""candidates"":8,""carried_candidates"":0,""ready_merges"":4,""scheduled_parallel"":true,""wall_ns"":52003833},{""candidates"":4,""carried_candidates"":0,""ready_merges"":2,""scheduled_parallel"":true,""wall_ns"":46004458},{""candidates"":2,""carried_candidates"":0,""ready_merges"":1,""scheduled_parallel"":true,""wall_ns"":44856792}]"
1,0,on,curie,warmup,0,1851.4,1851938541,True,2,2,46c028647bca1b06d0b00f9fd514b7418d6d92b6e0deb01dc08f4fb8700bbcbf,931a6adafa69c2c3efba71b735ec3915b3effd95774d09d05feee49f998cfeb7,38866fc742bcd9cd40b5f06f8c63458b9b298d2fdc6244621cc41a5f1b3a58d2,d561f5e7772472b39e5f605a805dca8e7655df12fd12d14ad20efe3cd005c0df,27c70a6cb2a5d95af19b94e9be11aaf92646a69cb065efd5c7c3d1554cb81ef4,True,6375500,772717542,1027711250,43791541,1851103208,507375,"[{""candidates"":120,""carried_candidates"":0,""ready_merges"":60,""scheduled_parallel"":true,""wall_ns"":425689792},{""candidates"":60,""carried_candidates"":0,""ready_merges"":30,""scheduled_parallel"":true,""wall_ns"":232848583},{""candidates"":30,""carried_candidates"":0,""ready_merges"":15,""scheduled_parallel"":true,""wall_ns"":126045125},{""candidates"":15,""carried_candidates"":1,""ready_merges"":7,""scheduled_parallel"":true,""wall_ns"":95452708},{""candidates"":8,""carried_candidates"":0,""ready_merges"":4,""scheduled_parallel"":true,""wall_ns"":59068459},{""candidates"":4,""carried_candidates"":0,""ready_merges"":2,""scheduled_parallel"":true,""wall_ns"":44004292},{""candidates"":2,""carried_candidates"":0,""ready_merges"":1,""scheduled_parallel"":true,""wall_ns"":44597500}]"
1,0,on,einstein,warmup,0,1864.0,1864613000,True,1,1,46c028647bca1b06d0b00f9fd514b7418d6d92b6e0deb01dc08f4fb8700bbcbf,931a6adafa69c2c3efba71b735ec3915b3effd95774d09d05feee49f998cfeb7,38866fc742bcd9cd40b5f06f8c63458b9b298d2fdc6244621cc41a5f1b3a58d2,364bfc2d36c2ff642b9fff5a07f4255ea44b1f7113580ff0ae4d3c4f2341909a,1baf58e2aa7a63720a6815f59f0ddb0deb6b48a6b65180da031a8d6b90e425c0,True,5831375,774143125,1037846333,45269375,1863557875,467667,"[{""candidates"":120,""carried_candidates"":0,""ready_merges"":60,""scheduled_parallel"":true,""wall_ns"":443199292},{""candidates"":60,""carried_candidates"":0,""ready_merges"":30,""scheduled_parallel"":true,""wall_ns"":238891459},{""candidates"":30,""carried_candidates"":0,""ready_merges"":15,""scheduled_parallel"":true,""wall_ns"":119817209},{""candidates"":15,""carried_candidates"":1,""ready_merges"":7,""scheduled_parallel"":true,""wall_ns"":95672750},{""candidates"":8,""carried_candidates"":0,""ready_merges"":4,""scheduled_parallel"":true,""wall_ns"":50387292},{""candidates"":4,""carried_candidates"":0,""ready_merges"":2,""scheduled_parallel"":true,""wall_ns"":45377833},{""candidates"":2,""carried_candidates"":0,""ready_merges"":1,""scheduled_parallel"":true,""wall_ns"":44497125}]"
1,0,on,turing,measured,0,1961.6,1962251500,True,3,3,46c028647bca1b06d0b00f9fd514b7418d6d92b6e0deb01dc08f4fb8700bbcbf,931a6adafa69c2c3efba71b735ec3915b3effd95774d09d05feee49f998cfeb7,38866fc742bcd9cd40b5f06f8c63458b9b298d2fdc6244621cc41a5f1b3a58d2,3f9a9e02329066a82f9e064ecda6419184087f18c1efc3dc04e7230d07b2353d,6a966a63185331f4e28c9530c15b61a94bdc29e795b2631880162fcb0245ff21,True,5517125,810299209,1100766500,44254792,1961330584,492958,"[{""candidates"":120,""carried_candidates"":0,""ready_merges"":60,""scheduled_parallel"":true,""wall_ns"":475613333},{""candidates"":60,""carried_candidates"":0,""ready_merges"":30,""scheduled_parallel"":true,""wall_ns"":255428708},{""candidates"":30,""carried_candidates"":0,""ready_merges"":15,""scheduled_parallel"":true,""wall_ns"":130420625},{""candidates"":15,""carried_candidates"":1,""ready_merges"":7,""scheduled_parallel"":true,""wall_ns"":96090750},{""candidates"":8,""carried_candidates"":0,""ready_merges"":4,""scheduled_parallel"":true,""wall_ns"":53161208},{""candidates"":4,""carried_candidates"":0,""ready_merges"":2,""scheduled_parallel"":true,""wall_ns"":45638000},{""candidates"":2,""carried_candidates"":0,""ready_merges"":1,""scheduled_parallel"":true,""wall_ns"":44408917}]"
1,0,on,curie,measured,0,2022.5,2023052916,True,2,2,46c028647bca1b06d0b00f9fd514b7418d6d92b6e0deb01dc08f4fb8700bbcbf,931a6adafa69c2c3efba71b735ec3915b3effd95774d09d05feee49f998cfeb7,38866fc742bcd9cd40b5f06f8c63458b9b298d2fdc6244621cc41a5f1b3a58d2,d561f5e7772472b39e5f605a805dca8e7655df12fd12d14ad20efe3cd005c0df,27c70a6cb2a5d95af19b94e9be11aaf92646a69cb065efd5c7c3d1554cb81ef4,True,6209375,841472666,1130180541,43910250,2022246958,474126,"[{""candidates"":120,""carried_candidates"":0,""ready_merges"":60,""scheduled_parallel"":true,""wall_ns"":495258917},{""candidates"":60,""carried_candidates"":0,""ready_merges"":30,""scheduled_parallel"":true,""wall_ns"":255404292},{""candidates"":30,""carried_candidates"":0,""ready_merges"":15,""scheduled_parallel"":true,""wall_ns"":132004291},{""candidates"":15,""carried_candidates"":1,""ready_merges"":7,""scheduled_parallel"":true,""wall_ns"":96441708},{""candidates"":8,""carried_candidates"":0,""ready_merges"":4,""scheduled_parallel"":true,""wall_ns"":60550917},{""candidates"":4,""carried_candidates"":0,""ready_merges"":2,""scheduled_parallel"":true,""wall_ns"":45388125},{""candidates"":2,""carried_candidates"":0,""ready_merges"":1,""scheduled_parallel"":true,""wall_ns"":45128250}]"
1,0,on,einstein,measured,0,1936.0,1936585208,True,1,1,46c028647bca1b06d0b00f9fd514b7418d6d92b6e0deb01dc08f4fb8700bbcbf,931a6adafa69c2c3efba71b735ec3915b3effd95774d09d05feee49f998cfeb7,38866fc742bcd9cd40b5f06f8c63458b9b298d2fdc6244621cc41a5f1b3a58d2,364bfc2d36c2ff642b9fff5a07f4255ea44b1f7113580ff0ae4d3c4f2341909a,1baf58e2aa7a63720a6815f59f0ddb0deb6b48a6b65180da031a8d6b90e425c0,True,6460333,799867625,1082331875,46579375,1935764167,524959,"[{""candidates"":120,""carried_candidates"":0,""ready_merges"":60,""scheduled_parallel"":true,""wall_ns"":454099292},{""candidates"":60,""carried_candidates"":0,""ready_merges"":30,""scheduled_parallel"":true,""wall_ns"":245420750},{""candidates"":30,""carried_candidates"":0,""ready_merges"":15,""scheduled_parallel"":true,""wall_ns"":126153709},{""candidates"":15,""carried_candidates"":1,""ready_merges"":7,""scheduled_parallel"":true,""wall_ns"":96201875},{""candidates"":8,""carried_candidates"":0,""ready_merges"":4,""scheduled_parallel"":true,""wall_ns"":70692584},{""candidates"":4,""carried_candidates"":0,""ready_merges"":2,""scheduled_parallel"":true,""wall_ns"":45756542},{""candidates"":2,""carried_candidates"":0,""ready_merges"":1,""scheduled_parallel"":true,""wall_ns"":44003667}]"
1,0,on,turing,measured,1,1976.3,1976850208,True,3,3,46c028647bca1b06d0b00f9fd514b7418d6d92b6e0deb01dc08f4fb8700bbcbf,931a6adafa69c2c3efba71b735ec3915b3effd95774d09d05feee49f998cfeb7,38866fc742bcd9cd40b5f06f8c63458b9b298d2fdc6244621cc41a5f1b3a58d2,3f9a9e02329066a82f9e064ecda6419184087f18c1efc3dc04e7230d07b2353d,6a966a63185331f4e28c9530c15b61a94bdc29e795b2631880162fcb0245ff21,True,14761083,830157083,1086675167,43926292,1976014959,495334,"[{""candidates"":120,""carried_candidates"":0,""ready_merges"":60,""scheduled_parallel"":true,""wall_ns"":489446333},{""candidates"":60,""carried_candidates"":0,""ready_merges"":30,""scheduled_parallel"":true,""wall_ns"":233207167},{""candidates"":30,""carried_candidates"":0,""ready_merges"":15,""scheduled_parallel"":true,""wall_ns"":129308333},{""candidates"":15,""carried_candidates"":1,""ready_merges"":7,""scheduled_parallel"":true,""wall_ns"":95283791},{""candidates"":8,""carried_candidates"":0,""ready_merges"":4,""scheduled_parallel"":true,""wall_ns"":50592667},{""candidates"":4,""carried_candidates"":0,""ready_merges"":2,""scheduled_parallel"":true,""wall_ns"":44895041},{""candidates"":2,""carried_candidates"":0,""ready_merges"":1,""scheduled_parallel"":true,""wall_ns"":43938292}]"
1,0,on,curie,measured,1,1871.2,1871759458,True,2,2,46c028647bca1b06d0b00f9fd514b7418d6d92b6e0deb01dc08f4fb8700bbcbf,931a6adafa69c2c3efba71b735ec3915b3effd95774d09d05feee49f998cfeb7,38866fc742bcd9cd40b5f06f8c63458b9b298d2fdc6244621cc41a5f1b3a58d2,d561f5e7772472b39e5f605a805dca8e7655df12fd12d14ad20efe3cd005c0df,27c70a6cb2a5d95af19b94e9be11aaf92646a69cb065efd5c7c3d1554cb81ef4,True,7221959,775384292,1044124417,43743459,1870951000,476873,"[{""candidates"":120,""carried_candidates"":0,""ready_merges"":60,""scheduled_parallel"":true,""wall_ns"":432021917},{""candidates"":60,""carried_candidates"":0,""ready_merges"":30,""scheduled_parallel"":true,""wall_ns"":238792583},{""candidates"":30,""carried_candidates"":0,""ready_merges"":15,""scheduled_parallel"":true,""wall_ns"":131115167},{""candidates"":15,""carried_candidates"":1,""ready_merges"":7,""scheduled_parallel"":true,""wall_ns"":94249333},{""candidates"":8,""carried_candidates"":0,""ready_merges"":4,""scheduled_parallel"":true,""wall_ns"":59247708},{""candidates"":4,""carried_candidates"":0,""ready_merges"":2,""scheduled_parallel"":true,""wall_ns"":45019750},{""candidates"":2,""carried_candidates"":0,""ready_merges"":1,""scheduled_parallel"":true,""wall_ns"":43674458}]"
1,0,on,einstein,measured,1,1926.9,1927528833,True,1,1,46c028647bca1b06d0b00f9fd514b7418d6d92b6e0deb01dc08f4fb8700bbcbf,931a6adafa69c2c3efba71b735ec3915b3effd95774d09d05feee49f998cfeb7,38866fc742bcd9cd40b5f06f8c63458b9b298d2fdc6244621cc41a5f1b3a58d2,364bfc2d36c2ff642b9fff5a07f4255ea44b1f7113580ff0ae4d3c4f2341909a,1baf58e2aa7a63720a6815f59f0ddb0deb6b48a6b65180da031a8d6b90e425c0,True,5942875,769346416,1107561375,43391541,1926687000,444793,"[{""candidates"":120,""carried_candidates"":0,""ready_merges"":60,""scheduled_parallel"":true,""wall_ns"":488006667},{""candidates"":60,""carried_candidates"":0,""ready_merges"":30,""scheduled_parallel"":true,""wall_ns"":252519458},{""candidates"":30,""carried_candidates"":0,""ready_merges"":15,""scheduled_parallel"":true,""wall_ns"":131527291},{""candidates"":15,""carried_candidates"":1,""ready_merges"":7,""scheduled_parallel"":true,""wall_ns"":95352750},{""candidates"":8,""carried_candidates"":0,""ready_merges"":4,""scheduled_parallel"":true,""wall_ns"":51689041},{""candidates"":4,""carried_candidates"":0,""ready_merges"":2,""scheduled_parallel"":true,""wall_ns"":44495042},{""candidates"":2,""carried_candidates"":0,""ready_merges"":1,""scheduled_parallel"":true,""wall_ns"":43967625}]"
1,1,off,turing,warmup,0,1946.2,1946738625,True,3,3,46c028647bca1b06d0b00f9fd514b7418d6d92b6e0deb01dc08f4fb8700bbcbf,931a6adafa69c2c3efba71b735ec3915b3effd95774d09d05feee49f998cfeb7,38866fc742bcd9cd40b5f06f8c63458b9b298d2fdc6244621cc41a5f1b3a58d2,3f9a9e02329066a82f9e064ecda6419184087f18c1efc3dc04e7230d07b2353d,55bf85f70ce20260715cd0040a1def4fecfe9dddbfa9acdd5a617d93438e221e,False,,,,,,,
1,1,off,curie,warmup,0,1986.9,1987419792,True,2,2,46c028647bca1b06d0b00f9fd514b7418d6d92b6e0deb01dc08f4fb8700bbcbf,931a6adafa69c2c3efba71b735ec3915b3effd95774d09d05feee49f998cfeb7,38866fc742bcd9cd40b5f06f8c63458b9b298d2fdc6244621cc41a5f1b3a58d2,d561f5e7772472b39e5f605a805dca8e7655df12fd12d14ad20efe3cd005c0df,cbe78e1a07a607181d40234a75e22fc2bd506cdf623024c94644c9aa85361521,False,,,,,,,
1,1,off,einstein,warmup,0,1912.7,1913253792,True,1,1,46c028647bca1b06d0b00f9fd514b7418d6d92b6e0deb01dc08f4fb8700bbcbf,931a6adafa69c2c3efba71b735ec3915b3effd95774d09d05feee49f998cfeb7,38866fc742bcd9cd40b5f06f8c63458b9b298d2fdc6244621cc41a5f1b3a58d2,364bfc2d36c2ff642b9fff5a07f4255ea44b1f7113580ff0ae4d3c4f2341909a,5059569e0bcf395e197c78cb8b47764cb01f8b233e9e3cec6a1284675d617ca7,False,,,,,,,
1,1,off,turing,measured,0,1896.7,1897311583,True,3,3,46c028647bca1b06d0b00f9fd514b7418d6d92b6e0deb01dc08f4fb8700bbcbf,931a6adafa69c2c3efba71b735ec3915b3effd95774d09d05feee49f998cfeb7,38866fc742bcd9cd40b5f06f8c63458b9b298d2fdc6244621cc41a5f1b3a58d2,3f9a9e02329066a82f9e064ecda6419184087f18c1efc3dc04e7230d07b2353d,55bf85f70ce20260715cd0040a1def4fecfe9dddbfa9acdd5a617d93438e221e,False,,,,,,,
1,1,off,curie,measured,0,2021.1,2021729916,True,2,2,46c028647bca1b06d0b00f9fd514b7418d6d92b6e0deb01dc08f4fb8700bbcbf,931a6adafa69c2c3efba71b735ec3915b3effd95774d09d05feee49f998cfeb7,38866fc742bcd9cd40b5f06f8c63458b9b298d2fdc6244621cc41a5f1b3a58d2,d561f5e7772472b39e5f605a805dca8e7655df12fd12d14ad20efe3cd005c0df,cbe78e1a07a607181d40234a75e22fc2bd506cdf623024c94644c9aa85361521,False,,,,,,,
1,1,off,einstein,measured,0,1989.2,1989738333,True,1,1,46c028647bca1b06d0b00f9fd514b7418d6d92b6e0deb01dc08f4fb8700bbcbf,931a6adafa69c2c3efba71b735ec3915b3effd95774d09d05feee49f998cfeb7,38866fc742bcd9cd40b5f06f8c63458b9b298d2fdc6244621cc41a5f1b3a58d2,364bfc2d36c2ff642b9fff5a07f4255ea44b1f7113580ff0ae4d3c4f2341909a,5059569e0bcf395e197c78cb8b47764cb01f8b233e9e3cec6a1284675d617ca7,False,,,,,,,
1,1,off,turing,measured,1,1910.6,1911189291,True,3,3,46c028647bca1b06d0b00f9fd514b7418d6d92b6e0deb01dc08f4fb8700bbcbf,931a6adafa69c2c3efba71b735ec3915b3effd95774d09d05feee49f998cfeb7,38866fc742bcd9cd40b5f06f8c63458b9b298d2fdc6244621cc41a5f1b3a58d2,3f9a9e02329066a82f9e064ecda6419184087f18c1efc3dc04e7230d07b2353d,55bf85f70ce20260715cd0040a1def4fecfe9dddbfa9acdd5a617d93438e221e,False,,,,,,,
1,1,off,curie,measured,1,1863.2,1863688667,True,2,2,46c028647bca1b06d0b00f9fd514b7418d6d92b6e0deb01dc08f4fb8700bbcbf,931a6adafa69c2c3efba71b735ec3915b3effd95774d09d05feee49f998cfeb7,38866fc742bcd9cd40b5f06f8c63458b9b298d2fdc6244621cc41a5f1b3a58d2,d561f5e7772472b39e5f605a805dca8e7655df12fd12d14ad20efe3cd005c0df,cbe78e1a07a607181d40234a75e22fc2bd506cdf623024c94644c9aa85361521,False,,,,,,,
1,1,off,einstein,measured,1,1901.7,1902281625,True,1,1,46c028647bca1b06d0b00f9fd514b7418d6d92b6e0deb01dc08f4fb8700bbcbf,931a6adafa69c2c3efba71b735ec3915b3effd95774d09d05feee49f998cfeb7,38866fc742bcd9cd40b5f06f8c63458b9b298d2fdc6244621cc41a5f1b3a58d2,364bfc2d36c2ff642b9fff5a07f4255ea44b1f7113580ff0ae4d3c4f2341909a,5059569e0bcf395e197c78cb8b47764cb01f8b233e9e3cec6a1284675d617ca7,False,,,,,,,
2,0,off,einstein,warmup,0,2057.5,2057957208,True,1,1,46c028647bca1b06d0b00f9fd514b7418d6d92b6e0deb01dc08f4fb8700bbcbf,931a6adafa69c2c3efba71b735ec3915b3effd95774d09d05feee49f998cfeb7,38866fc742bcd9cd40b5f06f8c63458b9b298d2fdc6244621cc41a5f1b3a58d2,364bfc2d36c2ff642b9fff5a07f4255ea44b1f7113580ff0ae4d3c4f2341909a,62c5f6a137e7acf5faf6669525c5570b80830e4de3a84d352c04ba2b3c8a19d7,False,,,,,,,
2,0,off,curie,warmup,0,1889.0,1889511458,True,2,2,46c028647bca1b06d0b00f9fd514b7418d6d92b6e0deb01dc08f4fb8700bbcbf,931a6adafa69c2c3efba71b735ec3915b3effd95774d09d05feee49f998cfeb7,38866fc742bcd9cd40b5f06f8c63458b9b298d2fdc6244621cc41a5f1b3a58d2,d561f5e7772472b39e5f605a805dca8e7655df12fd12d14ad20efe3cd005c0df,4a6544240c4afb8a287eab74299349158803a9296c5a89f26465a18f15e1f5b8,False,,,,,,,
2,0,off,turing,warmup,0,1919.5,1919986250,True,3,3,46c028647bca1b06d0b00f9fd514b7418d6d92b6e0deb01dc08f4fb8700bbcbf,931a6adafa69c2c3efba71b735ec3915b3effd95774d09d05feee49f998cfeb7,38866fc742bcd9cd40b5f06f8c63458b9b298d2fdc6244621cc41a5f1b3a58d2,3f9a9e02329066a82f9e064ecda6419184087f18c1efc3dc04e7230d07b2353d,21ee045d297cc5f84a205a71ed6ba3cd48219e33cbdcc028782ad8f3272ec6cb,False,,,,,,,
2,0,off,einstein,measured,0,1854.9,1855528667,True,1,1,46c028647bca1b06d0b00f9fd514b7418d6d92b6e0deb01dc08f4fb8700bbcbf,931a6adafa69c2c3efba71b735ec3915b3effd95774d09d05feee49f998cfeb7,38866fc742bcd9cd40b5f06f8c63458b9b298d2fdc6244621cc41a5f1b3a58d2,364bfc2d36c2ff642b9fff5a07f4255ea44b1f7113580ff0ae4d3c4f2341909a,62c5f6a137e7acf5faf6669525c5570b80830e4de3a84d352c04ba2b3c8a19d7,False,,,,,,,
2,0,off,curie,measured,0,1955.0,1955531375,True,2,2,46c028647bca1b06d0b00f9fd514b7418d6d92b6e0deb01dc08f4fb8700bbcbf,931a6adafa69c2c3efba71b735ec3915b3effd95774d09d05feee49f998cfeb7,38866fc742bcd9cd40b5f06f8c63458b9b298d2fdc6244621cc41a5f1b3a58d2,d561f5e7772472b39e5f605a805dca8e7655df12fd12d14ad20efe3cd005c0df,4a6544240c4afb8a287eab74299349158803a9296c5a89f26465a18f15e1f5b8,False,,,,,,,
2,0,off,turing,measured,0,1956.1,1956661541,True,3,3,46c028647bca1b06d0b00f9fd514b7418d6d92b6e0deb01dc08f4fb8700bbcbf,931a6adafa69c2c3efba71b735ec3915b3effd95774d09d05feee49f998cfeb7,38866fc742bcd9cd40b5f06f8c63458b9b298d2fdc6244621cc41a5f1b3a58d2,3f9a9e02329066a82f9e064ecda6419184087f18c1efc3dc04e7230d07b2353d,21ee045d297cc5f84a205a71ed6ba3cd48219e33cbdcc028782ad8f3272ec6cb,False,,,,,,,
2,0,off,einstein,measured,1,2004.0,2004454583,True,1,1,46c028647bca1b06d0b00f9fd514b7418d6d92b6e0deb01dc08f4fb8700bbcbf,931a6adafa69c2c3efba71b735ec3915b3effd95774d09d05feee49f998cfeb7,38866fc742bcd9cd40b5f06f8c63458b9b298d2fdc6244621cc41a5f1b3a58d2,364bfc2d36c2ff642b9fff5a07f4255ea44b1f7113580ff0ae4d3c4f2341909a,62c5f6a137e7acf5faf6669525c5570b80830e4de3a84d352c04ba2b3c8a19d7,False,,,,,,,
2,0,off,curie,measured,1,1912.3,1912851042,True,2,2,46c028647bca1b06d0b00f9fd514b7418d6d92b6e0deb01dc08f4fb8700bbcbf,931a6adafa69c2c3efba71b735ec3915b3effd95774d09d05feee49f998cfeb7,38866fc742bcd9cd40b5f06f8c63458b9b298d2fdc6244621cc41a5f1b3a58d2,d561f5e7772472b39e5f605a805dca8e7655df12fd12d14ad20efe3cd005c0df,4a6544240c4afb8a287eab74299349158803a9296c5a89f26465a18f15e1f5b8,False,,,,,,,
2,0,off,turing,measured,1,1957.5,1958052917,True,3,3,46c028647bca1b06d0b00f9fd514b7418d6d92b6e0deb01dc08f4fb8700bbcbf,931a6adafa69c2c3efba71b735ec3915b3effd95774d09d05feee49f998cfeb7,38866fc742bcd9cd40b5f06f8c63458b9b298d2fdc6244621cc41a5f1b3a58d2,3f9a9e02329066a82f9e064ecda6419184087f18c1efc3dc04e7230d07b2353d,21ee045d297cc5f84a205a71ed6ba3cd48219e33cbdcc028782ad8f3272ec6cb,False,,,,,,,
2,1,on,einstein,warmup,0,1928.4,1928932708,True,1,1,46c028647bca1b06d0b00f9fd514b7418d6d92b6e0deb01dc08f4fb8700bbcbf,931a6adafa69c2c3efba71b735ec3915b3effd95774d09d05feee49f998cfeb7,38866fc742bcd9cd40b5f06f8c63458b9b298d2fdc6244621cc41a5f1b3a58d2,364bfc2d36c2ff642b9fff5a07f4255ea44b1f7113580ff0ae4d3c4f2341909a,a2b2e281dedf09163e3be79b4c30da6c610d2b618c9e1b964abf075dba124fbc,True,6693125,784458334,1092113333,44481250,1928186792,440750,"[{""candidates"":120,""carried_candidates"":0,""ready_merges"":60,""scheduled_parallel"":true,""wall_ns"":472230500},{""candidates"":60,""carried_candidates"":0,""ready_merges"":30,""scheduled_parallel"":true,""wall_ns"":244666583},{""candidates"":30,""carried_candidates"":0,""ready_merges"":15,""scheduled_parallel"":true,""wall_ns"":138602208},{""candidates"":15,""carried_candidates"":1,""ready_merges"":7,""scheduled_parallel"":true,""wall_ns"":95063209},{""candidates"":8,""carried_candidates"":0,""ready_merges"":4,""scheduled_parallel"":true,""wall_ns"":51809500},{""candidates"":4,""carried_candidates"":0,""ready_merges"":2,""scheduled_parallel"":true,""wall_ns"":45398333},{""candidates"":2,""carried_candidates"":0,""ready_merges"":1,""scheduled_parallel"":true,""wall_ns"":44340083}]"
2,1,on,curie,warmup,0,2077.9,2078453583,True,2,2,46c028647bca1b06d0b00f9fd514b7418d6d92b6e0deb01dc08f4fb8700bbcbf,931a6adafa69c2c3efba71b735ec3915b3effd95774d09d05feee49f998cfeb7,38866fc742bcd9cd40b5f06f8c63458b9b298d2fdc6244621cc41a5f1b3a58d2,d561f5e7772472b39e5f605a805dca8e7655df12fd12d14ad20efe3cd005c0df,ec0a82b3359da6de648b3dc099c0da1d074f325d4990c7dbb64b34b6093922c1,True,6488042,903775666,1122614834,44202542,2077589625,508541,"[{""candidates"":120,""carried_candidates"":0,""ready_merges"":60,""scheduled_parallel"":true,""wall_ns"":499651625},{""candidates"":60,""carried_candidates"":0,""ready_merges"":30,""scheduled_parallel"":true,""wall_ns"":251281958},{""candidates"":30,""carried_candidates"":0,""ready_merges"":15,""scheduled_parallel"":true,""wall_ns"":134696375},{""candidates"":15,""carried_candidates"":1,""ready_merges"":7,""scheduled_parallel"":true,""wall_ns"":95848917},{""candidates"":8,""carried_candidates"":0,""ready_merges"":4,""scheduled_parallel"":true,""wall_ns"":51314667},{""candidates"":4,""carried_candidates"":0,""ready_merges"":2,""scheduled_parallel"":true,""wall_ns"":45261125},{""candidates"":2,""carried_candidates"":0,""ready_merges"":1,""scheduled_parallel"":true,""wall_ns"":44555458}]"
2,1,on,turing,warmup,0,1885.8,1886392042,True,3,3,46c028647bca1b06d0b00f9fd514b7418d6d92b6e0deb01dc08f4fb8700bbcbf,931a6adafa69c2c3efba71b735ec3915b3effd95774d09d05feee49f998cfeb7,38866fc742bcd9cd40b5f06f8c63458b9b298d2fdc6244621cc41a5f1b3a58d2,3f9a9e02329066a82f9e064ecda6419184087f18c1efc3dc04e7230d07b2353d,3924e3198848867dbd2aef56f8dadbb6de4748ace19f0e9344e7c7e99b394d62,True,6406708,788064833,1046266208,44146625,1885375667,491293,"[{""candidates"":120,""carried_candidates"":0,""ready_merges"":60,""scheduled_parallel"":true,""wall_ns"":442021583},{""candidates"":60,""carried_candidates"":0,""ready_merges"":30,""scheduled_parallel"":true,""wall_ns"":236966250},{""candidates"":30,""carried_candidates"":0,""ready_merges"":15,""scheduled_parallel"":true,""wall_ns"":132839042},{""candidates"":15,""carried_candidates"":1,""ready_merges"":7,""scheduled_parallel"":true,""wall_ns"":94896708},{""candidates"":8,""carried_candidates"":0,""ready_merges"":4,""scheduled_parallel"":true,""wall_ns"":50877833},{""candidates"":4,""carried_candidates"":0,""ready_merges"":2,""scheduled_parallel"":true,""wall_ns"":44612834},{""candidates"":2,""carried_candidates"":0,""ready_merges"":1,""scheduled_parallel"":true,""wall_ns"":44047667}]"
2,1,on,einstein,measured,0,1917.7,1918307541,True,1,1,46c028647bca1b06d0b00f9fd514b7418d6d92b6e0deb01dc08f4fb8700bbcbf,931a6adafa69c2c3efba71b735ec3915b3effd95774d09d05feee49f998cfeb7,38866fc742bcd9cd40b5f06f8c63458b9b298d2fdc6244621cc41a5f1b3a58d2,364bfc2d36c2ff642b9fff5a07f4255ea44b1f7113580ff0ae4d3c4f2341909a,a2b2e281dedf09163e3be79b4c30da6c610d2b618c9e1b964abf075dba124fbc,True,6210584,802737250,1063471792,44517875,1917441250,503749,"[{""candidates"":120,""carried_candidates"":0,""ready_merges"":60,""scheduled_parallel"":true,""wall_ns"":450269000},{""candidates"":60,""carried_candidates"":0,""ready_merges"":30,""scheduled_parallel"":true,""wall_ns"":233287792},{""candidates"":30,""carried_candidates"":0,""ready_merges"":15,""scheduled_parallel"":true,""wall_ns"":129140083},{""candidates"":15,""carried_candidates"":1,""ready_merges"":7,""scheduled_parallel"":true,""wall_ns"":94373750},{""candidates"":8,""carried_candidates"":0,""ready_merges"":4,""scheduled_parallel"":true,""wall_ns"":54575334},{""candidates"":4,""carried_candidates"":0,""ready_merges"":2,""scheduled_parallel"":true,""wall_ns"":58090500},{""candidates"":2,""carried_candidates"":0,""ready_merges"":1,""scheduled_parallel"":true,""wall_ns"":43732083}]"
2,1,on,curie,measured,0,1914.3,1914927375,True,2,2,46c028647bca1b06d0b00f9fd514b7418d6d92b6e0deb01dc08f4fb8700bbcbf,931a6adafa69c2c3efba71b735ec3915b3effd95774d09d05feee49f998cfeb7,38866fc742bcd9cd40b5f06f8c63458b9b298d2fdc6244621cc41a5f1b3a58d2,d561f5e7772472b39e5f605a805dca8e7655df12fd12d14ad20efe3cd005c0df,ec0a82b3359da6de648b3dc099c0da1d074f325d4990c7dbb64b34b6093922c1,True,5696459,762252708,1101871500,43785000,1914039583,433916,"[{""candidates"":120,""carried_candidates"":0,""ready_merges"":60,""scheduled_parallel"":true,""wall_ns"":481180500},{""candidates"":60,""carried_candidates"":0,""ready_merges"":30,""scheduled_parallel"":true,""wall_ns"":250101042},{""candidates"":30,""carried_candidates"":0,""ready_merges"":15,""scheduled_parallel"":true,""wall_ns"":121692625},{""candidates"":15,""carried_candidates"":1,""ready_merges"":7,""scheduled_parallel"":true,""wall_ns"":96208666},{""candidates"":8,""carried_candidates"":0,""ready_merges"":4,""scheduled_parallel"":true,""wall_ns"":62721500},{""candidates"":4,""carried_candidates"":0,""ready_merges"":2,""scheduled_parallel"":true,""wall_ns"":45062125},{""candidates"":2,""carried_candidates"":0,""ready_merges"":1,""scheduled_parallel"":true,""wall_ns"":44901166}]"
2,1,on,turing,measured,0,1918.9,1919498416,True,3,3,46c028647bca1b06d0b00f9fd514b7418d6d92b6e0deb01dc08f4fb8700bbcbf,931a6adafa69c2c3efba71b735ec3915b3effd95774d09d05feee49f998cfeb7,38866fc742bcd9cd40b5f06f8c63458b9b298d2fdc6244621cc41a5f1b3a58d2,3f9a9e02329066a82f9e064ecda6419184087f18c1efc3dc04e7230d07b2353d,3924e3198848867dbd2aef56f8dadbb6de4748ace19f0e9344e7c7e99b394d62,True,6480458,782195500,1085675875,43804375,1918640334,484126,"[{""candidates"":120,""carried_candidates"":0,""ready_merges"":60,""scheduled_parallel"":true,""wall_ns"":462897208},{""candidates"":60,""carried_candidates"":0,""ready_merges"":30,""scheduled_parallel"":true,""wall_ns"":241603833},{""candidates"":30,""carried_candidates"":0,""ready_merges"":15,""scheduled_parallel"":true,""wall_ns"":131299750},{""candidates"":15,""carried_candidates"":1,""ready_merges"":7,""scheduled_parallel"":true,""wall_ns"":96654667},{""candidates"":8,""carried_candidates"":0,""ready_merges"":4,""scheduled_parallel"":true,""wall_ns"":63848292},{""candidates"":4,""carried_candidates"":0,""ready_merges"":2,""scheduled_parallel"":true,""wall_ns"":45331250},{""candidates"":2,""carried_candidates"":0,""ready_merges"":1,""scheduled_parallel"":true,""wall_ns"":44036791}]"
2,1,on,einstein,measured,1,2070.2,2070691708,True,1,1,46c028647bca1b06d0b00f9fd514b7418d6d92b6e0deb01dc08f4fb8700bbcbf,931a6adafa69c2c3efba71b735ec3915b3effd95774d09d05feee49f998cfeb7,38866fc742bcd9cd40b5f06f8c63458b9b298d2fdc6244621cc41a5f1b3a58d2,364bfc2d36c2ff642b9fff5a07f4255ea44b1f7113580ff0ae4d3c4f2341909a,a2b2e281dedf09163e3be79b4c30da6c610d2b618c9e1b964abf075dba124fbc,True,6205833,875040334,1143099833,45081834,2069903375,475541,"[{""candidates"":120,""carried_candidates"":0,""ready_merges"":60,""scheduled_parallel"":true,""wall_ns"":482838042},{""candidates"":60,""carried_candidates"":0,""ready_merges"":30,""scheduled_parallel"":true,""wall_ns"":273551959},{""candidates"":30,""carried_candidates"":0,""ready_merges"":15,""scheduled_parallel"":true,""wall_ns"":148401542},{""candidates"":15,""carried_candidates"":1,""ready_merges"":7,""scheduled_parallel"":true,""wall_ns"":96409208},{""candidates"":8,""carried_candidates"":0,""ready_merges"":4,""scheduled_parallel"":true,""wall_ns"":51645500},{""candidates"":4,""carried_candidates"":0,""ready_merges"":2,""scheduled_parallel"":true,""wall_ns"":45049417},{""candidates"":2,""carried_candidates"":0,""ready_merges"":1,""scheduled_parallel"":true,""wall_ns"":45200666}]"
2,1,on,curie,measured,1,1900.5,1901122583,True,2,2,46c028647bca1b06d0b00f9fd514b7418d6d92b6e0deb01dc08f4fb8700bbcbf,931a6adafa69c2c3efba71b735ec3915b3effd95774d09d05feee49f998cfeb7,38866fc742bcd9cd40b5f06f8c63458b9b298d2fdc6244621cc41a5f1b3a58d2,d561f5e7772472b39e5f605a805dca8e7655df12fd12d14ad20efe3cd005c0df,ec0a82b3359da6de648b3dc099c0da1d074f325d4990c7dbb64b34b6093922c1,True,5804500,781650542,1067949167,44319292,1900246792,523291,"[{""candidates"":120,""carried_candidates"":0,""ready_merges"":60,""scheduled_parallel"":true,""wall_ns"":452368833},{""candidates"":60,""carried_candidates"":0,""ready_merges"":30,""scheduled_parallel"":true,""wall_ns"":250956875},{""candidates"":30,""carried_candidates"":0,""ready_merges"":15,""scheduled_parallel"":true,""wall_ns"":129456833},{""candidates"":15,""carried_candidates"":1,""ready_merges"":7,""scheduled_parallel"":true,""wall_ns"":93572625},{""candidates"":8,""carried_candidates"":0,""ready_merges"":4,""scheduled_parallel"":true,""wall_ns"":51907167},{""candidates"":4,""carried_candidates"":0,""ready_merges"":2,""scheduled_parallel"":true,""wall_ns"":44661084},{""candidates"":2,""carried_candidates"":0,""ready_merges"":1,""scheduled_parallel"":true,""wall_ns"":45021875}]"
2,1,on,turing,measured,1,1929.7,1930287250,True,3,3,46c028647bca1b06d0b00f9fd514b7418d6d92b6e0deb01dc08f4fb8700bbcbf,931a6adafa69c2c3efba71b735ec3915b3effd95774d09d05feee49f998cfeb7,38866fc742bcd9cd40b5f06f8c63458b9b298d2fdc6244621cc41a5f1b3a58d2,3f9a9e02329066a82f9e064ecda6419184087f18c1efc3dc04e7230d07b2353d,3924e3198848867dbd2aef56f8dadbb6de4748ace19f0e9344e7c7e99b394d62,True,5642666,786864125,1083371333,53035292,1929407667,494251,"[{""candidates"":120,""carried_candidates"":0,""ready_merges"":60,""scheduled_parallel"":true,""wall_ns"":465861583},{""candidates"":60,""carried_candidates"":0,""ready_merges"":30,""scheduled_parallel"":true,""wall_ns"":254874500},{""candidates"":30,""carried_candidates"":0,""ready_merges"":15,""scheduled_parallel"":true,""wall_ns"":126431958},{""candidates"":15,""carried_candidates"":1,""ready_merges"":7,""scheduled_parallel"":true,""wall_ns"":95750792},{""candidates"":8,""carried_candidates"":0,""ready_merges"":4,""scheduled_parallel"":true,""wall_ns"":50897584},{""candidates"":4,""carried_candidates"":0,""ready_merges"":2,""scheduled_parallel"":true,""wall_ns"":44504250},{""candidates"":2,""carried_candidates"":0,""ready_merges"":1,""scheduled_parallel"":true,""wall_ns"":45047000}]"
3,0,on,turing,warmup,0,1877.1,1877695416,True,3,3,46c028647bca1b06d0b00f9fd514b7418d6d92b6e0deb01dc08f4fb8700bbcbf,931a6adafa69c2c3efba71b735ec3915b3effd95774d09d05feee49f998cfeb7,38866fc742bcd9cd40b5f06f8c63458b9b298d2fdc6244621cc41a5f1b3a58d2,3f9a9e02329066a82f9e064ecda6419184087f18c1efc3dc04e7230d07b2353d,1b26db57f31b3379081002294c4acea1876f5b22238e3bd4920c8dd0c1dc92ba,True,7660834,764977625,1059550291,44114084,1876803250,500416,"[{""candidates"":120,""carried_candidates"":0,""ready_merges"":60,""scheduled_parallel"":true,""wall_ns"":446071917},{""candidates"":60,""carried_candidates"":0,""ready_merges"":30,""scheduled_parallel"":true,""wall_ns"":247174500},{""candidates"":30,""carried_candidates"":0,""ready_merges"":15,""scheduled_parallel"":true,""wall_ns"":131585042},{""candidates"":15,""carried_candidates"":1,""ready_merges"":7,""scheduled_parallel"":true,""wall_ns"":94610459},{""candidates"":8,""carried_candidates"":0,""ready_merges"":4,""scheduled_parallel"":true,""wall_ns"":50609375},{""candidates"":4,""carried_candidates"":0,""ready_merges"":2,""scheduled_parallel"":true,""wall_ns"":45261417},{""candidates"":2,""carried_candidates"":0,""ready_merges"":1,""scheduled_parallel"":true,""wall_ns"":44230958}]"
3,0,on,curie,warmup,0,1967.4,1967933000,True,2,2,46c028647bca1b06d0b00f9fd514b7418d6d92b6e0deb01dc08f4fb8700bbcbf,931a6adafa69c2c3efba71b735ec3915b3effd95774d09d05feee49f998cfeb7,38866fc742bcd9cd40b5f06f8c63458b9b298d2fdc6244621cc41a5f1b3a58d2,d561f5e7772472b39e5f605a805dca8e7655df12fd12d14ad20efe3cd005c0df,0b026b3a5073a3b222d1301ce98b39d5fc2e38cb73500c195d869ec002ada036,True,6151708,826508834,1090312709,43531208,1966987750,483291,"[{""candidates"":120,""carried_candidates"":0,""ready_merges"":60,""scheduled_parallel"":true,""wall_ns"":465275250},{""candidates"":60,""carried_candidates"":0,""ready_merges"":30,""scheduled_parallel"":true,""wall_ns"":242518000},{""candidates"":30,""carried_candidates"":0,""ready_merges"":15,""scheduled_parallel"":true,""wall_ns"":134049500},{""candidates"":15,""carried_candidates"":1,""ready_merges"":7,""scheduled_parallel"":true,""wall_ns"":95782458},{""candidates"":8,""carried_candidates"":0,""ready_merges"":4,""scheduled_parallel"":true,""wall_ns"":62512542},{""candidates"":4,""carried_candidates"":0,""ready_merges"":2,""scheduled_parallel"":true,""wall_ns"":45728417},{""candidates"":2,""carried_candidates"":0,""ready_merges"":1,""scheduled_parallel"":true,""wall_ns"":44442375}]"
3,0,on,einstein,warmup,0,1977.9,1978428000,True,1,1,46c028647bca1b06d0b00f9fd514b7418d6d92b6e0deb01dc08f4fb8700bbcbf,931a6adafa69c2c3efba71b735ec3915b3effd95774d09d05feee49f998cfeb7,38866fc742bcd9cd40b5f06f8c63458b9b298d2fdc6244621cc41a5f1b3a58d2,364bfc2d36c2ff642b9fff5a07f4255ea44b1f7113580ff0ae4d3c4f2341909a,a9a91d45d9574294fe5d418a29e073d03e916437e81fd3541235a5fe411971fc,True,6256667,837426750,1089812625,43625541,1977601375,479792,"[{""candidates"":120,""carried_candidates"":0,""ready_merges"":60,""scheduled_parallel"":true,""wall_ns"":465653542},{""candidates"":60,""carried_candidates"":0,""ready_merges"":30,""scheduled_parallel"":true,""wall_ns"":258483458},{""candidates"":30,""carried_candidates"":0,""ready_merges"":15,""scheduled_parallel"":true,""wall_ns"":120399375},{""candidates"":15,""carried_candidates"":1,""ready_merges"":7,""scheduled_parallel"":true,""wall_ns"":95028792},{""candidates"":8,""carried_candidates"":0,""ready_merges"":4,""scheduled_parallel"":true,""wall_ns"":61328416},{""candidates"":4,""carried_candidates"":0,""ready_merges"":2,""scheduled_parallel"":true,""wall_ns"":45216709},{""candidates"":2,""carried_candidates"":0,""ready_merges"":1,""scheduled_parallel"":true,""wall_ns"":43698500}]"
3,0,on,turing,measured,0,2012.6,2013207500,True,3,3,46c028647bca1b06d0b00f9fd514b7418d6d92b6e0deb01dc08f4fb8700bbcbf,931a6adafa69c2c3efba71b735ec3915b3effd95774d09d05feee49f998cfeb7,38866fc742bcd9cd40b5f06f8c63458b9b298d2fdc6244621cc41a5f1b3a58d2,3f9a9e02329066a82f9e064ecda6419184087f18c1efc3dc04e7230d07b2353d,1b26db57f31b3379081002294c4acea1876f5b22238e3bd4920c8dd0c1dc92ba,True,6446708,833827625,1127513458,44007583,2012312458,517084,"[{""candidates"":120,""carried_candidates"":0,""ready_merges"":60,""scheduled_parallel"":true,""wall_ns"":471211292},{""candidates"":60,""carried_candidates"":0,""ready_merges"":30,""scheduled_parallel"":true,""wall_ns"":262861834},{""candidates"":30,""carried_candidates"":0,""ready_merges"":15,""scheduled_parallel"":true,""wall_ns"":142806500},{""candidates"":15,""carried_candidates"":1,""ready_merges"":7,""scheduled_parallel"":true,""wall_ns"":96750334},{""candidates"":8,""carried_candidates"":0,""ready_merges"":4,""scheduled_parallel"":true,""wall_ns"":64472584},{""candidates"":4,""carried_candidates"":0,""ready_merges"":2,""scheduled_parallel"":true,""wall_ns"":45486083},{""candidates"":2,""carried_candidates"":0,""ready_merges"":1,""scheduled_parallel"":true,""wall_ns"":43922083}]"
3,0,on,curie,measured,0,2013.4,2014021750,True,2,2,46c028647bca1b06d0b00f9fd514b7418d6d92b6e0deb01dc08f4fb8700bbcbf,931a6adafa69c2c3efba71b735ec3915b3effd95774d09d05feee49f998cfeb7,38866fc742bcd9cd40b5f06f8c63458b9b298d2fdc6244621cc41a5f1b3a58d2,d561f5e7772472b39e5f605a805dca8e7655df12fd12d14ad20efe3cd005c0df,0b026b3a5073a3b222d1301ce98b39d5fc2e38cb73500c195d869ec002ada036,True,6547875,843233583,1118267916,44565583,2013078417,463460,"[{""candidates"":120,""carried_candidates"":0,""ready_merges"":60,""scheduled_parallel"":true,""wall_ns"":481233958},{""candidates"":60,""carried_candidates"":0,""ready_merges"":30,""scheduled_parallel"":true,""wall_ns"":248074000},{""candidates"":30,""carried_candidates"":0,""ready_merges"":15,""scheduled_parallel"":true,""wall_ns"":139719416},{""candidates"":15,""carried_candidates"":1,""ready_merges"":7,""scheduled_parallel"":true,""wall_ns"":96017542},{""candidates"":8,""carried_candidates"":0,""ready_merges"":4,""scheduled_parallel"":true,""wall_ns"":62956958},{""candidates"":4,""carried_candidates"":0,""ready_merges"":2,""scheduled_parallel"":true,""wall_ns"":45248708},{""candidates"":2,""carried_candidates"":0,""ready_merges"":1,""scheduled_parallel"":true,""wall_ns"":45014541}]"
3,0,on,einstein,measured,0,1902.0,1902599000,True,1,1,46c028647bca1b06d0b00f9fd514b7418d6d92b6e0deb01dc08f4fb8700bbcbf,931a6adafa69c2c3efba71b735ec3915b3effd95774d09d05feee49f998cfeb7,38866fc742bcd9cd40b5f06f8c63458b9b298d2fdc6244621cc41a5f1b3a58d2,364bfc2d36c2ff642b9fff5a07f4255ea44b1f7113580ff0ae4d3c4f2341909a,a9a91d45d9574294fe5d418a29e073d03e916437e81fd3541235a5fe411971fc,True,6521916,795012542,1054495458,45208375,1901718458,480167,"[{""candidates"":120,""carried_candidates"":0,""ready_merges"":60,""scheduled_parallel"":true,""wall_ns"":446507625},{""candidates"":60,""carried_candidates"":0,""ready_merges"":30,""scheduled_parallel"":true,""wall_ns"":241674916},{""candidates"":30,""carried_candidates"":0,""ready_merges"":15,""scheduled_parallel"":true,""wall_ns"":129013667},{""candidates"":15,""carried_candidates"":1,""ready_merges"":7,""scheduled_parallel"":true,""wall_ns"":95743750},{""candidates"":8,""carried_candidates"":0,""ready_merges"":4,""scheduled_parallel"":true,""wall_ns"":52393792},{""candidates"":4,""carried_candidates"":0,""ready_merges"":2,""scheduled_parallel"":true,""wall_ns"":45006792},{""candidates"":2,""carried_candidates"":0,""ready_merges"":1,""scheduled_parallel"":true,""wall_ns"":44152083}]"
3,0,on,turing,measured,1,2034.9,2035616791,True,3,3,46c028647bca1b06d0b00f9fd514b7418d6d92b6e0deb01dc08f4fb8700bbcbf,931a6adafa69c2c3efba71b735ec3915b3effd95774d09d05feee49f998cfeb7,38866fc742bcd9cd40b5f06f8c63458b9b298d2fdc6244621cc41a5f1b3a58d2,3f9a9e02329066a82f9e064ecda6419184087f18c1efc3dc04e7230d07b2353d,1b26db57f31b3379081002294c4acea1876f5b22238e3bd4920c8dd0c1dc92ba,True,6542083,836789583,1146650292,44211958,2034683958,490042,"[{""candidates"":120,""carried_candidates"":0,""ready_merges"":60,""scheduled_parallel"":true,""wall_ns"":473066167},{""candidates"":60,""carried_candidates"":0,""ready_merges"":30,""scheduled_parallel"":true,""wall_ns"":254047083},{""candidates"":30,""carried_candidates"":0,""ready_merges"":15,""scheduled_parallel"":true,""wall_ns"":142503750},{""candidates"":15,""carried_candidates"":1,""ready_merges"":7,""scheduled_parallel"":true,""wall_ns"":97488209},{""candidates"":8,""carried_candidates"":0,""ready_merges"":4,""scheduled_parallel"":true,""wall_ns"":68185542},{""candidates"":4,""carried_candidates"":0,""ready_merges"":2,""scheduled_parallel"":true,""wall_ns"":65748333},{""candidates"":2,""carried_candidates"":0,""ready_merges"":1,""scheduled_parallel"":true,""wall_ns"":45607000}]"
3,0,on,curie,measured,1,2101.6,2102209166,True,2,2,46c028647bca1b06d0b00f9fd514b7418d6d92b6e0deb01dc08f4fb8700bbcbf,931a6adafa69c2c3efba71b735ec3915b3effd95774d09d05feee49f998cfeb7,38866fc742bcd9cd40b5f06f8c63458b9b298d2fdc6244621cc41a5f1b3a58d2,d561f5e7772472b39e5f605a805dca8e7655df12fd12d14ad20efe3cd005c0df,0b026b3a5073a3b222d1301ce98b39d5fc2e38cb73500c195d869ec002ada036,True,6803041,950995375,1097876208,45159875,2101341625,507126,"[{""candidates"":120,""carried_candidates"":0,""ready_merges"":60,""scheduled_parallel"":true,""wall_ns"":480672917},{""candidates"":60,""carried_candidates"":0,""ready_merges"":30,""scheduled_parallel"":true,""wall_ns"":244403459},{""candidates"":30,""carried_candidates"":0,""ready_merges"":15,""scheduled_parallel"":true,""wall_ns"":136025584},{""candidates"":15,""carried_candidates"":1,""ready_merges"":7,""scheduled_parallel"":true,""wall_ns"":96704125},{""candidates"":8,""carried_candidates"":0,""ready_merges"":4,""scheduled_parallel"":true,""wall_ns"":50397875},{""candidates"":4,""carried_candidates"":0,""ready_merges"":2,""scheduled_parallel"":true,""wall_ns"":45334125},{""candidates"":2,""carried_candidates"":0,""ready_merges"":1,""scheduled_parallel"":true,""wall_ns"":44334458}]"
3,0,on,einstein,measured,1,1891.8,1892261833,True,1,1,46c028647bca1b06d0b00f9fd514b7418d6d92b6e0deb01dc08f4fb8700bbcbf,931a6adafa69c2c3efba71b735ec3915b3effd95774d09d05feee49f998cfeb7,38866fc742bcd9cd40b5f06f8c63458b9b298d2fdc6244621cc41a5f1b3a58d2,364bfc2d36c2ff642b9fff5a07f4255ea44b1f7113580ff0ae4d3c4f2341909a,a9a91d45d9574294fe5d418a29e073d03e916437e81fd3541235a5fe411971fc,True,6129875,778922583,1061735458,44221541,1891498625,489168,"[{""candidates"":120,""carried_candidates"":0,""ready_merges"":60,""scheduled_parallel"":true,""wall_ns"":443462750},{""candidates"":60,""carried_candidates"":0,""ready_merges"":30,""scheduled_parallel"":true,""wall_ns"":247763125},{""candidates"":30,""carried_candidates"":0,""ready_merges"":15,""scheduled_parallel"":true,""wall_ns"":134011792},{""candidates"":15,""carried_candidates"":1,""ready_merges"":7,""scheduled_parallel"":true,""wall_ns"":95118750},{""candidates"":8,""carried_candidates"":0,""ready_merges"":4,""scheduled_parallel"":true,""wall_ns"":53361167},{""candidates"":4,""carried_candidates"":0,""ready_merges"":2,""scheduled_parallel"":true,""wall_ns"":44318250},{""candidates"":2,""carried_candidates"":0,""ready_merges"":1,""scheduled_parallel"":true,""wall_ns"":43696583}]"
3,1,off,turing,warmup,0,1885.2,1885595542,True,3,3,46c028647bca1b06d0b00f9fd514b7418d6d92b6e0deb01dc08f4fb8700bbcbf,931a6adafa69c2c3efba71b735ec3915b3effd95774d09d05feee49f998cfeb7,38866fc742bcd9cd40b5f06f8c63458b9b298d2fdc6244621cc41a5f1b3a58d2,3f9a9e02329066a82f9e064ecda6419184087f18c1efc3dc04e7230d07b2353d,2fcc4e9f76090ec38e91e3f2358cbc7960d46143b8163203c08e32d9181faff6,False,,,,,,,
3,1,off,curie,warmup,0,1931.2,1931817542,True,2,2,46c028647bca1b06d0b00f9fd514b7418d6d92b6e0deb01dc08f4fb8700bbcbf,931a6adafa69c2c3efba71b735ec3915b3effd95774d09d05feee49f998cfeb7,38866fc742bcd9cd40b5f06f8c63458b9b298d2fdc6244621cc41a5f1b3a58d2,d561f5e7772472b39e5f605a805dca8e7655df12fd12d14ad20efe3cd005c0df,37298fa729a6ca5a46543b75624f582d4eee056817c33fd4c7b24d37fca8b733,False,,,,,,,
3,1,off,einstein,warmup,0,2014.8,2015328000,True,1,1,46c028647bca1b06d0b00f9fd514b7418d6d92b6e0deb01dc08f4fb8700bbcbf,931a6adafa69c2c3efba71b735ec3915b3effd95774d09d05feee49f998cfeb7,38866fc742bcd9cd40b5f06f8c63458b9b298d2fdc6244621cc41a5f1b3a58d2,364bfc2d36c2ff642b9fff5a07f4255ea44b1f7113580ff0ae4d3c4f2341909a,070c228a077391b66d60296adebb7e025e0e07ea70ef81913c702aa145e0cb12,False,,,,,,,
3,1,off,turing,measured,0,1961.1,1961655041,True,3,3,46c028647bca1b06d0b00f9fd514b7418d6d92b6e0deb01dc08f4fb8700bbcbf,931a6adafa69c2c3efba71b735ec3915b3effd95774d09d05feee49f998cfeb7,38866fc742bcd9cd40b5f06f8c63458b9b298d2fdc6244621cc41a5f1b3a58d2,3f9a9e02329066a82f9e064ecda6419184087f18c1efc3dc04e7230d07b2353d,2fcc4e9f76090ec38e91e3f2358cbc7960d46143b8163203c08e32d9181faff6,False,,,,,,,
3,1,off,curie,measured,0,1927.1,1927631458,True,2,2,46c028647bca1b06d0b00f9fd514b7418d6d92b6e0deb01dc08f4fb8700bbcbf,931a6adafa69c2c3efba71b735ec3915b3effd95774d09d05feee49f998cfeb7,38866fc742bcd9cd40b5f06f8c63458b9b298d2fdc6244621cc41a5f1b3a58d2,d561f5e7772472b39e5f605a805dca8e7655df12fd12d14ad20efe3cd005c0df,37298fa729a6ca5a46543b75624f582d4eee056817c33fd4c7b24d37fca8b733,False,,,,,,,
3,1,off,einstein,measured,0,2071.4,2071984666,True,1,1,46c028647bca1b06d0b00f9fd514b7418d6d92b6e0deb01dc08f4fb8700bbcbf,931a6adafa69c2c3efba71b735ec3915b3effd95774d09d05feee49f998cfeb7,38866fc742bcd9cd40b5f06f8c63458b9b298d2fdc6244621cc41a5f1b3a58d2,364bfc2d36c2ff642b9fff5a07f4255ea44b1f7113580ff0ae4d3c4f2341909a,070c228a077391b66d60296adebb7e025e0e07ea70ef81913c702aa145e0cb12,False,,,,,,,
3,1,off,turing,measured,1,1740.8,1741423750,True,3,3,46c028647bca1b06d0b00f9fd514b7418d6d92b6e0deb01dc08f4fb8700bbcbf,931a6adafa69c2c3efba71b735ec3915b3effd95774d09d05feee49f998cfeb7,38866fc742bcd9cd40b5f06f8c63458b9b298d2fdc6244621cc41a5f1b3a58d2,3f9a9e02329066a82f9e064ecda6419184087f18c1efc3dc04e7230d07b2353d,2fcc4e9f76090ec38e91e3f2358cbc7960d46143b8163203c08e32d9181faff6,False,,,,,,,
3,1,off,curie,measured,1,1724.0,1724539833,True,2,2,46c028647bca1b06d0b00f9fd514b7418d6d92b6e0deb01dc08f4fb8700bbcbf,931a6adafa69c2c3efba71b735ec3915b3effd95774d09d05feee49f998cfeb7,38866fc742bcd9cd40b5f06f8c63458b9b298d2fdc6244621cc41a5f1b3a58d2,d561f5e7772472b39e5f605a805dca8e7655df12fd12d14ad20efe3cd005c0df,37298fa729a6ca5a46543b75624f582d4eee056817c33fd4c7b24d37fca8b733,False,,,,,,,
3,1,off,einstein,measured,1,1722.7,1723188125,True,1,1,46c028647bca1b06d0b00f9fd514b7418d6d92b6e0deb01dc08f4fb8700bbcbf,931a6adafa69c2c3efba71b735ec3915b3effd95774d09d05feee49f998cfeb7,38866fc742bcd9cd40b5f06f8c63458b9b298d2fdc6244621cc41a5f1b3a58d2,364bfc2d36c2ff642b9fff5a07f4255ea44b1f7113580ff0ae4d3c4f2341909a,070c228a077391b66d60296adebb7e025e0e07ea70ef81913c702aa145e0cb12,False,,,,,,,
