sequence,suite,probe_index,probe_name,cohort,repetition,clear_min_score,clear_argmin_index,clear_argmin_name,clear_match_count,expected_authorized,actual_authorized,discrepancy,error,encrypt_wall_ms,encrypt_reported_ms,probe_ciphertext_bytes,probe_ciphertext_sha256,http_wall_ms,server_reported_ms,pbs,comparator_status,result_ciphertext_bytes,result_ciphertext_sha256,decrypt_wall_ms,decrypt_reported_ms
0,historical_frontier,265,1236,tuning_impostor,0,2,17,1012,1,True,True,False,,12.793,0.55,32800,f7f3e45361b3deb2a91017986138b973c83963413e417bbdff11e95bf882313c,1260.05,1258.5,400,experimental-periodic-fold-3pbs,16424,f51a29a8758a3e4932cfaa18118fd049a3dd421f9d37714b231288821745dd67,6.206,0.0
1,historical_frontier,265,1236,tuning_impostor,1,2,17,1012,1,True,True,False,,6.723,0.48,32800,9c11f8d07f057b267f888824e0db2f6493f46399be5659cf6565a19b0da0b40b,759.746,758.7,400,experimental-periodic-fold-3pbs,16424,802f6599a8d31a7e58a0cbaac7c4cd8f3e08b1ca9fc2ca1d68ee61972f693c5e,6.262,0.0
2,historical_frontier,265,1236,tuning_impostor,2,2,17,1012,1,True,True,False,,6.069,0.47,32800,b273560c0109161ac0757e0395ab4f34d39810f64d46f7d1bb6c14ea48e470bf,612.645,612.0,400,experimental-periodic-fold-3pbs,16424,d2900c44bf520ffb6313b48b10a5a481f7c618f4bad1ba031ca3b383fb02a3e1,5.58,0.0
3,historical_frontier,265,1236,tuning_impostor,3,2,17,1012,1,True,True,False,,6.031,0.41,32800,9f7cfd5c76f26dc1832cdbbcfa1f69932811a1d4bf9d1793a37cfe2245a5769e,651.171,650.4,400,experimental-periodic-fold-3pbs,16424,f14c5a8e405bea1a1304014aa1d54a76d8c0bd8f92c0ffe823279acb026ab7b9,7.259,0.0
4,historical_frontier,265,1236,tuning_impostor,4,2,17,1012,1,True,True,False,,6.582,0.5,32800,49d252150cdae7276b890c45b6b9f52d19f02d9bdec92a7b19fa1b6d1e81b7a4,688.629,688.0,400,experimental-periodic-fold-3pbs,16424,a4035afca58f6e8a315e5101d442aae3cdc44fbcbd10bb9b73b2d67f226be3c5,5.78,0.0
5,historical_frontier,265,1236,tuning_impostor,5,2,17,1012,1,True,True,False,,6.486,0.48,32800,01060a77eccb579a12c1898ccc1240b4b01ebf0e8470e46bf35f2561fe772bae,629.07,628.4,400,experimental-periodic-fold-3pbs,16424,beaac3d8002ba586674303b663e576f64932328d88c237783f3254b01ccaceeb,6.011,0.0
6,historical_frontier,265,1236,tuning_impostor,6,2,17,1012,1,True,True,False,,5.75,0.44,32800,446159979b7469c0e814c6ee083bb8b7dff27605cbe1ae1ff73ed06e939bf1fe,635.543,634.8,400,experimental-periodic-fold-3pbs,16424,bec9ada2970d92fc452161d2cd9ba8e412fb113a734db3661a4642624008ddce,6.7,0.0
7,historical_frontier,265,1236,tuning_impostor,7,2,17,1012,1,True,True,False,,5.665,0.58,32800,6a95c60f640de12a4872d3919699847c11ab295c41c8a51ba50f840bebf351af,799.192,798.4,400,experimental-periodic-fold-3pbs,16424,707de9c344c027a3317254c8c6ab5bf83d8d3aed88b4a22f0041c643f1ac1220,5.501,0.0
8,historical_frontier,265,1236,tuning_impostor,8,2,17,1012,1,True,True,False,,5.934,0.39,32800,c0e73a173063f0e099a238e4ad15eb50f73de210f83167a5466bcad2b6075efc,634.115,633.4,400,experimental-periodic-fold-3pbs,16424,cff7154428937f1b7600da378b581f10a3dec5935dbdfafae17e806849d23c8a,5.208,0.0
9,historical_frontier,265,1236,tuning_impostor,9,2,17,1012,1,True,True,False,,5.872,0.44,32800,9e8f0f0b286782dba0a8f78e1a0ec55480ebcdbbe177436256f3847c6cc91d76,622.839,622.2,400,experimental-periodic-fold-3pbs,16424,66b7d1321faa0dc1daeb53c18b657fff300a556a6654f2b466252281fbe78f8b,4.946,0.0
10,historical_frontier,265,1236,tuning_impostor,10,2,17,1012,1,True,True,False,,6.812,0.49,32800,6d2c3e02c94b5c0b83ecbb7a89e70cb7c71c8ff63a38e5495744ae7e9ee51fcd,636.09,635.5,400,experimental-periodic-fold-3pbs,16424,0f38f35f38f2c6fe13cb76afef91fa2f3e2c18f49eacaefb691b1383866a7ea3,5.135,0.0
11,historical_frontier,265,1236,tuning_impostor,11,2,17,1012,1,True,True,False,,6.089,0.45,32800,61c1fc3ff877cd947e6090441d8780b89a99655cfd9f304fe0a91b4e5dcb25c7,631.819,631.2,400,experimental-periodic-fold-3pbs,16424,43db33660b350e6c0295469289a17aa5f7b5ebb34946ebbb246627dd7786a31a,6.133,0.0
12,historical_frontier,265,1236,tuning_impostor,12,2,17,1012,1,True,True,False,,5.992,0.54,32800,997442f3d214d05410c0d19d5a44dfc73fd2525efff0ce0dc23768a900fe273b,671.507,670.8,400,experimental-periodic-fold-3pbs,16424,d3ddb82965bd337f23b8d214d3f2964c807283b855532d00763dae07db6c0928,5.267,0.0
13,historical_frontier,265,1236,tuning_impostor,13,2,17,1012,1,True,True,False,,5.592,0.46,32800,b6d6a0258fd3e1147a6c6dac3350bfb1811dd6baed95a051b7cee3396b6c40b6,625.795,625.1,400,experimental-periodic-fold-3pbs,16424,6c9c75cd4357e648d77381373f2448bd8d364407c82381c0debb15b995aadebb,5.387,0.0
14,historical_frontier,265,1236,tuning_impostor,14,2,17,1012,1,True,True,False,,5.659,0.47,32800,e61af4a338f0b87ea64bff7fe4ae04f4aa68b9abf7d1e7e063a80bcf14d94d9d,638.602,637.9,400,experimental-periodic-fold-3pbs,16424,10d6c5929d8b9354b70573e398c0d44d4a0fb9486bcdafe2c293fa16ef79893e,5.635,0.0
15,historical_frontier,265,1236,tuning_impostor,15,2,17,1012,1,True,True,False,,6.03,0.52,32800,d89da2f0c5d95891c2174736967be6b91614bca5cb2180e4ff925dc3868d72fa,684.24,683.6,400,experimental-periodic-fold-3pbs,16424,742dd1f3ebccd337dcae725e351bb6ebc33daef38555b10287f91c7462070b37,5.265,0.0
16,historical_frontier,758,1680,primary_test_impostor,0,3,45,1038,1,True,True,False,,5.748,0.49,32800,e04fed28d69b9cf0b7d0a370d502dfae66cfbd2ddccd7cfbba4f8823ba5c6b96,638.513,637.9,400,experimental-periodic-fold-3pbs,16424,1654aa448c72fd73efd0a36d03764de79346103e00b2211b5264c9e181908774,6.049,0.0
17,historical_frontier,758,1680,primary_test_impostor,1,3,45,1038,1,True,True,False,,5.746,0.44,32800,d813ff25b06531ff18f770931e194a449fb15d087f46799b69f82cac2f2e1928,631.799,631.2,400,experimental-periodic-fold-3pbs,16424,cd9bf5702cebb13163790b8bb7ffb943b384371fb43b2e301e5a12a0b362ff93,5.246,0.0
18,historical_frontier,758,1680,primary_test_impostor,2,3,45,1038,1,True,True,False,,5.59,0.51,32800,e1573043d46e7d6f8dea57e85c4ac6cdf4532fcb093bcae4516281bd0b60c2b1,728.6,727.9,400,experimental-periodic-fold-3pbs,16424,248762a56cc56ec2fd7be0f85759a7f71f4628192f1412a27bdd9f0b4f08882f,5.166,0.0
19,historical_frontier,758,1680,primary_test_impostor,3,3,45,1038,1,True,True,False,,8.066,0.49,32800,3ba0a299db8a2b57d4138f4fb21cc710df471e4543ed7dacdb27d3d4bee5ab82,632.277,631.5,400,experimental-periodic-fold-3pbs,16424,5f2959bf0d754889048e87b356df931d78b0a74aa9111ca0edbdeecf30bc83cf,5.367,0.0
20,historical_frontier,758,1680,primary_test_impostor,4,3,45,1038,1,True,True,False,,5.924,0.47,32800,8cebd3defa99fb02163bbd89550952fe2f07bb8427533ecf2eb359dfd1e17aaa,672.166,671.5,400,experimental-periodic-fold-3pbs,16424,06fd317a7ee20762b305a40f423369b5fbb3825a1336a95ed68b49bf6026d71a,6.091,0.0
21,historical_frontier,758,1680,primary_test_impostor,5,3,45,1038,1,True,True,False,,6.559,0.45,32800,9b505a4db4cac0b3128554f7bfe73fe2ca783ec65d232800c7a6fb6f2dfd5fda,667.462,666.8,400,experimental-periodic-fold-3pbs,16424,bb08c3186d33446bb974af49f9d47a94381cf50f7679d8189badf9f0ce89537c,5.587,0.0
22,historical_frontier,758,1680,primary_test_impostor,6,3,45,1038,1,True,True,False,,6.193,0.5,32800,331be0c521840456a0d4bd55195027f66c3f44891ed4e6f61b5ced1805dc35c4,630.929,630.2,400,experimental-periodic-fold-3pbs,16424,69356842ebc584effb802f937facb56d33cd8784b5d91f101698edee027ea00b,5.494,0.0
23,historical_frontier,758,1680,primary_test_impostor,7,3,45,1038,1,True,True,False,,5.432,0.47,32800,e36131ca7e7d9824de80a9c796c2dea097c7872c6d538acb767c71cac68d8467,606.378,605.6,400,experimental-periodic-fold-3pbs,16424,dfada73423b485426460d8c8d046e9ce7fcbc62104600993d53001a19260e0a6,5.3,0.0
24,historical_frontier,758,1680,primary_test_impostor,8,3,45,1038,1,True,True,False,,5.676,0.48,32800,8c0d94f6ad4c25f45e4f7eb6a30e4717e72a73cfddc2adb72b09954614cfe93b,628.797,628.0,400,experimental-periodic-fold-3pbs,16424,15c5ec73b6fa4ab9d3d654aa3c84d69b4b5ca5fb845cbc1fece8bb6470946c9b,4.918,0.0
25,historical_frontier,758,1680,primary_test_impostor,9,3,45,1038,1,True,True,False,,5.907,0.45,32800,2f661529aa7b6594d8ee84dd7aa17200ae9c345bbdf094aba6fe699a58942a4c,801.113,800.4,400,experimental-periodic-fold-3pbs,16424,5230a8e80b54a2aa01302a2e084c15bb53eb2e30d8cf0a294754a74d1545606f,6.21,0.0
26,historical_frontier,758,1680,primary_test_impostor,10,3,45,1038,1,True,True,False,,6.564,0.58,32800,d8f943c202abafb04b48ae9a7a3557e17b96aa21ce89dd2290618273bb2060f8,826.459,825.7,400,experimental-periodic-fold-3pbs,16424,8a0baa8df0abcf76395d3fa854048820f257118f497ac2341ec6cbe8154951aa,5.507,0.0
27,historical_frontier,758,1680,primary_test_impostor,11,3,45,1038,1,True,True,False,,6.103,0.46,32800,6fa9e0ea781092ff078222a9c0ef74da41711c970c91bb5ca15594bbeafd0324,689.768,689.2,400,experimental-periodic-fold-3pbs,16424,9a3b49fdf3d3ec9e46086c6a6fd4eb106983bb73b5c4c7090d170fb6716ec1eb,5.764,0.0
28,historical_frontier,758,1680,primary_test_impostor,12,3,45,1038,1,True,True,False,,5.422,0.46,32800,cde3fa972656576d5a81e5f14bd6805c7a50e945ffc6abad060cafb14d380713,688.888,688.1,400,experimental-periodic-fold-3pbs,16424,3fcb75b13d15a6ce3e740f097344a30fb9ee7110f66c54828f37f0cc24358bde,9.77,0.0
29,historical_frontier,758,1680,primary_test_impostor,13,3,45,1038,1,True,True,False,,7.274,0.54,32800,6263ddbadf85219a7357342898cc64e874048852d5c6083ca46fb782ca5e5f73,755.037,754.3,400,experimental-periodic-fold-3pbs,16424,2de992cfb5b8071e0b86b89a4dffc2f322c8a86679e9c76a5b9e990f7e52d75e,6.555,0.0
30,historical_frontier,758,1680,primary_test_impostor,14,3,45,1038,1,True,True,False,,9.423,0.48,32800,08894468fa7b592fcc972fe518a398e837b8d82e526035c06a9ae773e626053a,639.623,638.8,400,experimental-periodic-fold-3pbs,16424,89fc16d6682a97781e5d9d498144e7737d74c271be21e388c9309754ca01d058,18.652,0.0
31,historical_frontier,758,1680,primary_test_impostor,15,3,45,1038,1,True,True,False,,16.897,0.5,32800,4882a0cebe16a2d39ba1ef363cfcad51e5b25fb23deb5c699f4ee4000c49dcb0,719.736,719.0,400,experimental-periodic-fold-3pbs,16424,7fa87eaf2e0e40fa7472fe5cd8b7377c22ec9b3ab6bb115d44fc5ef478a3efb2,5.626,0.0
32,historical_frontier,211,1188,tuning_impostor,0,4,92,1080,1,True,True,False,,5.17,0.42,32800,4913bc6163eb968a546109dea518fa8b3430e75e6f2dc0d6a3e33dacc0b87d40,655.727,655.0,400,experimental-periodic-fold-3pbs,16424,63900198e298158823962e076d9f35968d6ddc1c028fcf4c33aa11efbce18cad,5.516,0.0
33,historical_frontier,211,1188,tuning_impostor,1,4,92,1080,1,True,True,False,,6.107,0.46,32800,89dabae185092cb8afd805f75191f925c02dda711c89f2168d80e19d54587193,643.463,642.7,400,experimental-periodic-fold-3pbs,16424,144a45aff9d4a96cf61c5aab4ed7b4073a029f41e8919f51fdfab88cae1525d2,5.089,0.0
34,historical_frontier,211,1188,tuning_impostor,2,4,92,1080,1,True,True,False,,5.773,0.46,32800,b5c1888e9a2a5fd1e4d0e68bb64984c201a0843e7ac04ef41089ad3333a31167,694.553,693.9,400,experimental-periodic-fold-3pbs,16424,6dc656656f588556dc0197719ae388708202c3cd788a34cce45b7fea0f69b15b,5.867,0.0
35,historical_frontier,211,1188,tuning_impostor,3,4,92,1080,1,True,True,False,,5.292,0.47,32800,e71be95fdaa6539043abb43cec9ab4390fed716e5a57335c8862269d8b9b3fd6,651.475,650.8,400,experimental-periodic-fold-3pbs,16424,ca099bbf57e63d10866806c928637ef8542fa23772ebba4163b40d27612fd425,5.283,0.0
36,historical_frontier,211,1188,tuning_impostor,4,4,92,1080,1,True,True,False,,5.996,0.49,32800,ff04a552fbea09311f7e5310edfe155510afe079dfc80b1c9bed2052a217ee03,726.992,726.4,400,experimental-periodic-fold-3pbs,16424,47574de165b90704a680ff57910d1614e78094b40fb9fd7521eb468192e9889a,5.249,0.0
37,historical_frontier,211,1188,tuning_impostor,5,4,92,1080,1,True,True,False,,5.069,0.39,32800,c81e4981f84ecf4176512b5643531a1670c459c8245c9e858725051e04691e91,626.286,625.6,400,experimental-periodic-fold-3pbs,16424,e77d7ab30d948e3045f219a8fcd437ae77794c8f60875cffd14f9c7ba4b69aa3,5.36,0.0
38,historical_frontier,211,1188,tuning_impostor,6,4,92,1080,1,True,True,False,,5.838,0.4,32800,52a1077896017bc3e7afdf6c7cd07d2dea3f6e2383c777e896053c6b622b7bbf,641.176,640.6,400,experimental-periodic-fold-3pbs,16424,a75e061256bb2ed5d51c9a678c5af7e95f9a827a9c5ae27f5a4208e31c719a1c,5.151,0.0
39,historical_frontier,211,1188,tuning_impostor,7,4,92,1080,1,True,True,False,,6.279,0.45,32800,bc72cc27e09d92a5a57b5b32affd381468db2439eaf92841dc2e8a2e96590d72,605.463,604.8,400,experimental-periodic-fold-3pbs,16424,e9db488b7c5838ed1451f05c466c15012ec34e5b6cad91c1172de1e095b97ad8,5.448,0.0
40,historical_frontier,211,1188,tuning_impostor,8,4,92,1080,1,True,True,False,,5.408,0.51,32800,65bb33dd53b586730d7939dd59c76c5225a80447144e0bd728a84ff6e21abd94,597.514,596.9,400,experimental-periodic-fold-3pbs,16424,3ca2a3c07743ac9b15073ab9ae02da76de0ca0d478183cbab19f5fb0eebc7d29,5.571,0.0
41,historical_frontier,211,1188,tuning_impostor,9,4,92,1080,1,True,True,False,,5.466,0.45,32800,7124d77505357c0501e99020a6523ca1346e3f9d483d7109679cfaf99ba37b9f,596.768,596.1,400,experimental-periodic-fold-3pbs,16424,dd786cfa9223213d536a75375c373ddc0bb2846eae2c4079cf1b34bccc0fff27,5.285,0.0
42,historical_frontier,211,1188,tuning_impostor,10,4,92,1080,1,True,True,False,,5.378,0.44,32800,eafbfe6c9bdeb21a8f8fa741fbdf91a88677f28c308fd90f14c9022a425605b3,604.946,604.2,400,experimental-periodic-fold-3pbs,16424,587c269e573bea124b0e6da6683e1c2934dc1ac941517168f37627dae6b6ede6,5.934,0.0
43,historical_frontier,211,1188,tuning_impostor,11,4,92,1080,1,True,True,False,,5.421,0.42,32800,7ae8dc36709128ad6b2d9035c2b82ac414c8096835de1d5eb036f71d485e6eec,614.124,613.5,400,experimental-periodic-fold-3pbs,16424,d3d501fa920fbe00b7816caca6b21ce3eceae50f5d1fd25df678013f7a82cb29,5.508,0.0
44,historical_frontier,211,1188,tuning_impostor,12,4,92,1080,1,True,True,False,,5.728,0.49,32800,d2a853a7033434f2bd2401e1623433ce3f50819d4369333f9cec9c87f419c619,620.992,620.3,400,experimental-periodic-fold-3pbs,16424,ee516a5e2da2b46a445981bd1b9fd57eeac46f442930033975b378bffa65bb0a,5.201,0.0
45,historical_frontier,211,1188,tuning_impostor,13,4,92,1080,1,True,True,False,,5.406,0.46,32800,b4ac2f59e831dea7f3d0c052a3e38b3df1aa41743dcbfcf432b4378540e56d3c,640.819,640.1,400,experimental-periodic-fold-3pbs,16424,91acc21c7b9d697284aa775da1a9b27caf20acaf5dcf411ebca79c21464d0b83,5.13,0.0
46,historical_frontier,211,1188,tuning_impostor,14,4,92,1080,1,True,True,False,,5.971,0.47,32800,26f699feb8cee42969261d67358d0af3505e765c7bba86c2b1a29d7dbac6c57f,789.085,788.5,400,experimental-periodic-fold-3pbs,16424,8f346c9fa0af743ec37529c088b2d62a2fece0efee15f4b283999155b29e397c,5.496,0.0
47,historical_frontier,211,1188,tuning_impostor,15,4,92,1080,1,True,True,False,,5.966,0.55,32800,500514206874eb0f345ea8e9eba4ab592e516ce2e06746841cb0187bc60dcbb8,649.541,648.9,400,experimental-periodic-fold-3pbs,16424,3aa7a21a84118a0634e71d1ac283b278b6462fd1f91b75b2b74aad77784233d9,5.532,0.0
48,historical_frontier,1943,948,extended_holdout_non_tuning_impostor,0,5,82,1071,0,False,False,False,,6.353,0.45,32800,52af95cea4bada3f7123cd9afcff921405eb5891c04d2e142d9eacef2919d5f0,644.384,643.7,400,experimental-periodic-fold-3pbs,16424,39273c66f76b2c8c41fc70ab0d0fa38a221855f6319eda016ae1ec3abdbb4686,8.191,0.0
49,historical_frontier,1943,948,extended_holdout_non_tuning_impostor,1,5,82,1071,0,False,False,False,,5.482,0.48,32800,5c56cec76f7db072e78896c566ea4a9716e0d041d00a29585640c8c55f129ec5,690.941,690.2,400,experimental-periodic-fold-3pbs,16424,ef4dd10b39584eb6d423c434266602848130a65a879004e443e45897cc371f89,6.713,0.0
50,historical_frontier,1943,948,extended_holdout_non_tuning_impostor,2,5,82,1071,0,False,False,False,,10.144,0.95,32800,f290f484eef1a0fe6c4becdf77809013015351d9fc05a97a79b2d145fb8cfec5,620.976,619.4,400,experimental-periodic-fold-3pbs,16424,de0b2b4610167ec0a6a182354da7f4946b14dec8e45e86070f26e6df4f01050a,5.129,0.0
51,historical_frontier,1943,948,extended_holdout_non_tuning_impostor,3,5,82,1071,0,False,False,False,,6.106,0.44,32800,76c899b959f375ce87fd6fd1191688d9a977fc8bdc8d32b35e6638e401dc3d79,634.685,633.9,400,experimental-periodic-fold-3pbs,16424,c82c6956ff9b55983377b7493e03224171d07311a2052e62d3228bfa80db10c8,4.929,0.0
52,historical_frontier,1943,948,extended_holdout_non_tuning_impostor,4,5,82,1071,0,False,False,False,,5.694,0.45,32800,eab26dfadc99ccd374e7fab5b1908d1a7962410be26da5d6ab1135c525e4394a,644.078,643.2,400,experimental-periodic-fold-3pbs,16424,c441258c58676febd27fa490988e511c55cfaa204aae9b2b5d138550790848f2,5.755,0.0
53,historical_frontier,1943,948,extended_holdout_non_tuning_impostor,5,5,82,1071,0,False,False,False,,5.787,0.49,32800,28032949e3f8fb6d587015bc3f403cc852adb1cbcf425262754d1b98bef30f17,636.762,636.2,400,experimental-periodic-fold-3pbs,16424,03a7f719db47996606f076db63e884baacbc27b1ed2bcf7a405c3ce1ccf33885,5.666,0.0
54,historical_frontier,1943,948,extended_holdout_non_tuning_impostor,6,5,82,1071,0,False,False,False,,5.453,0.44,32800,4278e680675b323a722935bf6a7ecc7ca82be55597a7f6f9fe15f1181f24eb71,609.636,609.0,400,experimental-periodic-fold-3pbs,16424,bc63bf92f7677f227d4839938166e5b3267b96bbd49f3adf9215c10aacedc281,5.59,0.0
55,historical_frontier,1943,948,extended_holdout_non_tuning_impostor,7,5,82,1071,0,False,False,False,,5.603,0.47,32800,736388ad978285eb583043c579ea55335d8aad3d6ed1b280f88778bdd113220e,657.636,656.9,400,experimental-periodic-fold-3pbs,16424,9a2bc804614bcbb12ee71e6c178f0090c0cfb7888736a98e30f50127bae3d8c6,5.669,0.0
56,historical_frontier,1943,948,extended_holdout_non_tuning_impostor,8,5,82,1071,0,False,False,False,,5.472,0.45,32800,6b28073adac2bc915b835671aab8c424dab1865734c01b6312b8dc01f436983a,647.113,646.5,400,experimental-periodic-fold-3pbs,16424,9120dd3c92b834eb3e09c8bcdcc53cff469641f1b63fc7e052bd501e602f66e6,5.494,0.0
57,historical_frontier,1943,948,extended_holdout_non_tuning_impostor,9,5,82,1071,0,False,False,False,,5.104,0.43,32800,90c9b6e3c23065319560cecde2f2b4e2bffbfbb068191cc7c5e4ea741b278787,607.206,606.6,400,experimental-periodic-fold-3pbs,16424,b2ce47134cef2e65fd7611327283d31146dec948c10f6de62275008d6dd073e1,5.655,0.0
58,historical_frontier,1943,948,extended_holdout_non_tuning_impostor,10,5,82,1071,0,False,False,False,,5.241,0.46,32800,32551af697333a593bbacae922737a400b5e1c7fb52ce29b0e8b85c0de956333,657.802,657.2,400,experimental-periodic-fold-3pbs,16424,492de46ca61057505c28b361ab59e79f0513df3b791d72d603e8273aa5a15372,11.084,0.0
59,historical_frontier,1943,948,extended_holdout_non_tuning_impostor,11,5,82,1071,0,False,False,False,,9.87,0.59,32800,d1eb98bd197a872fb29b32a1d5495d0fda3ddfb63d296b6aa158d7ff2496b3b0,637.314,636.7,400,experimental-periodic-fold-3pbs,16424,6f99eb3c03bca6c5d37f77952ad6a29cfbc4b84c720716157c3d7b5f79f85be2,5.573,0.0
60,historical_frontier,1943,948,extended_holdout_non_tuning_impostor,12,5,82,1071,0,False,False,False,,6.183,0.45,32800,47bebec0b311517eb048e168b4e19e01fcac019afe0470b3a4d0348b5eb5303c,651.356,650.7,400,experimental-periodic-fold-3pbs,16424,8fb54bf985e690a57f30fddbbbaeea0a8173213d677778c3191c017a83934eac,5.577,0.0
61,historical_frontier,1943,948,extended_holdout_non_tuning_impostor,13,5,82,1071,0,False,False,False,,6.026,0.45,32800,569c1faf3ba10df96ea3185b1bf67b7afd5e90e55f531283723cda05b44587d8,620.203,619.5,400,experimental-periodic-fold-3pbs,16424,637ae1655f0ae6cd7eaf94420fd636220a37434aca6774fe1039f7dba4cd709b,5.575,0.0
62,historical_frontier,1943,948,extended_holdout_non_tuning_impostor,14,5,82,1071,0,False,False,False,,6.202,0.48,32800,9aa31525e0911dfca1aac2b177e272dc7d93350f8a95dadd9d1a1923533e9bef,618.583,618.0,400,experimental-periodic-fold-3pbs,16424,6365354928646b5d494cce5ec6d1cbcacb75fcddc4c324305c28c1939b960719,5.811,0.0
63,historical_frontier,1943,948,extended_holdout_non_tuning_impostor,15,5,82,1071,0,False,False,False,,6.024,0.42,32800,9c881e5e01d149858cfecd9985c24968da500b90343a688799b1970306cb8eb9,639.012,638.4,400,experimental-periodic-fold-3pbs,16424,6c7da6a9381bae5cd2552df40079acab8a6505539aab67a4ca69288ab0f3b50a,5.359,0.0
64,historical_frontier,407,1364,tuning_impostor,0,7,81,1070,0,False,False,False,,5.961,0.47,32800,da42065ac195d7c7905076ba754f8f048fba3278f3ebaf817d2af4c550e01793,658.525,657.9,400,experimental-periodic-fold-3pbs,16424,012771ac9257970f60f0d8e6c964cdaa3a2b7d6c8df07b23cc2188fa0c3e6d41,5.728,0.0
65,historical_frontier,407,1364,tuning_impostor,1,7,81,1070,0,False,False,False,,5.482,0.46,32800,2faba463dbe6ff455048ca6c3ac8f296c082988a701d1190148852a3d60c0494,651.568,650.9,400,experimental-periodic-fold-3pbs,16424,3ace024a7aaa3c793eba36ee0500da592e0e0ee271b56c4cac76c58215f1bbaa,5.038,0.0
66,historical_frontier,407,1364,tuning_impostor,2,7,81,1070,0,False,False,False,,6.05,0.55,32800,c47b100e03b929d86d88354c769053d8a3c7a7895410307a22c355c5bf49bb94,621.049,620.3,400,experimental-periodic-fold-3pbs,16424,efce90b74d86ea809ba1854e90a2449cae18d6b02105a91fc015f9b13ba4a02f,5.021,0.0
67,historical_frontier,407,1364,tuning_impostor,3,7,81,1070,0,False,False,False,,6.229,0.49,32800,44d09c84309e54dd38a56a56882db77de17de794d9d13726df038ede2a13da02,629.846,629.1,400,experimental-periodic-fold-3pbs,16424,05a227c24fb7b3a0f951f7228fd8ddc71060537bacf2924654e245812f93fa06,5.554,0.0
68,historical_frontier,407,1364,tuning_impostor,4,7,81,1070,0,False,False,False,,5.839,0.5,32800,582f612265b968be88d4c0229ff43f4d9a3bf7f667ef63013961856c4bedfee1,609.574,608.7,400,experimental-periodic-fold-3pbs,16424,cac6e22bae25a2b74d8ec06d16934f65e36a5c4080cb5c5d9b27e7a2f12883bd,5.335,0.0
69,historical_frontier,407,1364,tuning_impostor,5,7,81,1070,0,False,False,False,,5.479,0.51,32800,fdca48dc2623606c3f40c97d9a50b3458d57527d979417b74f20f6c2f796bd94,599.665,598.9,400,experimental-periodic-fold-3pbs,16424,aeb3e1d49091c758a95c7069c00e8cfb533b28c18377f57cd4964a4309926393,5.735,0.0
70,historical_frontier,407,1364,tuning_impostor,6,7,81,1070,0,False,False,False,,5.567,0.45,32800,09591bb29ff31087c1bc8090cda509b8f07eaff7e5a6be42c74d3573183928c6,604.699,604.0,400,experimental-periodic-fold-3pbs,16424,b951c93d5d8ae1625db466b7b81b0327282353f65f7dd715007ff551e868f2ef,5.563,0.0
71,historical_frontier,407,1364,tuning_impostor,7,7,81,1070,0,False,False,False,,5.414,0.42,32800,940c4bc607db59ee9f4c19a5f4794c5caace82db9e1ca36cf3dec7661d5ddf12,643.286,642.6,400,experimental-periodic-fold-3pbs,16424,0d99f878934e589d893a7389f4591d6043da38a0112e9dd690240c35cac83f59,5.091,0.0
72,historical_frontier,407,1364,tuning_impostor,8,7,81,1070,0,False,False,False,,5.883,0.46,32800,99622c3f1baeeef2ff899badae0790ef24f95b8523fa21f24bb4c71208aacca4,623.797,623.1,400,experimental-periodic-fold-3pbs,16424,dc293cebcb8a9a41c2d4a90c625009d509c59d3baf250551161d7b6949bb664a,5.232,0.0
73,historical_frontier,407,1364,tuning_impostor,9,7,81,1070,0,False,False,False,,5.823,0.46,32800,06fe310a8ba60153c30bc299641c89832eb86914536562d3d869284c184d7db6,601.89,601.3,400,experimental-periodic-fold-3pbs,16424,0b53d0d404343b192f4e225d1565c93ef8190e15e6ccda39dee2bd483d2ce50c,4.58,0.0
74,historical_frontier,407,1364,tuning_impostor,10,7,81,1070,0,False,False,False,,5.469,0.46,32800,b337fbf21f9854de1e0de008b68365fdbfd4381f4b17669ce78767e65664ad5e,668.67,668.0,400,experimental-periodic-fold-3pbs,16424,e993a1f6c75efecb70cc2e71a8500b3eec20e09a465e18c99ec14a6ecd501429,5.537,0.0
75,historical_frontier,407,1364,tuning_impostor,11,7,81,1070,0,False,False,False,,5.717,0.49,32800,4021ee53482cb18ea9087c889f27b410698bc6647eaaadc9f65d88a4c0dac047,625.477,624.9,400,experimental-periodic-fold-3pbs,16424,cb27d347c76ec9f56285246f911d237a7b555326a27af3ea051dc1f6546afb25,5.458,0.0
76,historical_frontier,407,1364,tuning_impostor,12,7,81,1070,0,False,False,False,,5.849,0.45,32800,b2f942055afcb479b527f6ebbc62ec2514514cd1aa2dc4c9c3b5fea71d613484,649.423,648.7,400,experimental-periodic-fold-3pbs,16424,5180bc6ff5fef131019c6c6ca5ca1561eab4037639f32acc691a1a0a8035424a,5.671,0.0
77,historical_frontier,407,1364,tuning_impostor,13,7,81,1070,0,False,False,False,,5.568,0.4,32800,5ce4fee84ba6dcbbff1fe0ec03df21b3363c4629035dac25cd78bdbac38c9ab6,714.681,714.0,400,experimental-periodic-fold-3pbs,16424,ece45161425df4a1314e6eb84f1483e16a903983416add21bd7c778c45866c1c,5.912,0.0
78,historical_frontier,407,1364,tuning_impostor,14,7,81,1070,0,False,False,False,,5.796,0.47,32800,f321076614bce9362f8186b39a3292b92e2dbf13d94f37fe7b7951eba34d8571,728.489,727.7,400,experimental-periodic-fold-3pbs,16424,e2ce6cf83576f5436d08bb0ab15e187e06afd1dfce10a74ba4a915809ab64ffc,7.15,0.0
79,historical_frontier,407,1364,tuning_impostor,15,7,81,1070,0,False,False,False,,6.422,0.53,32800,dd4c435a8b3b011fbee76420b0a55eb8c76717da3f46948ba362feb730acf88f,709.686,709.0,400,experimental-periodic-fold-3pbs,16424,74fc6cbd49decff45bb54cacd3593062c2a6b8fb11304e2a6816cad4a2469109,5.413,0.0
