sequence,suite,probe_index,probe_name,cohort,repetition,clear_min_score,clear_argmin_index,clear_argmin_name,clear_match_count,expected_authorized,expected_index,expected_code,actual_authorized,actual_index,actual_code,actual_name,discrepancy,error,encrypt_wall_ms,encrypt_reported_ms,probe_ciphertext_bytes,probe_ciphertext_sha256,http_wall_ms,server_reported_ms,pbs,varco_contract,output_epoch,output_revision,output_gallery_size,output_lwe_size,result_ciphertext_bytes,result_ciphertext_sha256,decrypt_wall_ms,decrypt_reported_ms
0,targeted_regression,113,11,genuine,0,-242,113,11,1,True,113,114,True,113,114,digiface-113-11,False,,8.609,1.08,32840,6582e95d274fb5a72257396509b4a5d871bed28af99ddac11d7ee6d92e2ceccd,13872.916,13872.2,5128,exact-open-set-id-v2,1788058458744574720,127,127,2049,16464,ad55ce8309a98fb83a8100bac332f10ad338dd91b281dc45ff04c6c1b649b016,6.637,
1,targeted_regression,113,11,genuine,1,-242,113,11,1,True,113,114,True,113,114,digiface-113-11,False,,6.028,0.46,32840,711fda277bfe8810ef9c9e46e238548bc62f5b15099fbf43bd344561eb417131,9364.628,9364.0,5128,exact-open-set-id-v2,1788058458744574720,127,127,2049,16464,618551960b6a5ea60d6b759fcb996d13bf79c7d44388da755ad9135eb40dd873,6.402,
2,targeted_regression,113,11,genuine,2,-242,113,11,1,True,113,114,True,113,114,digiface-113-11,False,,6.073,0.45,32840,50f78cdeea77003a9c2722caa62a9a3ce023f16aad6e661e62c53b0322ae2054,9116.649,9116.0,5128,exact-open-set-id-v2,1788058458744574720,127,127,2049,16464,c74da223e68275fdef74287efd3667799a472455109eb7160190fddc3443e121,6.044,
3,targeted_regression,113,11,genuine,3,-242,113,11,1,True,113,114,True,113,114,digiface-113-11,False,,6.445,0.47,32840,00639ed4416ed06b8846c0643d3eebe860655cd474a8d66a8841d3a5fe0dbe4a,10230.81,10230.1,5128,exact-open-set-id-v2,1788058458744574720,127,127,2049,16464,381e44c7cc74fae2c25d804ced2dd1e9fad1bb858e83204be5c7916137adf127,5.921,
4,targeted_regression,113,11,genuine,4,-242,113,11,1,True,113,114,True,113,114,digiface-113-11,False,,5.221,0.5,32840,e2bbb7aa07e18e719ce93d31a4f0e7f4cae1c71bb4b3d66bb0b98c572b59363b,9811.996,9811.3,5128,exact-open-set-id-v2,1788058458744574720,127,127,2049,16464,f1baf01c719ff022ca3acce0e6045b60d73869793459aa2e4a1d135f03047fe4,6.313,
5,targeted_regression,113,11,genuine,5,-242,113,11,1,True,113,114,True,113,114,digiface-113-11,False,,5.773,0.42,32840,e58b880741c0b0348582241b6e7aa8b10210fc88563d550523deccb83b71c796,10496.425,10495.4,5128,exact-open-set-id-v2,1788058458744574720,127,127,2049,16464,711289a277fc415b2639554d3fdf5f1c876b2d5d290ded3e2180757bfb7426bd,5.533,
6,targeted_regression,113,11,genuine,6,-242,113,11,1,True,113,114,True,113,114,digiface-113-11,False,,5.214,0.44,32840,816cc90bd911e27a733ba2d7eed0ab85db472e042624ec2fe8a31109db751bf8,9763.436,9762.6,5128,exact-open-set-id-v2,1788058458744574720,127,127,2049,16464,8bdb343fc7b57fe08b9683f8737da2f116d6f04d14d13ae524c8a9c028921306,6.615,
7,targeted_regression,113,11,genuine,7,-242,113,11,1,True,113,114,True,113,114,digiface-113-11,False,,12.499,0.51,32840,50d190a2f3983e2cb8a93889a6b94d6983a071b020328f27d5274a261ac24b03,10070.689,10069.7,5128,exact-open-set-id-v2,1788058458744574720,127,127,2049,16464,32fe2491b9f23bf84c697e42d7cf737ead00e8d47e7dc7e0ad0ea0f02d1388ed,5.817,
8,targeted_regression,647,1580,primary_test_impostor,0,216,77,1067,0,False,,0,False,,0,,False,,5.83,0.49,32840,e904e5fe398ebbbb472578023147bd5e70af5aecc6773e266f694ca1c5fe1906,10429.7,10428.9,5128,exact-open-set-id-v2,1788058458744574720,127,127,2049,16464,6848ae3c93f6833c1eebea592a0253de882f0b2e7b994e7c155035df49ff342f,5.553,
9,targeted_regression,647,1580,primary_test_impostor,1,216,77,1067,0,False,,0,False,,0,,False,,6.038,0.5,32840,e9b8a8e18a4ffe6b9a3b8550e311d0eb3e6bebd7801df52ac94f8336b33789e4,12500.382,12499.7,5128,exact-open-set-id-v2,1788058458744574720,127,127,2049,16464,5b5b017d0442c8e5de9be32fa45996b16c47a0a022394ceacc4f16fafcad650a,22.013,
10,targeted_regression,647,1580,primary_test_impostor,2,216,77,1067,0,False,,0,False,,0,,False,,5.994,0.45,32840,26325ad64034d200f8c8de08d11795cf6209ade2afed11f243816a379bd12609,11391.986,11391.2,5128,exact-open-set-id-v2,1788058458744574720,127,127,2049,16464,c8d46a35b916e534fa2d2c39c5e8c879c9d2ba8944fff53eb889eba825bd569f,6.43,
11,targeted_regression,647,1580,primary_test_impostor,3,216,77,1067,0,False,,0,False,,0,,False,,6.328,0.56,32840,7faf82779dba52ffa67baa911173a3f93369cae2c773626801b0773b3d3ac811,11810.205,11809.1,5128,exact-open-set-id-v2,1788058458744574720,127,127,2049,16464,bd2bba0733cc14aac519bc7b91f97e15abd061234771274669d5040ee02a6af6,8.202,
12,targeted_regression,647,1580,primary_test_impostor,4,216,77,1067,0,False,,0,False,,0,,False,,8.921,0.49,32840,1d6cf92850010f5a2c5fe506f3f6e55c5fb2a7b03b27aa0e0be897becd8f506f,13585.66,13584.8,5128,exact-open-set-id-v2,1788058458744574720,127,127,2049,16464,056ff0b6ca96ed9729b2087677af19e54bd804542084dc8037d765fbfeb5a674,7.43,
13,targeted_regression,647,1580,primary_test_impostor,5,216,77,1067,0,False,,0,False,,0,,False,,6.075,0.52,32840,814098168597d7cc2c2b60c6143932953dff0e0e655ddb73e2c5fb521ff28573,12931.717,12930.7,5128,exact-open-set-id-v2,1788058458744574720,127,127,2049,16464,05721aaa5b1829c859dbdc2b4dff5f703c6ce24d15c71e3ad786a00ef9a600c3,15.334,
14,targeted_regression,647,1580,primary_test_impostor,6,216,77,1067,0,False,,0,False,,0,,False,,18.671,0.82,32840,2d81e9787dbfbece73e39a76293ac137615092d305edca1dca81a221564ad46f,14353.464,14351.7,5128,exact-open-set-id-v2,1788058458744574720,127,127,2049,16464,45d4a85bab47e93f3edee221755c46a11c6093f2b091068d867a673aafdf913c,5.795,
15,targeted_regression,647,1580,primary_test_impostor,7,216,77,1067,0,False,,0,False,,0,,False,,5.354,0.41,32840,a3e8ecb5d4f10383f84c38b7ff7e3be16cd7435aae3673ff5ed4d3f8617a4576,10403.686,10402.6,5128,exact-open-set-id-v2,1788058458744574720,127,127,2049,16464,df491876af6f53f9fec61242f071964cc978c3b63153e9b9574d4d88e391d829,6.654,
16,targeted_regression,73,1063,genuine,0,-223,73,1063,1,True,73,74,True,73,74,digiface-73-1063,False,,8.057,0.64,32840,4a9ebffd9951061ec7cd3c3d64b403050399e8187352d7247c58ad6b6a9640d2,15064.911,15063.8,5128,exact-open-set-id-v2,1788058458744574720,127,127,2049,16464,544586f8b938bbd03e6e32c8ed506c100efcaf5aa9baca499427638de7a03844,7.039,
17,targeted_regression,73,1063,genuine,1,-223,73,1063,1,True,73,74,True,73,74,digiface-73-1063,False,,6.992,0.45,32840,6e5b487ac8e3d6a0659ead82b28d47d5030f1ef30e23f72ca2ba2d543745ee1f,13720.249,13718.5,5128,exact-open-set-id-v2,1788058458744574720,127,127,2049,16464,ca36371f6f27a3698758c5c29e3e8747b2650cb3c8c1ffd2ac412746c07772ed,7.605,
18,targeted_regression,73,1063,genuine,2,-223,73,1063,1,True,73,74,True,73,74,digiface-73-1063,False,,7.295,0.56,32840,a002361a77fe5bccfb3183da28ca656d75d759292f98b6dd21ff585360c3dba0,11749.905,11748.6,5128,exact-open-set-id-v2,1788058458744574720,127,127,2049,16464,6b8f4d3879c7cd0beaeb7026b263ea649540f1d4fee0464a91cb6367c5fa2666,5.324,
19,targeted_regression,73,1063,genuine,3,-223,73,1063,1,True,73,74,True,73,74,digiface-73-1063,False,,5.802,0.51,32840,cfd894e4ba9cc930c9e93ede2768fccf1e8bca51e40245d91ac7475939c6a29c,9933.251,9932.6,5128,exact-open-set-id-v2,1788058458744574720,127,127,2049,16464,d5ede96d8bed19cab50b6a4d4781903e69fe335ecd8b3721c14de450abd47e9f,6.699,
20,targeted_regression,73,1063,genuine,4,-223,73,1063,1,True,73,74,True,73,74,digiface-73-1063,False,,6.208,0.64,32840,fc2d2420e3c5b3704aac4ea32865dde6dafbfdf09f47261f7cec9cb4c838a42d,11370.875,11370.1,5128,exact-open-set-id-v2,1788058458744574720,127,127,2049,16464,5b0e6bcff0575af31854b41d6ff9e913cc4fb8b4cfdf760da120311cfdb5970f,5.228,
21,targeted_regression,73,1063,genuine,5,-223,73,1063,1,True,73,74,True,73,74,digiface-73-1063,False,,5.609,0.46,32840,f9fc5d9bee4a37425d20df48d99a79ae958a9ba5a2b2281ffc1bb023331f121e,12170.431,12169.6,5128,exact-open-set-id-v2,1788058458744574720,127,127,2049,16464,94ad5cf7aeb584556bc8c578bc5ed73893a047fb3130607d8bc83633fe13e040,5.608,
22,targeted_regression,73,1063,genuine,6,-223,73,1063,1,True,73,74,True,73,74,digiface-73-1063,False,,5.27,0.46,32840,81054117bb4ccb33b89d12f1423c99b85857bb68a81927b3dbb4e39763704046,11646.94,11646.1,5128,exact-open-set-id-v2,1788058458744574720,127,127,2049,16464,be14fc97c73e91bcd2380471f99a70105a5b9965f6c1b296f02835465ee07bee,6.076,
23,targeted_regression,73,1063,genuine,7,-223,73,1063,1,True,73,74,True,73,74,digiface-73-1063,False,,6.014,0.47,32840,e3f783d7f68abc1f48913b19822653efb73fc029009f08ce291805833a203751,11050.6,11049.3,5128,exact-open-set-id-v2,1788058458744574720,127,127,2049,16464,06d3a90b6f018a0cd0de1446f8446a9db56b0ee0bf8e50981a7e6ce3bc4be6f2,5.827,
