phase,workers,block,position,arm,cycles_per_worker,total_cycles,scratch_bytes,batch_wall_ns,batch_wall_ns_per_total_cycle,median_worker_ns_per_cycle,logical_scratch_constructions,logical_scratch_drops,logical_scratch_resize_calls
warmup,1,,0,fresh,256,256,163967,,,,256,256,256
warmup,1,,1,reuse,256,256,163967,,,,0,0,256
measured,1,0,0,fresh,8192,8192,163967,9840416,1201.22265625,1198.979736328125,8192,8192,8192
measured,1,0,1,reuse,8192,8192,163967,33791,4.1248779296875,1.739501953125,0,0,8192
measured,1,1,0,reuse,8192,8192,163967,25333,3.0924072265625,1.8157958984375,0,0,8192
measured,1,1,1,fresh,8192,8192,163967,8125208,991.8466796875,989.8834228515625,8192,8192,8192
measured,1,2,0,fresh,8192,8192,163967,6827791,833.4705810546875,831.6751708984375,8192,8192,8192
measured,1,2,1,reuse,8192,8192,163967,29375,3.5858154296875,2.629638671875,0,0,8192
measured,1,3,0,reuse,8192,8192,163967,28458,3.473876953125,2.0496826171875,0,0,8192
measured,1,3,1,fresh,8192,8192,163967,6867834,838.358642578125,836.86328125,8192,8192,8192
warmup,16,,0,fresh,256,4096,163967,,,,4096,4096,4096
warmup,16,,1,reuse,256,4096,163967,,,,0,0,4096
measured,16,0,0,fresh,8192,131072,163967,173230000,1321.6400146484375,20994.73065185547,131072,131072,131072
measured,16,0,1,reuse,8192,131072,163967,310541,2.3692398071289062,1.9810791015625,0,0,131072
measured,16,1,0,reuse,8192,131072,163967,294917,2.2500381469726562,2.37274169921875,0,0,131072
measured,16,1,1,fresh,8192,131072,163967,172261708,1314.2525329589844,20711.22235107422,131072,131072,131072
measured,16,2,0,fresh,8192,131072,163967,170712791,1302.4352340698242,20716.55780029297,131072,131072,131072
measured,16,2,1,reuse,8192,131072,163967,305583,2.3314132690429688,2.1209716796875,0,0,131072
measured,16,3,0,reuse,8192,131072,163967,251959,1.9222946166992188,2.0751953125,0,0,131072
measured,16,3,1,fresh,8192,131072,163967,168512208,1285.6461181640625,20350.006103515625,131072,131072,131072
